2017/05/08 01:00:00{2017/05/08 02:00:00{gsshop{07{온바디 아이샘 눈마사지기 (BEMK-001-1)  ★눈건강지킴이★{['생활/건강', '안마용품', '안마기']{25578866{00071125578866{http://image.gsshop.com/image/25/57/25578866_L1.jpg{159,000{http://with.gsshop.com/prd/prd.gs?prdid=25578866
2017/05/08 02:00:00{2017/05/08 03:00:00{gsshop{07{60여년 전통의 국내최초 어묵베이커리~~ 줄서서 먹는 어묵[삼진어묵] 부산어묵 원조!!! 프리미엄 어묵세트{  {25453763{00071125453763{http://image.gsshop.com/image/25/45/25453763_L1.jpg{39,900{http://with.gsshop.com/prd/prd.gs?prdid=25453763
2017/05/08 03:00:00{2017/05/08 03:59:00{gsshop{07{[지엔느홈] 스위트 마이크로 모달침구세트 Q{['가구/인테리어', '침구세트', '이불베개세트', '더블/퀸이불베개세트']{25296741{00071125296741{http://image.gsshop.com/image/25/29/25296741_L1.jpg{159,900{http://with.gsshop.com/prd/prd.gs?prdid=25296741
2017/05/08 03:00:00{2017/05/08 03:59:00{gsshop{07{[지엔느홈] 스위트 마이크로 모달침구세트 K{['가구/인테리어', '침구세트', '이불베개세트', '더블/퀸이불베개세트']{25296837{00071125296837{http://image.gsshop.com/image/25/29/25296837_L1.jpg{179,900{http://with.gsshop.com/prd/prd.gs?prdid=25296837
2017/05/08 03:00:00{2017/05/08 03:59:00{gsshop{07{[지엔느홈] 스위트 마이크로 모달침구세트 SS{['가구/인테리어', '침구세트', '이불베개세트']{25296897{00071125296897{http://image.gsshop.com/image/25/29/25296897_L1.jpg{139,900{http://with.gsshop.com/prd/prd.gs?prdid=25296897
2017/05/08 04:00:00{2017/05/08 04:30:00{gsshop{07{★360도 회전★화장대/주방/욕실/거실/아이방 어디서든 활용 만점★[머든]화장품 정리대 1+1세트 (색조+기초 정리함: 화이트or블랙){  {25351361{00071125351361{http://image.gsshop.com/image/25/35/25351361_L1.jpg{35,820{http://with.gsshop.com/prd/prd.gs?prdid=25351361
2017/05/08 04:00:00{2017/05/08 04:30:00{gsshop{07{★깔끔한 나만의 공간! 머든 화장품 정리대★[머든] 화장품 정리대 1세트 (색조정리함 : 화이트or블랙){  {25351118{00071125351118{http://image.gsshop.com/image/25/35/25351118_L1.jpg{28,800{http://with.gsshop.com/prd/prd.gs?prdid=25351118
2017/05/08 04:30:00{2017/05/08 05:30:00{gsshop{07{[MUEHLMEIER] Real Breast Feel  브라팬티 7세트 3세트{['패션의류', '여성언더웨어/잠옷', '브라팬티세트']{23968890{00071123968890{http://image.gsshop.com/image/23/96/23968890_L1.jpg{149,900{http://with.gsshop.com/prd/prd.gs?prdid=23968890
2017/05/08 06:00:00{2017/05/08 07:15:00{gsshop{07{*방송최다구성*시린이치약추가*★NEW 명약원 5일비책 치약 18개 최다구성★{  {25591393{00071125591393{http://image.gsshop.com/image/25/59/25591393_L1.jpg{74,800{http://with.gsshop.com/prd/prd.gs?prdid=25591393
2017/05/08 07:15:00{2017/05/08 08:15:00{gsshop{07{★방송동일조건★[로이첸] 옷정리를 쉽고 깔끔하게! 이지트레이 1+1세트{['생활/건강', '주방용품', '보관/밀폐용기', '플라스틱용기']{25226256{00071125226256{http://image.gsshop.com/image/25/22/25226256_L1.jpg{58,900{http://with.gsshop.com/prd/prd.gs?prdid=25226256
2017/05/08 08:15:00{2017/05/08 09:25:00{gsshop{07{★17SS 최신상★[ADIDAS GOLF] 남성용 아디-퍼펙트 summer 팬츠 3종{['스포츠/레저', '골프', '골프의류', '바지']{24134171{00071124134171{http://image.gsshop.com/image/24/13/24134171_L1.jpg{168,000{http://with.gsshop.com/prd/prd.gs?prdid=24134171
2017/05/08 08:15:00{2017/05/08 09:25:00{gsshop{07{[ADIDAS GOLF] 여성용 아디-퍼펙트 summer 팬츠 3종{['스포츠/레저', '골프', '골프의류', '바지']{25360824{00071125360824{http://image.gsshop.com/image/25/36/25360824_L1.jpg{168,000{http://with.gsshop.com/prd/prd.gs?prdid=25360824
2017/05/08 09:25:00{2017/05/08 10:25:00{gsshop{07{[라이나]치과-THE건강한치아보험{  {{000711{{{
2017/05/08 10:25:00{2017/05/08 11:35:00{gsshop{07{★10일분(10포)무료체험★[농협한삼인]홍삼정 골든타임 180포+10포 (총190포){  {24704794{00071124704794{http://image.gsshop.com/image/24/70/24704794_L1.jpg{239,000{http://with.gsshop.com/prd/prd.gs?prdid=24704794
2017/05/08 11:35:00{2017/05/08 13:40:00{gsshop{07{17년 최신상 올리비에스트렐리 코튼티8종{['패션의류', '여성의류', '티셔츠']{25159270{00071125159270{http://image.gsshop.com/image/25/15/25159270_L1.jpg{59,900{http://with.gsshop.com/prd/prd.gs?prdid=25159270
2017/05/08 11:35:00{2017/05/08 13:40:00{gsshop{07{올리비에 스트렐리 남성용 티셔츠 6종{  {25159315{00071125159315{http://image.gsshop.com/image/25/15/25159315_L1.jpg{59,900{http://with.gsshop.com/prd/prd.gs?prdid=25159315
2017/05/08 11:35:00{2017/05/08 13:40:00{gsshop{07{8부기장감의 지금부터 여름까지! 편안함과 놀라웃핏감 두번놀라는 바지!올리비에스트렐리 썸머 쿨 슬랙스 4종{  {25269292{00071125269292{http://image.gsshop.com/image/25/26/25269292_L1.jpg{59,900{http://with.gsshop.com/prd/prd.gs?prdid=25269292
2017/05/08 13:40:00{2017/05/08 14:40:00{gsshop{07{정관장 홍삼정마일드 6+4병, 총10병{['식품', '건강식품', '홍삼']{24026998{00071124026998{http://image.gsshop.com/image/24/02/24026998_L1.jpg{393,000{http://with.gsshop.com/prd/prd.gs?prdid=24026998
2017/05/08 14:40:00{2017/05/08 15:10:00{gsshop{07{전구성 블랙캡/내캡 장착[락앤락] 숨쉬는 유리용기 세트 블랙에디션{  {25613297{00071125613297{http://image.gsshop.com/image/25/61/25613297_L1.jpg{69,800{http://with.gsshop.com/prd/prd.gs?prdid=25613297
2017/05/08 15:40:00{2017/05/08 16:10:00{gsshop{07{대한민국 1등 매장GS★본품1박스 30일 공짜로 써보세요★LG테크 한장빨래(세제10박스,샤프란2.1L*3,주방세제1.2kg*3){  {24079078{00071124079078{http://image.gsshop.com/image/24/07/24079078_L1.jpg{68,800{http://with.gsshop.com/prd/prd.gs?prdid=24079078
2017/05/08 16:10:00{2017/05/08 16:40:00{gsshop{07{뼈를 제거하고 6mm씩 슬라이스한 훈제오리[방송 최다구성]무항생제 훈제오리 18팩 (팩당 200g, 총 3.6kg){  {19439795{00071119439795{http://image.gsshop.com/image/19/43/19439795_L1.jpg{58,410{http://with.gsshop.com/prd/prd.gs?prdid=19439795
2017/05/08 16:40:00{2017/05/08 17:40:00{gsshop{07{★방송중 6만원세일! [바이알러] 블루밍 플리츠 차렵토퍼세트 Q{  {24857013{00071124857013{http://image.gsshop.com/image/24/85/24857013_L1.jpg{78,900{http://with.gsshop.com/prd/prd.gs?prdid=24857013
2017/05/08 16:40:00{2017/05/08 17:40:00{gsshop{07{★방송중 6만원세일! [바이알러] 블루밍 플리츠 차렵토퍼세트 K{  {24857951{00071124857951{http://image.gsshop.com/image/24/85/24857951_L1.jpg{98,900{http://with.gsshop.com/prd/prd.gs?prdid=24857951
2017/05/08 16:40:00{2017/05/08 17:40:00{gsshop{07{★방송중 46%세일 [바이알러]  블루밍 플리츠 차렵토퍼세트 SS{  {24857954{00071124857954{http://image.gsshop.com/image/24/85/24857954_L1.jpg{68,900{http://with.gsshop.com/prd/prd.gs?prdid=24857954
2017/05/08 17:40:00{2017/05/08 18:40:00{gsshop{07{[현대]3CI-간편건강보험{  {{000711{{{
2017/05/08 18:40:00{2017/05/08 19:35:00{gsshop{07{★17SS 최신상★[ADIDAS GOLF] 남성용 아디-퍼펙트 summer 팬츠 3종{['스포츠/레저', '골프', '골프의류', '바지']{24134171{00071124134171{http://image.gsshop.com/image/24/13/24134171_L1.jpg{168,000{http://with.gsshop.com/prd/prd.gs?prdid=24134171
2017/05/08 18:40:00{2017/05/08 19:35:00{gsshop{07{[ADIDAS GOLF] 여성용 아디-퍼펙트 summer 팬츠 3종{['스포츠/레저', '골프', '골프의류', '바지']{25360824{00071125360824{http://image.gsshop.com/image/25/36/25360824_L1.jpg{168,000{http://with.gsshop.com/prd/prd.gs?prdid=25360824
2017/05/08 19:35:00{2017/05/08 20:40:00{gsshop{07{바디프랜드 렌탈 안마의자 무료 상담예약{  {22707746{00071122707746{http://image.gsshop.com/image/22/70/22707746_L1.jpg{{http://with.gsshop.com/prd/prd.gs?prdid=22707746
2017/05/08 20:40:00{2017/05/08 21:40:00{gsshop{07{[풋사과에 빠지다] 일명 신지다이어트 8주+4주 더 총 12주분{['식품', '다이어트식품', '기타다이어트식품']{18948320{00071118948320{http://image.gsshop.com/image/18/94/18948320_L1.jpg{142,200{http://with.gsshop.com/prd/prd.gs?prdid=18948320
2017/05/08 21:40:00{2017/05/08 22:40:00{gsshop{07{[AIA]간편심사-꼭필요한암보험II{  {{000711{{{
2017/05/08 22:40:00{2017/05/08 23:40:00{gsshop{07{넥센 타이어 렌탈 상담예약{  {23180135{00071123180135{http://image.gsshop.com/image/23/18/23180135_L1.jpg{{http://with.gsshop.com/prd/prd.gs?prdid=23180135
2017/05/08 23:40:00{2017/05/08 00:10:00{gsshop{07{[K-SWISS]17년 여름 최신상! 아이스맥스 여성 트랙수트 6종세트{['패션의류', '여성의류', '트레이닝복']{25621610{00071125621610{http://image.gsshop.com/image/25/62/25621610_L1.jpg{108,000{http://with.gsshop.com/prd/prd.gs?prdid=25621610
2017/05/08 23:40:00{2017/05/08 00:10:00{gsshop{07{[K-SWISS] 17년 여름 최신상! 아이스맥스 남성 트랙수트 5종세트{['패션의류', '남성의류', '트레이닝복']{25621660{00071125621660{http://image.gsshop.com/image/25/62/25621660_L1.jpg{108,000{http://with.gsshop.com/prd/prd.gs?prdid=25621660
2017/05/08 06:15:00{2017/05/08 07:15:00{hmall{07{리리코스 마린 링클 쎄라 앰플 패키지{['화장품/미용', '스킨케어', '에센스']{2050147593{0018112050147593{http://image.hyundaihmall.com/static/5/7/14/50/2050147593_0_170.jpg{135,000{http://www.hyundaihmall.com/front/pda/itemPtc.do?slitmCd=2050147593
2017/05/08 07:15:00{2017/05/08 09:25:00{hmall{07{조이너스 썸머 크레이프 쉬폰 블라우스 4종(1){['패션의류', '여성의류', '블라우스/셔츠']{2050166974{0018112050166974{http://image.hyundaihmall.com/static/9/6/16/50/2050166974_0_170.jpg{79,900{http://www.hyundaihmall.com/front/pda/itemPtc.do?slitmCd=2050166974
2017/05/08 07:15:00{2017/05/08 09:25:00{hmall{07{조이너스 썸머 린넨라이크 테이퍼드 팬츠 4종(1){['패션의류', '여성의류', '바지']{2050166984{0018112050166984{http://image.hyundaihmall.com/static/9/6/16/50/2050166984_0_170.jpg{69,900{http://www.hyundaihmall.com/front/pda/itemPtc.do?slitmCd=2050166984
2017/05/08 07:15:00{2017/05/08 09:25:00{hmall{07{엘렌트레이시 썸머 쉬폰 레이어드 블라우스4종{['패션의류', '여성의류', '블라우스/셔츠']{2050017018{0018112050017018{http://image.hyundaihmall.com/static/0/7/01/50/2050017018_0_170.jpg{69,900{http://www.hyundaihmall.com/front/pda/itemPtc.do?slitmCd=2050017018
2017/05/08 09:25:00{2017/05/08 10:25:00{hmall{07{파나마잭 워터리 선 에센스{['화장품/미용', '스킨케어', '에센스']{2050022720{0018112050022720{http://image.hyundaihmall.com/static/7/2/02/50/2050022720_0_170.jpg{69,000{http://www.hyundaihmall.com/front/pda/itemPtc.do?slitmCd=2050022720
2017/05/08 10:25:00{2017/05/08 11:40:00{hmall{07{구찌 선글라스(GG3777){['패션잡화', '선글라스/안경테', '선글라스']{2047108182{0018112047108182{http://image.hyundaihmall.com/static/1/8/10/47/2047108182_0_170.jpg{348,000{http://www.hyundaihmall.com/front/pda/itemPtc.do?slitmCd=2047108182
2017/05/08 10:25:00{2017/05/08 11:40:00{hmall{07{[아벡모토(AVEC MOTO)] 엠마 쇼퍼백 II (Emma Shopper II ) 3종 SET{['패션잡화', '여성가방', '숄더백']{2049649731{0018112049649731{http://image.hyundaihmall.com/static/7/9/64/49/2049649731_0_170.jpg{158,000{http://www.hyundaihmall.com/front/pda/itemPtc.do?slitmCd=2049649731
2017/05/08 10:25:00{2017/05/08 11:40:00{hmall{07{[아벡모토] Emma II Coin Purse 엠마 동전지갑 / 송아지가죽 카드케이스{['패션잡화', '지갑', '동전지갑']{2049216882{0018112049216882{http://image.hyundaihmall.com/static/8/6/21/49/2049216882_0_170.jpg{38,000{http://www.hyundaihmall.com/front/pda/itemPtc.do?slitmCd=2049216882
2017/05/08 10:25:00{2017/05/08 11:40:00{hmall{07{[아벡모토] Emma II L Mini Cross 엠마 체인지갑 크로스백{['패션잡화', '여성가방', '크로스백']{2049378158{0018112049378158{http://image.hyundaihmall.com/static/1/8/37/49/2049378158_0_170.jpg{128,000{http://www.hyundaihmall.com/front/pda/itemPtc.do?slitmCd=2049378158
2017/05/08 11:40:00{2017/05/08 12:40:00{hmall{07{오슬로 IH 프라이팬 세트{['생활/건강', '주방용품', '프라이팬', '프라이팬세트']{2047707933{0018112047707933{http://image.hyundaihmall.com/static/9/7/70/47/2047707933_0_170.jpg{129,000{http://www.hyundaihmall.com/front/pda/itemPtc.do?slitmCd=2047707933
2017/05/08 12:40:00{2017/05/08 13:40:00{hmall{07{흥국화재 (무)착한가격 건강보험{  {2048189616{0018112048189616{http://image.hyundaihmall.com/static/6/9/18/48/2048189616_0_170.jpg{{http://www.hyundaihmall.com/front/pda/itemPtc.do?slitmCd=2048189616
2017/05/08 13:40:00{2017/05/08 14:40:00{hmall{07{아키 소프트 스트레치 란쥬쉐이퍼 2차{['패션의류', '여성언더웨어/잠옷', '보정속옷', '올인원/바디쉐이퍼']{2049372350{0018112049372350{http://image.hyundaihmall.com/static/3/2/37/49/2049372350_0_170.jpg{69,900{http://www.hyundaihmall.com/front/pda/itemPtc.do?slitmCd=2049372350
2017/05/08 14:40:00{2017/05/08 15:40:00{hmall{07{New 에지리 더 칼라 냄비세트{['생활/건강', '주방용품', '냄비/솥', '냄비세트']{2048732758{0018112048732758{http://image.hyundaihmall.com/static/7/2/73/48/2048732758_0_170.jpg{169,000{http://www.hyundaihmall.com/front/pda/itemPtc.do?slitmCd=2048732758
2017/05/08 14:40:00{2017/05/08 15:40:00{hmall{07{NEW 에지리 더 칼라 18cm편수냄비{['생활/건강', '주방용품', '냄비/솥', '편수냄비']{2038295713{0018112038295713{http://image.hyundaihmall.com/static/7/5/29/38/2038295713_0_170.jpg{84,000{http://www.hyundaihmall.com/front/pda/itemPtc.do?slitmCd=2038295713
2017/05/08 14:40:00{2017/05/08 15:40:00{hmall{07{NEW 에지리 더 칼라 22cm전골냄비{['생활/건강', '주방용품', '냄비/솥', '전골냄비']{2038295976{0018112038295976{http://image.hyundaihmall.com/static/9/5/29/38/2038295976_0_170.jpg{95,000{http://www.hyundaihmall.com/front/pda/itemPtc.do?slitmCd=2038295976
2017/05/08 14:40:00{2017/05/08 15:40:00{hmall{07{NEW 에지리 더 칼라 6.2L곰솥{['생활/건강', '주방용품', '냄비/솥', '곰솥/들통']{2038295987{0018112038295987{http://image.hyundaihmall.com/static/9/5/29/38/2038295987_0_170.jpg{120,000{http://www.hyundaihmall.com/front/pda/itemPtc.do?slitmCd=2038295987
2017/05/08 14:40:00{2017/05/08 15:40:00{hmall{07{NEW 에지리 더 칼라 스퀘어팟{['생활/건강', '주방용품', '냄비/솥']{2038295994{0018112038295994{http://image.hyundaihmall.com/static/9/5/29/38/2038295994_0_170.jpg{60,000{http://www.hyundaihmall.com/front/pda/itemPtc.do?slitmCd=2038295994
2017/05/08 14:40:00{2017/05/08 15:40:00{hmall{07{NEW 에지리 더 칼라 베이비팟{['생활/건강', '주방용품', '조리기구']{2038296000{0018112038296000{http://image.hyundaihmall.com/static/0/6/29/38/2038296000_0_170.jpg{45,000{http://www.hyundaihmall.com/front/pda/itemPtc.do?slitmCd=2038296000
2017/05/08 14:40:00{2017/05/08 15:40:00{hmall{07{New 에지리 더 칼라 20cm양수{['생활/건강', '주방용품', '냄비/솥', '양수냄비']{2040589065{0018112040589065{http://image.hyundaihmall.com/static/0/9/58/40/2040589065_0_170.jpg{90,000{http://www.hyundaihmall.com/front/pda/itemPtc.do?slitmCd=2040589065
2017/05/08 14:40:00{2017/05/08 15:40:00{hmall{07{NEW 에지리 더 칼라 믹싱볼 특대{['생활/건강', '주방용품', '조리기구', '믹싱볼']{2043198600{0018112043198600{http://image.hyundaihmall.com/static/6/8/19/43/2043198600_0_170.jpg{55,000{http://www.hyundaihmall.com/front/pda/itemPtc.do?slitmCd=2043198600
2017/05/08 15:40:00{2017/05/08 16:40:00{hmall{07{에이스  치아안심 보험{  {2045941535{0018112045941535{http://image.hyundaihmall.com/static/5/1/94/45/2045941535_0_170.jpg{{http://www.hyundaihmall.com/front/pda/itemPtc.do?slitmCd=2045941535
2017/05/08 16:40:00{2017/05/08 17:40:00{hmall{07{[메탈티타늄 18+6] 삼성 무풍에어컨 홈멀티형 [AF18M7975BZR]{['디지털/가전', '계절가전', '에어컨', '멀티형에어컨']{2049927288{0018112049927288{http://image.hyundaihmall.com/static/2/7/92/49/2049927288_0_170.jpg{2,999,000{http://www.hyundaihmall.com/front/pda/itemPtc.do?slitmCd=2049927288
2017/05/08 16:40:00{2017/05/08 17:40:00{hmall{07{[메탈티타늄 18] 삼성 무풍에어컨 스탠드형 [AF18M7975BZK]{['디지털/가전', '계절가전', '에어컨', '멀티형에어컨']{2049950199{0018112049950199{http://image.hyundaihmall.com/static/1/0/95/49/2049950199_0_170.jpg{2,599,000{http://www.hyundaihmall.com/front/pda/itemPtc.do?slitmCd=2049950199
2017/05/08 16:40:00{2017/05/08 17:40:00{hmall{07{[메탈티타늄 16+6] 삼성 무풍에어컨 홈멀티형 [AF16M7975BZR]{['디지털/가전', '계절가전', '에어컨', '멀티형에어컨']{2049950374{0018112049950374{http://image.hyundaihmall.com/static/3/0/95/49/2049950374_0_170.jpg{2,699,000{http://www.hyundaihmall.com/front/pda/itemPtc.do?slitmCd=2049950374
2017/05/08 16:40:00{2017/05/08 17:40:00{hmall{07{[메탈티타늄 16] 삼성 무풍에어컨 스탠드형 [AF16M7975BZK]{['디지털/가전', '계절가전', '에어컨', '스탠드형에어컨']{2049950433{0018112049950433{http://image.hyundaihmall.com/static/4/0/95/49/2049950433_0_170.jpg{2,299,000{http://www.hyundaihmall.com/front/pda/itemPtc.do?slitmCd=2049950433
2017/05/08 16:40:00{2017/05/08 17:40:00{hmall{07{[메탈화이트 18+6] 삼성 무풍에어컨 홈멀티형 [AF18M7971WZR]{['디지털/가전', '계절가전', '에어컨', '멀티형에어컨']{2049710949{0018112049710949{http://image.hyundaihmall.com/static/9/0/71/49/2049710949_0_170.jpg{2,899,000{http://www.hyundaihmall.com/front/pda/itemPtc.do?slitmCd=2049710949
2017/05/08 16:40:00{2017/05/08 17:40:00{hmall{07{[메탈화이트 18] 삼성 무풍에어컨 스탠드형 [AF18M7971WZK]{['디지털/가전', '계절가전', '에어컨', '스탠드형에어컨']{2049711258{0018112049711258{http://image.hyundaihmall.com/static/2/1/71/49/2049711258_0_170.jpg{2,499,000{http://www.hyundaihmall.com/front/pda/itemPtc.do?slitmCd=2049711258
2017/05/08 16:40:00{2017/05/08 17:40:00{hmall{07{[메탈화이트 16+6] 삼성 무풍에어컨 홈멀티형 [AF16M7971WZR]{['디지털/가전', '계절가전', '에어컨', '멀티형에어컨']{2048327958{0018112048327958{http://image.hyundaihmall.com/static/9/7/32/48/2048327958_0_170.jpg{2,599,000{http://www.hyundaihmall.com/front/pda/itemPtc.do?slitmCd=2048327958
2017/05/08 16:40:00{2017/05/08 17:40:00{hmall{07{[메탈화이트 16] 삼성 무풍에어컨 스탠드형 [AF16M7971WZK]{['디지털/가전', '계절가전', '에어컨', '스탠드형에어컨']{2048328118{0018112048328118{http://image.hyundaihmall.com/static/1/8/32/48/2048328118_0_170.jpg{2,199,000{http://www.hyundaihmall.com/front/pda/itemPtc.do?slitmCd=2048328118
2017/05/08 17:40:00{2017/05/08 18:40:00{hmall{07{일명 김지선 다이어트 휴럼 황후의 보이차 다이어트 (800mg*56정*3박스 총 12주분){['식품', '다이어트식품', '기타다이어트식품']{2046912925{0018112046912925{http://image.hyundaihmall.com/static/9/2/91/46/2046912925_0_170.jpg{168,000{http://www.hyundaihmall.com/front/pda/itemPtc.do?slitmCd=2046912925
2017/05/08 17:40:00{2017/05/08 18:40:00{hmall{07{일명 김지선 다이어트 휴럼 황후의 보이차 다이어트(800mg*56정 총 4주분){['식품', '다이어트식품', '기타다이어트식품']{2046913396{0018112046913396{http://image.hyundaihmall.com/static/3/3/91/46/2046913396_0_170.jpg{139,000{http://www.hyundaihmall.com/front/pda/itemPtc.do?slitmCd=2046913396
2017/05/08 17:40:00{2017/05/08 18:40:00{hmall{07{일명 김지선 다이어트 휴럼 황후의 보이차 다이어트 (800mg*56정*3박스 총 12주분){['식품', '다이어트식품', '기타다이어트식품']{2050342834{0018112050342834{http://image.hyundaihmall.com/static/8/2/34/50/2050342834_0_170.jpg{168,000{http://www.hyundaihmall.com/front/pda/itemPtc.do?slitmCd=2050342834
2017/05/08 19:35:00{2017/05/08 20:40:00{hmall{07{동부화재 다이렉트 참좋은운전자보험{  {2045972644{0018112045972644{http://image.hyundaihmall.com/static/6/2/97/45/2045972644_0_170.jpg{{http://www.hyundaihmall.com/front/pda/itemPtc.do?slitmCd=2045972644
2017/05/08 20:40:00{2017/05/08 21:45:00{hmall{07{PGA TOUR 남성 윈드컨트롤 재킷 + 셔츠 총 5종{['스포츠/레저', '골프', '골프의류', '재킷']{2050273616{0018112050273616{http://image.hyundaihmall.com/static/6/3/27/50/2050273616_0_170.jpg{109,000{http://www.hyundaihmall.com/front/pda/itemPtc.do?slitmCd=2050273616
2017/05/08 20:40:00{2017/05/08 21:45:00{hmall{07{PGA TOUR 여성 윈드컨트롤 재킷 + 셔츠 총 5종{['패션의류', '여성의류']{2050273351{0018112050273351{http://image.hyundaihmall.com/static/3/3/27/50/2050273351_0_170.jpg{109,000{http://www.hyundaihmall.com/front/pda/itemPtc.do?slitmCd=2050273351
2017/05/08 21:45:00{2017/05/08 22:50:00{hmall{07{현대해상 (무)계속받는암보험{  {2045954682{0018112045954682{http://image.hyundaihmall.com/static/6/4/95/45/2045954682_0_170.jpg{{http://www.hyundaihmall.com/front/pda/itemPtc.do?slitmCd=2045954682
2017/05/08 22:50:00{2017/05/08 23:55:00{hmall{07{[메탈화이트 16+6] 삼성 무풍에어컨 홈멀티형 [AF16M7971WZR]{['디지털/가전', '계절가전', '에어컨', '멀티형에어컨']{2048335708{0018112048335708{http://image.hyundaihmall.com/static/7/5/33/48/2048335708_0_170.jpg{2,599,000{http://www.hyundaihmall.com/front/pda/itemPtc.do?slitmCd=2048335708
2017/05/08 22:50:00{2017/05/08 23:55:00{hmall{07{[메탈화이트 16] 삼성 무풍에어컨 스탠드형 [AF16M7971WZK]{['디지털/가전', '계절가전', '에어컨', '스탠드형에어컨']{2048335788{0018112048335788{http://image.hyundaihmall.com/static/7/5/33/48/2048335788_0_170.jpg{2,199,000{http://www.hyundaihmall.com/front/pda/itemPtc.do?slitmCd=2048335788
2017/05/08 22:50:00{2017/05/08 23:55:00{hmall{07{[메탈화이트 18+6] 삼성 무풍에어컨 홈멀티형 [AF18M7971WZR]{['디지털/가전', '계절가전', '에어컨', '멀티형에어컨']{2049139347{0018112049139347{http://image.hyundaihmall.com/static/3/9/13/49/2049139347_0_170.jpg{2,899,000{http://www.hyundaihmall.com/front/pda/itemPtc.do?slitmCd=2049139347
2017/05/08 22:50:00{2017/05/08 23:55:00{hmall{07{[메탈화이트 18] 삼성 무풍에어컨 스탠드형 [AF18M7971WZK]{['디지털/가전', '계절가전', '에어컨', '스탠드형에어컨']{2049139402{0018112049139402{http://image.hyundaihmall.com/static/4/9/13/49/2049139402_0_170.jpg{2,499,000{http://www.hyundaihmall.com/front/pda/itemPtc.do?slitmCd=2049139402
2017/05/08 23:55:00{2017/05/08 01:00:00{hmall{07{박지윤의 욕망스무디 5일 프로그램(총 20팩){['식품', '다이어트식품', '기타다이어트식품']{2047650790{0018112047650790{http://image.hyundaihmall.com/static/7/0/65/47/2047650790_0_170.jpg{79,900{http://www.hyundaihmall.com/front/pda/itemPtc.do?slitmCd=2047650790
2017/05/08 23:55:00{2017/05/08 01:00:00{hmall{07{박지윤의 욕망스무디 5일 프로그램(총 20팩){['식품', '다이어트식품', '기타다이어트식품']{2050273802{0018112050273802{http://image.hyundaihmall.com/static/8/3/27/50/2050273802_0_170.jpg{79,900{http://www.hyundaihmall.com/front/pda/itemPtc.do?slitmCd=2050273802
2017/05/08 01:00:00{2017/05/08 02:00:00{hmall{07{2017 아가타 쥬얼리 스니커즈 1종{['패션잡화', '여성신발', '단화', '스니커즈']{2049724720{0018112049724720{http://image.hyundaihmall.com/static/7/4/72/49/2049724720_0_170.jpg{59,000{http://www.hyundaihmall.com/front/pda/itemPtc.do?slitmCd=2049724720
2017/05/08 02:00:00{2017/05/08 06:15:00{hmall{07{[직]2017SS최신상 성수동251 옥스퍼드(여화){['패션잡화', '여성신발', '단화', '옥스퍼드화']{2047468689{0018112047468689{http://image.hyundaihmall.com/static/6/8/46/47/2047468689_0_170.jpg{119,000{http://www.hyundaihmall.com/front/pda/itemPtc.do?slitmCd=2047468689
2017/05/08 02:00:00{2017/05/08 06:15:00{hmall{07{[직]2017SS최신상 성수동251 옥스퍼드(남화){['패션잡화', '남성신발', '정장구두']{2047469374{0018112047469374{http://image.hyundaihmall.com/static/3/9/46/47/2047469374_0_170.jpg{129,000{http://www.hyundaihmall.com/front/pda/itemPtc.do?slitmCd=2047469374
2017/05/08 02:00:00{2017/05/08 06:15:00{hmall{07{엘렌실라 달팽이크림 방송패키지{['화장품/미용', '스킨케어', '화장품세트']{2046443867{0018112046443867{http://image.hyundaihmall.com/static/8/3/44/46/2046443867_0_170.jpg{79,000{http://www.hyundaihmall.com/front/pda/itemPtc.do?slitmCd=2046443867
2017/05/08 02:00:00{2017/05/08 06:15:00{hmall{07{일명 김지선 다이어트 휴럼 황후의 보이차 다이어트 (800mg*56정*3박스 총 12주분){['식품', '다이어트식품', '기타다이어트식품']{2047271142{0018112047271142{http://image.hyundaihmall.com/static/1/1/27/47/2047271142_0_170.jpg{168,000{http://www.hyundaihmall.com/front/pda/itemPtc.do?slitmCd=2047271142
2017/05/08 02:00:00{2017/05/08 06:15:00{hmall{07{애플라인드 남성 하이테크 셔츠 패키지{['패션의류', '남성의류', '셔츠/남방']{2047815609{0018112047815609{http://image.hyundaihmall.com/static/6/5/81/47/2047815609_0_170.jpg{109,000{http://www.hyundaihmall.com/front/pda/itemPtc.do?slitmCd=2047815609
2017/05/08 02:00:00{2017/05/08 06:15:00{hmall{07{애플라인드 여성 하이테크 셔츠 패키지{['스포츠/레저', '등산', '등산의류', '기능성언더웨어']{2047815444{0018112047815444{http://image.hyundaihmall.com/static/4/5/81/47/2047815444_0_170.jpg{109,000{http://www.hyundaihmall.com/front/pda/itemPtc.do?slitmCd=2047815444
2017/05/08 02:00:00{2017/05/08 06:15:00{hmall{07{올뉴 순수 더 살롱 컬러 방송패키지{['화장품/미용', '스킨케어']{2049209716{0018112049209716{http://image.hyundaihmall.com/static/7/9/20/49/2049209716_0_170.jpg{79,800{http://www.hyundaihmall.com/front/pda/itemPtc.do?slitmCd=2049209716
2017/05/08 02:00:00{2017/05/08 06:15:00{hmall{07{올뉴 순수 더 살롱 컬러 1박스(컬러 3종 中 택 1종){['화장품/미용', '헤어스타일링', '염색약']{2046231195{0018112046231195{http://image.hyundaihmall.com/static/1/1/23/46/2046231195_0_170.jpg{32,000{http://www.hyundaihmall.com/front/pda/itemPtc.do?slitmCd=2046231195
2017/05/08 02:00:00{2017/05/08 06:15:00{hmall{07{올뉴 순수 더 살롱 앰플 아로마 1박스(15ml x 4개){['화장품/미용', '스킨케어', '에센스']{2046231317{0018112046231317{http://image.hyundaihmall.com/static/3/1/23/46/2046231317_0_170.jpg{59,000{http://www.hyundaihmall.com/front/pda/itemPtc.do?slitmCd=2046231317
2017/05/08 02:00:00{2017/05/08 06:15:00{hmall{07{일명 김지선 다이어트 휴럼 황후의 보이차 다이어트(800mg*56정 총 4주분){['식품', '다이어트식품', '기타다이어트식품']{2046913396{0018112046913396{http://image.hyundaihmall.com/static/3/3/91/46/2046913396_0_170.jpg{139,000{http://www.hyundaihmall.com/front/pda/itemPtc.do?slitmCd=2046913396
2017/05/08 02:00:00{2017/05/08 06:15:00{hmall{07{올뉴 순수 더 살롱 컬러 패키지{['화장품/미용', '헤어스타일링', '염색약']{2047488046{0018112047488046{http://image.hyundaihmall.com/static/0/8/48/47/2047488046_0_170.jpg{79,800{http://www.hyundaihmall.com/front/pda/itemPtc.do?slitmCd=2047488046
2017/05/08 02:00:00{2017/05/08 06:15:00{hmall{07{올뉴 순수 더 살롱 컬러 패키지{['화장품/미용', '헤어스타일링', '염색약']{2048745811{0018112048745811{http://image.hyundaihmall.com/static/8/5/74/48/2048745811_0_170.jpg{79,800{http://www.hyundaihmall.com/front/pda/itemPtc.do?slitmCd=2048745811
2017/05/08 00:15:00{2017/05/08 00:55:00{hnsmall{07{[SKT] 삼성 갤럭시 A8 (SM-A810S){['디지털/가전', '휴대폰', 'SKT']{12601362{00361112601362{http://image.hnsmall.com/images/goods/362/12601362_g.jpg{0{http://www.hnsmall.com/display/goods.do?goods_code=12601362
2017/05/08 00:55:00{2017/05/08 01:35:00{hnsmall{07{메디슨에비뉴 네일팁{['화장품/미용', '네일케어', '네일아트']{12689339{00361112689339{http://image.hnsmall.com/images/goods/339/12689339_g.jpg{69,800{http://www.hnsmall.com/display/goods.do?goods_code=12689339
2017/05/08 01:35:00{2017/05/08 02:15:00{hnsmall{07{[소개] 초등공부 절대강자 아이스크림 홈런{  {12507109{00361112507109{http://image.hnsmall.com/images/goods/109/12507109_g.jpg{0{http://www.hnsmall.com/display/goods.do?goods_code=12507109
2017/05/08 02:15:00{2017/05/08 02:55:00{hnsmall{07{깔끄미 뜯어쓰는 수세미 1+1세트{['생활/건강', '주방용품', '주방잡화', '수세미']{12650974{00361112650974{http://image.hnsmall.com/images/goods/974/12650974_g.jpg{39,800{http://www.hnsmall.com/display/goods.do?goods_code=12650974
2017/05/08 02:15:00{2017/05/08 02:55:00{hnsmall{07{깔끄미 뜯어쓰는 수세미 1세트{['생활/건강', '주방용품', '주방잡화', '수세미']{12572175{00361112572175{http://image.hnsmall.com/images/goods/175/12572175_g.jpg{29,800{http://www.hnsmall.com/display/goods.do?goods_code=12572175
2017/05/08 02:55:00{2017/05/08 03:32:00{hnsmall{07{[개성방앗간] 생들기름 6병 + 참기름 2병{['식품', '가공식품', '식용유/오일', '참기름']{12527220{00361112527220{http://image.hnsmall.com/images/goods/220/12527220_g.jpg{43,900{http://www.hnsmall.com/display/goods.do?goods_code=12527220
2017/05/08 03:32:00{2017/05/08 04:10:00{hnsmall{07{[서울대 공동개발] 프리미엄 약콩100 (3박스, 총 60+6봉){['식품', '농산물', '잡곡/혼합곡', '콩']{12501458{00361112501458{http://image.hnsmall.com/images/goods/458/12501458_g.jpg{68,900{http://www.hnsmall.com/display/goods.do?goods_code=12501458
2017/05/08 03:32:00{2017/05/08 04:10:00{hnsmall{07{[서울대 공동개발] 약콩 카카오 초콜릿 8박스{['식품', '과자', '초콜릿']{12657763{00361112657763{http://image.hnsmall.com/images/goods/763/12657763_g.jpg{23,900{http://www.hnsmall.com/display/goods.do?goods_code=12657763
2017/05/08 03:32:00{2017/05/08 04:10:00{hnsmall{07{라쿠치나 프리미엄 수프 20봉 (단호박+마스카포네토마토+버섯크림){['식품', '건강식품', '영양제', '기타건강기능식품']{12540597{00361112540597{http://image.hnsmall.com/images/goods/597/12540597_g.jpg{52,900{http://www.hnsmall.com/display/goods.do?goods_code=12540597
2017/05/08 04:10:00{2017/05/08 04:50:00{hnsmall{07{김보성의 의리낫또 46팩{['생활/건강', '건강관리용품']{12533998{00361112533998{http://image.hnsmall.com/images/goods/998/12533998_g.jpg{39,900{http://www.hnsmall.com/display/goods.do?goods_code=12533998
2017/05/08 04:50:00{2017/05/08 05:30:00{hnsmall{07{국내산 해가찬 아로니아 분말 세트(총 30통){['식품', '건강식품', '건강분말']{12574894{00361112574894{http://image.hnsmall.com/images/goods/894/12574894_g.jpg{159,000{http://www.hnsmall.com/display/goods.do?goods_code=12574894
2017/05/08 04:50:00{2017/05/08 05:30:00{hnsmall{07{국내산 해가찬 아로니아 분말 세트(총 18통){['식품', '건강식품', '건강분말']{12476273{00361112476273{http://image.hnsmall.com/images/goods/273/12476273_g.jpg{99,000{http://www.hnsmall.com/display/goods.do?goods_code=12476273
2017/05/08 05:30:00{2017/05/08 06:10:00{hnsmall{07{오토비스 무선형 물걸레청소기 [극세사걸레6장+일회용청소포 4팩]{['디지털/가전', '생활가전', '청소기', '소형청소기']{12522360{00361112522360{http://image.hnsmall.com/images/goods/360/12522360_g.jpg{198,000{http://www.hnsmall.com/display/goods.do?goods_code=12522360
2017/05/08 06:10:00{2017/05/08 06:50:00{hnsmall{07{조르지오페리 프리미엄 남성 양말 23종 패키지{['패션잡화', '양말', '남성양말', '중목/장목양말']{12678852{00361112678852{http://image.hnsmall.com/images/goods/852/12678852_g.jpg{39,900{http://www.hnsmall.com/display/goods.do?goods_code=12678852
2017/05/08 06:10:00{2017/05/08 06:50:00{hnsmall{07{조르지오페리 프리미엄 여성 양말 23종 패키지{['패션잡화', '양말', '여성양말', '중목/장목양말']{12678964{00361112678964{http://image.hnsmall.com/images/goods/964/12678964_g.jpg{39,900{http://www.hnsmall.com/display/goods.do?goods_code=12678964
2017/05/08 06:50:00{2017/05/08 07:30:00{hnsmall{07{[샤라비아] 린넨라이크 라이크라 인생팬츠 3종{['패션의류', '여성의류', '바지']{12655141{00361112655141{http://image.hnsmall.com/images/goods/141/12655141_g.jpg{65,900{http://www.hnsmall.com/display/goods.do?goods_code=12655141
2017/05/08 07:30:00{2017/05/08 08:10:00{hnsmall{07{[에꼴드파리] 시그니쳐 썸머 쉬폰 블라우스 4종{['패션의류', '여성의류', '블라우스/셔츠']{12685606{00361112685606{http://image.hnsmall.com/images/goods/606/12685606_g.jpg{79,900{http://www.hnsmall.com/display/goods.do?goods_code=12685606
2017/05/08 08:10:00{2017/05/08 08:50:00{hnsmall{07{까사맘 스텐 밀폐용기 [단독 20종]{['생활/건강', '주방용품', '보관/밀폐용기', '스텐용기']{12572595{00361112572595{http://image.hnsmall.com/images/goods/595/12572595_g.jpg{119,000{http://www.hnsmall.com/display/goods.do?goods_code=12572595
2017/05/08 08:10:00{2017/05/08 08:50:00{hnsmall{07{까사맘 스텐 밀폐용기 [실속 12종]{['생활/건강', '주방용품', '보관/밀폐용기', '스텐용기']{12573334{00361112573334{http://image.hnsmall.com/images/goods/334/12573334_g.jpg{109,000{http://www.hnsmall.com/display/goods.do?goods_code=12573334
2017/05/08 08:10:00{2017/05/08 08:50:00{hnsmall{07{까사맘 스텐 밀폐용기 [특대 4종]{['생활/건강', '주방용품', '보관/밀폐용기', '스텐용기']{12426575{00361112426575{http://image.hnsmall.com/images/goods/575/12426575_g.jpg{99,000{http://www.hnsmall.com/display/goods.do?goods_code=12426575
2017/05/08 08:50:00{2017/05/08 09:30:00{hnsmall{07{BRTC V10 멀티 리프트 슬리핑 팩 패키지{['화장품/미용', '마스크/팩', '수면팩']{12687951{00361112687951{http://image.hnsmall.com/images/goods/951/12687951_g.jpg{69,000{http://www.hnsmall.com/display/goods.do?goods_code=12687951
2017/05/08 09:30:00{2017/05/08 10:10:00{hnsmall{07{리원 썬스틱 스페셜 패키지{['화장품/미용', '선케어', '선밤']{12653242{00361112653242{http://image.hnsmall.com/images/goods/242/12653242_g.jpg{69,900{http://www.hnsmall.com/display/goods.do?goods_code=12653242
2017/05/08 10:10:00{2017/05/08 10:50:00{hnsmall{07{[엘리스까노] 양가죽 윙팁 슬립온{['패션잡화', '남성신발', '슬립온']{12682231{00361112682231{http://image.hnsmall.com/images/goods/231/12682231_g.jpg{44,000{http://www.hnsmall.com/display/goods.do?goods_code=12682231
2017/05/08 10:50:00{2017/05/08 11:30:00{hnsmall{07{아토팜 패키지 (탑투토워시 2종 & 여행용 패키지){  {12688648{00361112688648{http://image.hnsmall.com/images/goods/648/12688648_g.jpg{90,000{http://www.hnsmall.com/display/goods.do?goods_code=12688648
2017/05/08 11:30:00{2017/05/08 12:10:00{hnsmall{07{탱글앤젤 브러시 세트{['화장품/미용', '뷰티소품', '메이크업브러시', '브러시세트']{12654397{00361112654397{http://image.hnsmall.com/images/goods/397/12654397_g.jpg{44,000{http://www.hnsmall.com/display/goods.do?goods_code=12654397
2017/05/08 11:30:00{2017/05/08 12:10:00{hnsmall{07{탱글앤젤 브러쉬 4세트{['화장품/미용', '뷰티소품', '메이크업브러시', '브러시세트']{12687742{00361112687742{http://image.hnsmall.com/images/goods/742/12687742_g.jpg{49,000{http://www.hnsmall.com/display/goods.do?goods_code=12687742
2017/05/08 12:10:00{2017/05/08 12:50:00{hnsmall{07{(특대형풀세트)에어룸 워싱 스프레드세트(스프레드3장+베개커버6장){['가구/인테리어', '침구단품', '스프레드']{12683278{00361112683278{http://image.hnsmall.com/images/goods/278/12683278_g.jpg{69,900{http://www.hnsmall.com/display/goods.do?goods_code=12683278
2017/05/08 12:10:00{2017/05/08 12:50:00{hnsmall{07{(슈퍼점보형풀세트)에어룸 워싱 스프레드세트(스프레드3장+베개커버6장){['가구/인테리어', '침구단품', '스프레드']{12683285{00361112683285{http://image.hnsmall.com/images/goods/285/12683285_g.jpg{79,900{http://www.hnsmall.com/display/goods.do?goods_code=12683285
2017/05/08 12:10:00{2017/05/08 12:50:00{hnsmall{07{(대형풀세트)에어룸 워싱 스프레드세트(스프레드3장+베개커버6장){['가구/인테리어', '침구단품', '스프레드']{12683282{00361112683282{http://image.hnsmall.com/images/goods/282/12683282_g.jpg{59,900{http://www.hnsmall.com/display/goods.do?goods_code=12683282
2017/05/08 12:10:00{2017/05/08 12:50:00{hnsmall{07{(특대형)에어룸 워싱 스프레드 3장{['가구/인테리어', '침구단품', '스프레드']{12683141{00361112683141{http://image.hnsmall.com/images/goods/141/12683141_g.jpg{59,900{http://www.hnsmall.com/display/goods.do?goods_code=12683141
2017/05/08 12:10:00{2017/05/08 12:50:00{hnsmall{07{(슈퍼점보형)에어룸 워싱 스프레드  3장{['가구/인테리어', '침구단품', '스프레드']{12683157{00361112683157{http://image.hnsmall.com/images/goods/157/12683157_g.jpg{69,900{http://www.hnsmall.com/display/goods.do?goods_code=12683157
2017/05/08 12:10:00{2017/05/08 12:50:00{hnsmall{07{(대형)에어룸 워싱 스프레드  3장{['가구/인테리어', '침구단품', '스프레드']{12683153{00361112683153{http://image.hnsmall.com/images/goods/153/12683153_g.jpg{49,900{http://www.hnsmall.com/display/goods.do?goods_code=12683153
2017/05/08 12:50:00{2017/05/08 13:30:00{hnsmall{07{녹십자MS 바로빗 염색제{['화장품/미용', '헤어스타일링', '염색약']{12683286{00361112683286{http://image.hnsmall.com/images/goods/286/12683286_g.jpg{59,900{http://www.hnsmall.com/display/goods.do?goods_code=12683286
2017/05/08 13:30:00{2017/05/08 14:10:00{hnsmall{07{[골드라벨] 플루 바디스크럽 프레스티지 골드라벨 패키지{['화장품/미용', '바디케어', '바디스크럽']{12618520{00361112618520{http://image.hnsmall.com/images/goods/520/12618520_g.jpg{75,000{http://www.hnsmall.com/display/goods.do?goods_code=12618520
2017/05/08 14:10:00{2017/05/08 14:50:00{hnsmall{07{나주 순수 도라지배즙 6박스 (총 120포){['출산/육아', '간식/건강식품', '어린이건강식품']{12441420{00361112441420{http://image.hnsmall.com/images/goods/420/12441420_g.jpg{49,900{http://www.hnsmall.com/display/goods.do?goods_code=12441420
2017/05/08 14:10:00{2017/05/08 14:50:00{hnsmall{07{나주 순수 도라지배즙 3박스 (총 60포){['식품', '건강식품', '건강즙']{12567323{00361112567323{http://image.hnsmall.com/images/goods/323/12567323_g.jpg{29,900{http://www.hnsmall.com/display/goods.do?goods_code=12567323
2017/05/08 14:50:00{2017/05/08 15:30:00{hnsmall{07{코네토 아이스크림 세트{['식품', '농산물', '잡곡/혼합곡']{12673906{00361112673906{http://image.hnsmall.com/images/goods/906/12673906_g.jpg{39,900{http://www.hnsmall.com/display/goods.do?goods_code=12673906
2017/05/08 15:30:00{2017/05/08 16:10:00{hnsmall{07{명미당 제주 오메기떡 세트 (20+20+20){['식품', '가공식품', '떡']{12318730{00361112318730{http://image.hnsmall.com/images/goods/730/12318730_g.jpg{40,900{http://www.hnsmall.com/display/goods.do?goods_code=12318730
2017/05/08 16:10:00{2017/05/08 16:50:00{hnsmall{07{금강 자연산 다슬기 진국 10팩 (팩당 350g){['식품', '냉동/간편조리식품', '즉석탕']{12615153{00361112615153{http://image.hnsmall.com/images/goods/153/12615153_g.jpg{49,900{http://www.hnsmall.com/display/goods.do?goods_code=12615153
2017/05/08 16:50:00{2017/05/08 17:30:00{hnsmall{07{대서양 손질갈치 63토막 (200g x 21팩 4.2kg){['식품', '건강식품']{12680337{00361112680337{http://image.hnsmall.com/images/goods/337/12680337_g.jpg{57,900{http://www.hnsmall.com/display/goods.do?goods_code=12680337
2017/05/08 17:30:00{2017/05/08 18:10:00{hnsmall{07{[대박구성] 삼육 발아현미19곡 4박스+3박스 (112팩){['식품', '건강식품']{12495368{00361112495368{http://image.hnsmall.com/images/goods/368/12495368_g.jpg{45,900{http://www.hnsmall.com/display/goods.do?goods_code=12495368
2017/05/08 18:10:00{2017/05/08 18:50:00{hnsmall{07{NEW 휴롬 알파 ALPHA{['디지털/가전', '주방가전', '튀김기']{12647656{00361112647656{http://image.hnsmall.com/images/goods/656/12647656_g.jpg{369,000{http://www.hnsmall.com/display/goods.do?goods_code=12647656
2017/05/08 18:50:00{2017/05/08 19:30:00{hnsmall{07{동원만두 특집 (만두 20봉 + 참치 10캔){['식품', '냉동/간편조리식품', '만두']{12529034{00361112529034{http://image.hnsmall.com/images/goods/034/12529034_g.jpg{49,900{http://www.hnsmall.com/display/goods.do?goods_code=12529034
2017/05/08 19:30:00{2017/05/08 20:10:00{hnsmall{07{UltraFlora 여에스더유산균 BLUE 5병 (10개월분){['식품', '다이어트식품', '유산균']{12614033{00361112614033{http://image.hnsmall.com/images/goods/033/12614033_g.jpg{198,000{http://www.hnsmall.com/display/goods.do?goods_code=12614033
2017/05/08 19:30:00{2017/05/08 20:10:00{hnsmall{07{여에스더유산균 BLUE 1병+ 여에스더식물성오메가 1박스{['식품', '다이어트식품', '유산균']{12629794{00361112629794{http://image.hnsmall.com/images/goods/794/12629794_g.jpg{99,000{http://www.hnsmall.com/display/goods.do?goods_code=12629794
2017/05/08 20:10:00{2017/05/08 20:50:00{hnsmall{07{[델스넛츠] 프리미엄 골드 델스넛츠 100봉+무료체험5봉{['생활/건강', '원예/식물', '씨앗/모종']{12491980{00361112491980{http://image.hnsmall.com/images/goods/980/12491980_g.jpg{89,900{http://www.hnsmall.com/display/goods.do?goods_code=12491980
2017/05/08 20:50:00{2017/05/08 21:30:00{hnsmall{07{놀부부대찌개{['식품', '냉동/간편조리식품', '즉석탕']{12598084{00361112598084{http://image.hnsmall.com/images/goods/084/12598084_g.jpg{41,900{http://www.hnsmall.com/display/goods.do?goods_code=12598084
2017/05/08 21:30:00{2017/05/08 22:30:00{hnsmall{07{동국제약 마데카 세럼{['화장품/미용', '스킨케어', '에센스']{12643530{00361112643530{http://image.hnsmall.com/images/goods/530/12643530_g.jpg{79,000{http://www.hnsmall.com/display/goods.do?goods_code=12643530
2017/05/08 21:30:00{2017/05/08 22:30:00{hnsmall{07{동국제약 마데카 마스크투 패키지{['화장품/미용', '스킨케어', '화장품세트']{12646416{00361112646416{http://image.hnsmall.com/images/goods/416/12646416_g.jpg{69,000{http://www.hnsmall.com/display/goods.do?goods_code=12646416
2017/05/08 21:30:00{2017/05/08 22:30:00{hnsmall{07{동국제약 마데카 기초 패키지(크림+토너+에센스){['화장품/미용', '스킨케어']{12611461{00361112611461{http://image.hnsmall.com/images/goods/461/12611461_g.jpg{59,000{http://www.hnsmall.com/display/goods.do?goods_code=12611461
2017/05/08 21:30:00{2017/05/08 22:30:00{hnsmall{07{동국제약 마데카 선크림 패키지(선크림 + 마스크팩){['화장품/미용', '마스크/팩', '마스크시트']{12611191{00361112611191{http://image.hnsmall.com/images/goods/191/12611191_g.jpg{59,000{http://www.hnsmall.com/display/goods.do?goods_code=12611191
2017/05/08 22:30:00{2017/05/08 23:30:00{hnsmall{07{[푸마] ALL NEW 무브 셀 브라팬티15종 패키지 2차{  {12646850{00361112646850{http://image.hnsmall.com/images/goods/850/12646850_g.jpg{139,000{http://www.hnsmall.com/display/goods.do?goods_code=12646850
2017/05/08 22:30:00{2017/05/08 23:30:00{hnsmall{07{[푸마] ALL NEW 무브 셀 브라팬티 1세트{  {12659196{00361112659196{http://image.hnsmall.com/images/goods/196/12659196_g.jpg{72,000{http://www.hnsmall.com/display/goods.do?goods_code=12659196
2017/05/08 22:30:00{2017/05/08 23:30:00{hnsmall{07{[푸마] ALL NEW 무브 셀 브라팬티 1차{  {12655174{00361112655174{http://image.hnsmall.com/images/goods/174/12655174_g.jpg{139,000{http://www.hnsmall.com/display/goods.do?goods_code=12655174
2017/05/08 23:30:00{2017/05/08 00:50:00{hnsmall{07{[몽펠리에] 남성 코튼써커 썸머 팬츠 3종{['패션의류', '남성의류', '바지']{12685811{00361112685811{http://image.hnsmall.com/images/goods/811/12685811_g.jpg{69,900{http://www.hnsmall.com/display/goods.do?goods_code=12685811
2017/05/08 23:30:00{2017/05/08 00:50:00{hnsmall{07{[몽펠리에] 여성 아이스 린넨라이크 팬츠 3종{['패션의류', '여성의류', '바지']{12682696{00361112682696{http://image.hnsmall.com/images/goods/696/12682696_g.jpg{69,900{http://www.hnsmall.com/display/goods.do?goods_code=12682696
2017/05/08 23:30:00{2017/05/08 00:50:00{hnsmall{07{[몽펠리에] 설레는 블라우스 6종{['패션의류', '여성의류', '블라우스/셔츠']{12672929{00361112672929{http://image.hnsmall.com/images/goods/929/12672929_g.jpg{69,900{http://www.hnsmall.com/display/goods.do?goods_code=12672929
2017/05/08 01:00:00{2017/05/08 02:00:00{lotte{07{[Perfect Skin] 올 프루프 메가 컬링 마스카라 풀 패키지 (마스카라 8ml×5개 + 매직 피니쉬 쿠션 + 립 크레용 3종 + 스터드 클러치){['화장품/미용', '색조메이크업', '마스카라']{12539537{00361112539537{http://image2.lotteimall.com/goods/37/95/53/12539537_H1.jpg{69,900원{http://www.lotteimall.com/goods/viewGoodsDetail.lotte?goods_no=12539537
2017/05/08 02:00:00{2017/05/08 03:00:00{lotte{07{[Cledbel] 끌레드벨 24K 황금 리프팅 마스크 70ml×9 + 콜라겐 세럼 30ml + 플라센타 세럼 30ml + 크림 50ml + 브러쉬{['화장품/미용', '스킨케어', '화장품세트']{12535895{00361112535895{http://image2.lotteimall.com/goods/95/58/53/12535895_H1.jpg{99,000원{http://www.lotteimall.com/goods/viewGoodsDetail.lotte?goods_no=12535895
2017/05/08 03:00:00{2017/05/08 03:30:00{lotte{07{{  {img{003611img{http://image2.lotteimall.com/goods///g/img_H1.jpg{{http://www.lotteimall.com/goods/viewGoodsDetail.lotte?goods_no=img
2017/05/08 03:30:00{2017/05/08 03:50:00{lotte{07{[BANILA B] 바닐라B 스트레치 셔츠 컬렉션{['패션의류', '여성의류', '블라우스/셔츠']{12537410{00361112537410{http://image2.lotteimall.com/goods/10/74/53/12537410_H1.jpg{69,000원{http://www.lotteimall.com/goods/viewGoodsDetail.lotte?goods_no=12537410
2017/05/08 03:50:00{2017/05/08 04:50:00{lotte{07{★[FEEL SPA+] 필스파플러스 바디 클렌져 200ml x 8ea + 여신브러쉬 x 2ea + 무료체험분, 롯데 단독 구성{['디지털/가전', '이미용가전']{12539414{00361112539414{http://image2.lotteimall.com/goods/14/94/53/12539414_H1.jpg{69,900원{http://www.lotteimall.com/goods/viewGoodsDetail.lotte?goods_no=12539414
2017/05/08 04:50:00{2017/05/08 05:50:00{lotte{07{[마마인하우스by박홍근][K] 마이크로 모달코튼(MOC) 침구 풀세트{['가구/인테리어', '침구세트', '이불베개세트', '더블/퀸이불베개세트']{12535305{00361112535305{http://image2.lotteimall.com/goods/05/53/53/12535305_H1.jpg{169,900원{http://www.lotteimall.com/goods/viewGoodsDetail.lotte?goods_no=12535305
2017/05/08 05:50:00{2017/05/08 06:15:00{lotte{07{웜앤나우 파블로 리프팅 팬츠 3종{['패션의류', '여성의류', '트레이닝복']{12534019{00361112534019{http://image2.lotteimall.com/goods/19/40/53/12534019_H1.jpg{49,000원{http://www.lotteimall.com/goods/viewGoodsDetail.lotte?goods_no=12534019
2017/05/08 06:15:00{2017/05/08 07:15:00{lotte{07{[프로스펙스][남성] 17 SS 퍼펙트 모션 트랙수트 5종 세트{['패션의류', '남성의류', '트레이닝복']{12537911{00361112537911{http://image2.lotteimall.com/goods/11/79/53/12537911_H1.jpg{129,000원{http://www.lotteimall.com/goods/viewGoodsDetail.lotte?goods_no=12537911
2017/05/08 07:15:00{2017/05/08 08:15:00{lotte{07{룰루까스따네뜨 엘리백 세트 Aile Bag set{['패션잡화', '여성가방', '숄더백']{12539157{00361112539157{http://image2.lotteimall.com/goods/57/91/53/12539157_H1.jpg{79,000원{http://www.lotteimall.com/goods/viewGoodsDetail.lotte?goods_no=12539157
2017/05/08 08:15:00{2017/05/08 09:25:00{lotte{07{[LBL] 프렌치 퓨어 린넨 원피스{['패션의류', '여성의류', '원피스']{12536339{00361112536339{http://image2.lotteimall.com/goods/39/63/53/12536339_H1.jpg{119,000원{http://www.lotteimall.com/goods/viewGoodsDetail.lotte?goods_no=12536339
2017/05/08 09:25:00{2017/05/08 10:25:00{lotte{07{HOTEL PARTICULIER 비스코스 혼방 실크터치 티셔츠 6종{['패션의류', '여성의류', '티셔츠']{12535601{00361112535601{http://image2.lotteimall.com/goods/01/56/53/12535601_H1.jpg{69,000원{http://www.lotteimall.com/goods/viewGoodsDetail.lotte?goods_no=12535601
2017/05/08 10:25:00{2017/05/08 11:35:00{lotte{07{[멀티 18+6] 대유 위니아 에어컨 프라임 멀티형 58.5㎡ + 18.7㎡ [WPVS18AWPHM]{['디지털/가전', '계절가전', '에어컨', '멀티형에어컨']{12539176{00361112539176{http://image2.lotteimall.com/goods/76/91/53/12539176_H1.jpg{2,299,000원{http://www.lotteimall.com/goods/viewGoodsDetail.lotte?goods_no=12539176
2017/05/08 11:35:00{2017/05/08 12:40:00{lotte{07{JOCKEY 2017 리얼핏 컬렉션{['패션의류', '여성언더웨어/잠옷', '브라팬티세트']{12534880{00361112534880{http://image2.lotteimall.com/goods/80/48/53/12534880_H1.jpg{119,000원{http://www.lotteimall.com/goods/viewGoodsDetail.lotte?goods_no=12534880
2017/05/08 12:40:00{2017/05/08 13:42:00{lotte{07{[GEIGER] 로맨틱 다이아몬드 쥬얼 워치{['패션잡화', '시계']{12538845{00361112538845{http://image2.lotteimall.com/goods/45/88/53/12538845_H1.jpg{160,000원{http://www.lotteimall.com/goods/viewGoodsDetail.lotte?goods_no=12538845
2017/05/08 13:42:00{2017/05/08 14:40:00{lotte{07{AIG NEW실버통합플랜 건강보험(일반){  {12538181{00361112538181{http://image2.lotteimall.com/goods/81/81/53/12538181_H1.jpg{{http://www.lotteimall.com/goods/viewGoodsDetail.lotte?goods_no=12538181
2017/05/08 14:40:00{2017/05/08 15:40:00{lotte{07{[베스트몬테인][여성] 퓨어코튼 네츄럴셔츠 컬렉션 8종{['패션의류', '여성의류', '조끼']{12537730{00361112537730{http://image2.lotteimall.com/goods/30/77/53/12537730_H1.jpg{59,000원{http://www.lotteimall.com/goods/viewGoodsDetail.lotte?goods_no=12537730
2017/05/08 15:40:00{2017/05/08 16:25:00{lotte{07{[iMAGE] 이마쥬 올데이 퍼펙트 쉐이퍼 패키지{['패션의류', '여성언더웨어/잠옷', '브라팬티세트']{12537873{00361112537873{http://image2.lotteimall.com/goods/73/78/53/12537873_H1.jpg{99,000원{http://www.lotteimall.com/goods/viewGoodsDetail.lotte?goods_no=12537873
2017/05/08 16:25:00{2017/05/08 17:10:00{lotte{07{플로리다 자몽 1박스 15kg{['식품', '농산물', '과일', '자몽']{12540491{00361112540491{http://image2.lotteimall.com/goods/91/04/54/12540491_H1.jpg{40,900원{http://www.lotteimall.com/goods/viewGoodsDetail.lotte?goods_no=12540491
2017/05/08 17:10:00{2017/05/08 17:50:00{lotte{07{흥국생명 헬스케어암보험(일반){  {12539019{00361112539019{http://image2.lotteimall.com/goods/19/90/53/12539019_H1.jpg{{http://www.lotteimall.com/goods/viewGoodsDetail.lotte?goods_no=12539019
2017/05/08 17:50:00{2017/05/08 18:40:00{lotte{07{홈셰프 에드워드권 스프 5종 세트(총 93봉){['생활/건강', '주방용품', '프라이팬']{12536027{00361112536027{http://image2.lotteimall.com/goods/27/60/53/12536027_H1.jpg{59,900원{http://www.lotteimall.com/goods/viewGoodsDetail.lotte?goods_no=12536027
2017/05/08 18:40:00{2017/05/08 19:40:00{lotte{07{[4병]헐리우드48시간 (947ml*4병){['식품', '다이어트식품', '기타다이어트식품']{12537951{00361112537951{http://image2.lotteimall.com/goods/51/79/53/12537951_H1.jpg{79,000원{http://www.lotteimall.com/goods/viewGoodsDetail.lotte?goods_no=12537951
2017/05/08 19:40:00{2017/05/08 20:40:00{lotte{07{[푸마][남성] 17 썸머 에어 쿨 맥스 트랙수트 3종{['패션의류', '남성의류', '트레이닝복']{12539689{00361112539689{http://image2.lotteimall.com/goods/89/96/53/12539689_H1.jpg{119,000원{http://www.lotteimall.com/goods/viewGoodsDetail.lotte?goods_no=12539689
2017/05/08 20:40:00{2017/05/08 21:45:00{lotte{07{LG 퓨리케어 정수기 렌탈{['디지털/가전', '주방가전', '정수기', '냉온정수기']{12539742{00361112539742{http://image2.lotteimall.com/goods/42/97/53/12539742_H1.jpg{{http://www.lotteimall.com/goods/viewGoodsDetail.lotte?goods_no=12539742
2017/05/08 21:45:00{2017/05/08 22:45:00{lotte{07{에이스화재 나만의 맞춤 암보험(일반){  {12536047{00361112536047{http://image2.lotteimall.com/goods/47/60/53/12536047_H1.jpg{{http://www.lotteimall.com/goods/viewGoodsDetail.lotte?goods_no=12536047
2017/05/08 22:45:00{2017/05/08 23:50:00{lotte{07{JOCKEY 쟈키 리얼핏 슈퍼 볼륨 SALE 특집{['패션의류', '여성언더웨어/잠옷', '브라팬티세트']{12540472{00361112540472{http://image2.lotteimall.com/goods/72/04/54/12540472_H1.jpg{119,000원{http://www.lotteimall.com/goods/viewGoodsDetail.lotte?goods_no=12540472
2017/05/08 16:38:00{2017/05/08 16:38:00{kshop{07{(TV) 바두기 펫 드라이룸{['생활/건강', '애완', '애견용품', '미용용품']{353095{003711353095{http://imgs.kshop.co.kr/goods/095/353095_g_20160615173004.jpg{144000{http://www.kshop.co.kr/goods/353095
2017/05/08 17:38:00{2017/05/08 17:38:00{kshop{07{(TV)비비고 만두 5종세트_15봉{  {329682{003711329682{http://imgs.kshop.co.kr/goods/682/329682_g_20170216174646.jpg{37900{http://www.kshop.co.kr/goods/329682
2017/05/08 18:39:00{2017/05/08 18:39:00{kshop{07{(TV)종근당건강 아이클리어 루테인 2만원 세일{  {313806{003711313806{http://imgs.kshop.co.kr/goods/806/313806_g_20161104180829.jpg{77000{http://www.kshop.co.kr/goods/313806
2017/05/08 19:39:00{2017/05/08 19:39:00{kshop{07{코치맨 레더백{['패션잡화', '남성가방', '크로스백']{350832{003711350832{http://imgs.kshop.co.kr/goods/832/350832_g_20170502140908.jpg{227000{http://www.kshop.co.kr/goods/350832
2017/05/08 19:39:00{2017/05/08 19:39:00{kshop{07{코치맨 시그니처백{['패션잡화', '여성가방', '크로스백']{350831{003711350831{http://imgs.kshop.co.kr/goods/831/350831_g_20170502140836.jpg{227000{http://www.kshop.co.kr/goods/350831
2017/05/08 19:39:00{2017/05/08 19:39:00{kshop{07{코치 자카드 파일(컬러추가){  {350830{003711350830{http://imgs.kshop.co.kr/goods/830/350830_g_20170502140801.jpg{167000{http://www.kshop.co.kr/goods/350830
2017/05/08 20:39:00{2017/05/08 20:39:00{kshop{07{(TV_직매입) 터보 식스팩_50프로 할인{['스포츠/레저', '헬스', '복근운동기구']{345542{003711345542{http://imgs.kshop.co.kr/goods/542/345542_g_20170306132728.jpg{157000{http://www.kshop.co.kr/goods/345542
2017/05/08 21:39:00{2017/05/08 21:39:00{kshop{07{2017 풍기인견 남성 트렁크 5차{  {337939{003711337939{http://imgs.kshop.co.kr/goods/939/337939_g_20170428145452.jpg{67900{http://www.kshop.co.kr/goods/337939
2017/05/08 21:39:00{2017/05/08 21:39:00{kshop{07{2017 풍기인견 남성 런닝 5차{  {337937{003711337937{http://imgs.kshop.co.kr/goods/937/337937_g_20170428145355.jpg{67900{http://www.kshop.co.kr/goods/337937
2017/05/08 21:39:00{2017/05/08 21:39:00{kshop{07{2017 풍기인견 남성 드로즈 5차{  {337938{003711337938{http://imgs.kshop.co.kr/goods/938/337938_g_20170428145424.jpg{67900{http://www.kshop.co.kr/goods/337938
2017/05/08 22:40:00{2017/05/08 22:40:00{kshop{07{(TV) 롯데렌터카_신차장기 5월조건{  {351986{003711351986{http://imgs.kshop.co.kr/goods/986/351986_g_20151208185801.jpg{0{http://www.kshop.co.kr/goods/351986
2017/05/08 23:40:00{2017/05/08 23:40:00{kshop{07{(TV_기습)대서양 손질갈치_30토막{['식품', '수산', '생선', '갈치']{334318{003711334318{http://imgs.kshop.co.kr/goods/318/334318_g_20170307171237.jpg{27900{http://www.kshop.co.kr/goods/334318
2017/05/08 23:55:00{2017/05/08 23:55:00{kshop{07{(TV)코지마 안마의자 오딧세이{['생활/건강', '안마용품', '안마의자']{334957{003711334957{http://imgs.kshop.co.kr/goods/957/334957_g_20170417184348.jpg{1970000{http://www.kshop.co.kr/goods/334957
2017/05/08 23:54:00{2017/05/08 23:54:00{kshop{07{(TV)모비스 컬쿠션 카매트_승용차(전열){['출산/육아', '완구/매트']{334953{003711334953{http://imgs.kshop.co.kr/goods/953/334953_g_20170310133703.jpg{69900{http://www.kshop.co.kr/goods/334953
2017/05/08 00:54:00{2017/05/08 00:54:00{kshop{07{(TV) 선일금고 UP시리즈(60L)_특대형{  {352924{003711352924{http://imgs.kshop.co.kr/goods/924/352924_g_20170420113330.jpg{888000{http://www.kshop.co.kr/goods/352924
2017/05/08 00:54:00{2017/05/08 00:54:00{kshop{07{(TV) 선일금고 UP시리즈(42L)_대형{  {352925{003711352925{http://imgs.kshop.co.kr/goods/925/352925_g_20170420113204.jpg{588000{http://www.kshop.co.kr/goods/352925
2017/05/08 01:54:00{2017/05/08 01:54:00{kshop{07{(TV_방송_직)몬스팀 고압 스팀청소기{  {347281{003711347281{http://imgs.kshop.co.kr/goods/281/347281_g_20170320142853.jpg{87000{http://www.kshop.co.kr/goods/347281
2017/05/08 02:55:00{2017/05/08 02:55:00{kshop{07{(TV방송_직)2017아쿠아픽 구강세정기+사은품2종{['디지털/가전', '생활가전', '구강청정기', '구강세정기']{346411{003711346411{http://imgs.kshop.co.kr/goods/411/346411_g_20170331132114.jpg{123000{http://www.kshop.co.kr/goods/346411
2017/05/08 03:55:00{2017/05/08 03:55:00{kshop{07{(방송_직_1+1)이즈미 전기면도기(IKR-2100)+고데기{  {346269{003711346269{http://imgs.kshop.co.kr/goods/269/346269_g_20161219145737.jpg{157500{http://www.kshop.co.kr/goods/346269
2017/05/08 03:55:00{2017/05/08 03:55:00{kshop{07{(TV)이즈미 전기면도기(IKR-2100)+고데기{  {346270{003711346270{http://imgs.kshop.co.kr/goods/270/346270_g_20160204165749.jpg{127500{http://www.kshop.co.kr/goods/346270
2017/05/08 05:15:00{2017/05/08 05:15:00{kshop{07{은성침장 손누빔 차렵패드세트 퀸 (1만원 인하){['가구/인테리어', '침구단품', '패드', '더블/퀸/킹패드']{347621{003711347621{http://imgs.kshop.co.kr/goods/621/347621_g_20170228165643.jpg{57900{http://www.kshop.co.kr/goods/347621
2017/05/08 05:15:00{2017/05/08 05:15:00{kshop{07{은성침장 손누빔 차렵패드세트 슈퍼싱글(1만원 인하){['가구/인테리어', '침구세트', '이불패드세트', '슈퍼싱글이불패드세트']{347620{003711347620{http://imgs.kshop.co.kr/goods/620/347620_g_20170228165710.jpg{47900{http://www.kshop.co.kr/goods/347620
2017/05/08 05:15:00{2017/05/08 05:15:00{kshop{07{은성침장 손누빔 차렵패드세트 킹(1만원 인하){['가구/인테리어', '침구세트', '이불패드세트', '킹이불패드세트']{347622{003711347622{http://imgs.kshop.co.kr/goods/622/347622_g_20170228170104.jpg{67900{http://www.kshop.co.kr/goods/347622
2017/05/08 06:16:00{2017/05/08 06:16:00{kshop{07{(방송중)2017 휠라 스킨가드셔츠 4종(남성){  {346703{003711346703{http://imgs.kshop.co.kr/goods/703/346703_g_20170420112932.jpg{74900{http://www.kshop.co.kr/goods/346703
2017/05/08 06:16:00{2017/05/08 06:16:00{kshop{07{(방송중)2017 휠라 스킨가드셔츠 4종(여성){['스포츠/레저', '수영', '비치웨어', '여성상의']{346704{003711346704{http://imgs.kshop.co.kr/goods/704/346704_g_20170420113047.jpg{74900{http://www.kshop.co.kr/goods/346704
2017/05/08 07:16:00{2017/05/08 07:16:00{kshop{07{(TV)Dole 후룻앤넛츠 레드라벨_직택{['식품', '농산물', '견과류', '기타견과류']{346824{003711346824{http://imgs.kshop.co.kr/goods/824/346824_g_20170412092052.jpg{36900{http://www.kshop.co.kr/goods/346824
2017/05/08 07:36:00{2017/05/08 07:36:00{kshop{07{(TV_특) 에버홈 쿠킹마스터{  {340009{003711340009{http://imgs.kshop.co.kr/goods/009/340009_g_20170405130237.jpg{107000{http://www.kshop.co.kr/goods/340009
2017/05/08 08:36:00{2017/05/08 08:36:00{kshop{07{버팔로 남 컴포트화 2{  {334657{003711334657{http://imgs.kshop.co.kr/goods/657/334657_g_20170324132815.jpg{61000{http://www.kshop.co.kr/goods/334657
2017/05/08 08:36:00{2017/05/08 08:36:00{kshop{07{버팔로 여 컴포트화 2{  {334658{003711334658{http://imgs.kshop.co.kr/goods/658/334658_g_20170324132915.jpg{61000{http://www.kshop.co.kr/goods/334658
2017/05/08 09:36:00{2017/05/08 09:36:00{kshop{07{프로스펙스 대박 드로즈 10종{['패션의류', '남성언더웨어/잠옷', '팬티']{346752{003711346752{http://imgs.kshop.co.kr/goods/752/346752_g_20170410163032.jpg{46900{http://www.kshop.co.kr/goods/346752
2017/05/08 09:36:00{2017/05/08 09:36:00{kshop{07{프로스펙스 대박 런닝 10종{['패션의류', '남성언더웨어/잠옷', '러닝']{346750{003711346750{http://imgs.kshop.co.kr/goods/750/346750_g_20170410162824.jpg{46900{http://www.kshop.co.kr/goods/346750
2017/05/08 09:36:00{2017/05/08 09:36:00{kshop{07{프로스펙스 대박 트렁크 10종{['패션의류', '남성언더웨어/잠옷', '팬티']{346751{003711346751{http://imgs.kshop.co.kr/goods/751/346751_g_20170410162854.jpg{46900{http://www.kshop.co.kr/goods/346751
2017/05/08 10:37:00{2017/05/08 10:37:00{kshop{07{(TV)미라클리닉 석고 마스크팩 5박스+앰플{['화장품/미용', '마스크/팩', '마스크시트']{353351{003711353351{http://imgs.kshop.co.kr/goods/351/353351_g_20170324133624.jpg{77000{http://www.kshop.co.kr/goods/353351
2017/05/08 11:37:00{2017/05/08 11:37:00{kshop{07{(TV) 이영애 교원 웰스 정수기(tt헬스, mini s, tt){  {351880{003711351880{http://imgs.kshop.co.kr/goods/880/351880_g_20170502141222.jpg{0{http://www.kshop.co.kr/goods/351880
2017/05/08 12:38:00{2017/05/08 12:38:00{kshop{07{슬레진저 봄 남성트레킹화 + 워킹화 {['스포츠/레저', '등산', '등산화']{323981{003711323981{http://imgs.kshop.co.kr/goods/981/323981_g_20170209162411.jpg{38800{http://www.kshop.co.kr/goods/323981
2017/05/08 12:38:00{2017/05/08 12:38:00{kshop{07{슬레진저 봄 여성트레킹화 + 워킹화 {['스포츠/레저', '등산', '등산화']{323982{003711323982{http://imgs.kshop.co.kr/goods/982/323982_g_20170201165650.jpg{38800{http://www.kshop.co.kr/goods/323982
2017/05/08 13:38:00{2017/05/08 13:38:00{kshop{07{(TV_방송) 싹쓰 아쿠아청소기+사은품(아쿠아브러쉬1개+극세사패드1개){  {346675{003711346675{http://imgs.kshop.co.kr/goods/675/346675_g_20170221100309.jpg{67000{http://www.kshop.co.kr/goods/346675
2017/05/08 14:38:00{2017/05/08 14:38:00{kshop{07{(최다구성)샤밀리앙 런닝형 노와이어 란제리 17종 {  {349429{003711349429{http://imgs.kshop.co.kr/goods/429/349429_g_20170502140321.jpg{77900{http://www.kshop.co.kr/goods/349429
2017/05/08 15:38:00{2017/05/08 15:38:00{kshop{07{(TV) 부라더미싱 T3125+사은품(와이드테이블+티포트세트+실용아이템3종패턴){['디지털/가전', '생활가전', '재봉틀']{345544{003711345544{http://imgs.kshop.co.kr/goods/544/345544_g_20170407151630.png{294000{http://www.kshop.co.kr/goods/345544
