2017/04/26 00:10:00{2017/04/26 01:00:00{gsshop{07{[블라키] 최초공개 여름 신상! 리까모(RICAMO) 여성데님 2종{패션의류{여성의류{청바지{{25499847{00071125499847{http://image.gsshop.com/image/25/49/25499847_L1.jpg{89,000{http://with.gsshop.com/prd/prd.gs?prdid=25499847
2017/04/26 00:10:00{2017/04/26 01:00:00{gsshop{07{[블라키] 최초공개 여름 신상! 리까모(RICAMO) 남성데님 2종{패션의류{남성의류{청바지{{25500348{00071125500348{http://image.gsshop.com/image/25/50/25500348_L1.jpg{89,000{http://with.gsshop.com/prd/prd.gs?prdid=25500348
2017/04/26 01:00:00{2017/04/26 02:00:00{gsshop{07{★전고객 페이스롤러 증정★이자녹스 링클포커스 크림{화장품/미용{스킨케어{화장품세트{{25487618{00071125487618{http://image.gsshop.com/image/25/48/25487618_L1.jpg{89,000{http://with.gsshop.com/prd/prd.gs?prdid=25487618
2017/04/26 02:00:00{2017/04/26 02:50:00{gsshop{07{[TS] 올뉴 티에스 샴푸 (샴푸 구성){화장품/미용{헤어케어{샴푸{{17960116{00071117960116{http://image.gsshop.com/image/17/96/17960116_L1.jpg{79,900{http://with.gsshop.com/prd/prd.gs?prdid=17960116
2017/04/26 02:00:00{2017/04/26 02:50:00{gsshop{07{[TS] 올뉴 티에스 샴푸 (기기 포함 구성){화장품/미용{헤어케어{샴푸{{17959919{00071117959919{http://image.gsshop.com/image/17/95/17959919_L1.jpg{79,900{http://with.gsshop.com/prd/prd.gs?prdid=17959919
2017/04/26 02:50:00{2017/04/26 03:20:00{gsshop{07{L)더블액션 스팀큐2 스팀다리미{디지털/가전{생활가전{다리미{스팀다리미{24619962{00071124619962{http://image.gsshop.com/image/24/61/24619962_L1.jpg{68,800{http://with.gsshop.com/prd/prd.gs?prdid=24619962
2017/04/26 03:20:00{2017/04/26 03:50:00{gsshop{07{[페리엘리스] 여성용 천연소가죽 클라우드스니커즈{패션잡화{여성신발{단화{스니커즈{24805124{00071124805124{http://image.gsshop.com/image/24/80/24805124_L1.jpg{79,000{http://with.gsshop.com/prd/prd.gs?prdid=24805124
2017/04/26 03:20:00{2017/04/26 03:50:00{gsshop{07{[페리엘리스] 남성용 천연소가죽 클라우드스니커즈{패션잡화{남성신발{스니커즈{{24805226{00071124805226{http://image.gsshop.com/image/24/80/24805226_L1.jpg{79,000{http://with.gsshop.com/prd/prd.gs?prdid=24805226
2017/04/26 03:51:00{2017/04/26 04:50:00{gsshop{07{★참존 De-age CRD 크레이지 가격 구성★{화장품/미용{스킨케어{화장품세트{{17746993{00071117746993{http://image.gsshop.com/image/17/74/17746993_L1.jpg{43,900{http://with.gsshop.com/prd/prd.gs?prdid=17746993
2017/04/26 04:50:00{2017/04/26 05:30:00{gsshop{07{17신상 중독핏!!! ★ 꾸즈 라이크라 데님 3종 ★{패션의류{여성의류{청바지{{24271243{00071124271243{http://image.gsshop.com/image/24/27/24271243_L1.jpg{49,000{http://with.gsshop.com/prd/prd.gs?prdid=24271243
2017/04/26 06:00:00{2017/04/26 07:15:00{gsshop{07{[본품론칭이후최다구성]퓨어 아사이베리 10+4박스{식품{다이어트식품{기타다이어트식품{{19702109{00071119702109{http://image.gsshop.com/image/19/70/19702109_L1.jpg{153,000{http://with.gsshop.com/prd/prd.gs?prdid=19702109
2017/04/26 07:15:00{2017/04/26 08:15:00{gsshop{07{17신상, 중독 핏 ★ 꾸즈 컴포트 재킷 1종 ★{패션의류{여성의류{재킷{{24272342{00071124272342{http://image.gsshop.com/image/24/27/24272342_L1.jpg{59,000{http://with.gsshop.com/prd/prd.gs?prdid=24272342
2017/04/26 07:15:00{2017/04/26 08:15:00{gsshop{07{입으면 중독주의!!! 입으면 벗을 수 없는 편안함!!!17신상!!! 중독핏!!! ★ 꾸즈 쿨스킨 슬렉스 4종 ★{{{{{24272076{00071124272076{http://image.gsshop.com/image/24/27/24272076_L1.jpg{79,000{http://with.gsshop.com/prd/prd.gs?prdid=24272076
2017/04/26 09:25:00{2017/04/26 10:25:00{gsshop{07{천지양 명품 홍삼정 골드{식품{건강식품{홍삼{{25332635{00071125332635{http://image.gsshop.com/image/25/33/25332635_L1.jpg{267,000{http://with.gsshop.com/prd/prd.gs?prdid=25332635
2017/04/26 10:25:00{2017/04/26 11:35:00{gsshop{07{★슈퍼맨 선스틱★ [포피네] 퍼펙트 디펜스 선스틱{화장품/미용{선케어{선밤{{25031311{00071125031311{http://image.gsshop.com/image/25/03/25031311_L1.jpg{59,410{http://with.gsshop.com/prd/prd.gs?prdid=25031311
2017/04/26 11:35:00{2017/04/26 12:40:00{gsshop{07{하루 한알 맛있게 항산화[그린너트] 브라질너트 120g * 20팩(총 2.4kg){{{{{24284831{00071124284831{http://image.gsshop.com/image/24/28/24284831_L1.jpg{134,900{http://with.gsshop.com/prd/prd.gs?prdid=24284831
2017/04/26 11:35:00{2017/04/26 12:40:00{gsshop{07{하루 한알 맛있게 항산화[그린너트] 브라질너트 120g * 10팩(총 1.2kg){{{{{24343683{00071124343683{http://image.gsshop.com/image/24/34/24343683_L1.jpg{78,900{http://with.gsshop.com/prd/prd.gs?prdid=24343683
2017/04/26 12:40:00{2017/04/26 13:40:00{gsshop{07{완벽 스타일링! 퍼펙트 스타일 코디!!!17신상 ★르윗★ 블라우스_데님 4종{{{{{24813062{00071124813062{http://image.gsshop.com/image/24/81/24813062_L1.jpg{89,000{http://with.gsshop.com/prd/prd.gs?prdid=24813062
2017/04/26 12:40:00{2017/04/26 13:40:00{gsshop{07{17신상 여신 느낌 !!! ★코인코즈★ 실키 티블라우스 5종{패션의류{여성의류{블라우스/셔츠{{24799075{00071124799075{http://image.gsshop.com/image/24/79/24799075_L1.jpg{59,000{http://with.gsshop.com/prd/prd.gs?prdid=24799075
2017/04/26 13:40:00{2017/04/26 14:40:00{gsshop{07{★[백화점 판매 동일모델.최신! 2017년 1월출시 ]36개월 장기무이자★2017년형 LG 트롬 전기식 건조기 9kg 실버 [RH9SA]{{{{{25555942{00071125555942{http://image.gsshop.com/image/25/55/25555942_L1.jpg{1,390,000{http://with.gsshop.com/prd/prd.gs?prdid=25555942
2017/04/26 13:40:00{2017/04/26 14:40:00{gsshop{07{★[백화점 판매 동일모델.최신! 2017년 1월출시 ]36개월 장기무이자★2017년형 LG 트롬 전기식 건조기 9kg 화이트 [RH9WA]{{{{{25555919{00071125555919{http://image.gsshop.com/image/25/55/25555919_L1.jpg{1,290,000{http://with.gsshop.com/prd/prd.gs?prdid=25555919
2017/04/26 13:40:00{2017/04/26 14:40:00{gsshop{07{★[백화점 판매 동일모델.최신! 2017년 2월출시 ]36개월 장기무이자+GS단독 사은품★2017년형 LG 트롬 전기식 건조기 8kg 실버[RH8SD]{{{{{24662217{00071124662217{http://image.gsshop.com/image/24/66/24662217_L1.jpg{1,240,000{http://with.gsshop.com/prd/prd.gs?prdid=24662217
2017/04/26 13:40:00{2017/04/26 14:40:00{gsshop{07{★[백화점 판매 동일모델.최신! 2017년 2월출시 ]36개월 장기무이자+GS단독 사은품★2017년형 LG 트롬 전기식 건조기 8kg 화이트[RH8WD]{{{{{24662282{00071124662282{http://image.gsshop.com/image/24/66/24662282_L1.jpg{1,190,000{http://with.gsshop.com/prd/prd.gs?prdid=24662282
2017/04/26 14:40:00{2017/04/26 15:10:00{gsshop{07{삼성 진공청소기 VC33K5170LG{디지털/가전{생활가전{청소기{진공청소기{25453632{00071125453632{http://image.gsshop.com/image/25/45/25453632_L1.jpg{195,000{http://with.gsshop.com/prd/prd.gs?prdid=25453632
2017/04/26 15:10:00{2017/04/26 15:40:00{gsshop{07{★독일 no.1 브랜드 바이레다 주방용품 5종 증정★★바이레다 주방용품 5종증정★한율 빛담 올인원 빛크림 세트{{{{{25301940{00071125301940{http://image.gsshop.com/image/25/30/25301940_L1.jpg{80,000{http://with.gsshop.com/prd/prd.gs?prdid=25301940
2017/04/26 15:40:00{2017/04/26 16:40:00{gsshop{07{[4/26,15:40 방송중 198,000원]로보 이태리 양가죽 소프트 재킷{{{{{24515253{00071124515253{http://image.gsshop.com/image/24/51/24515253_L1.jpg{348,000{http://with.gsshop.com/prd/prd.gs?prdid=24515253
2017/04/26 15:40:00{2017/04/26 16:40:00{gsshop{07{최초2만원 SALE17 S/S 최신상 Jconiq  코튼 슬랙스 3종{{{{{24994555{00071124994555{http://image.gsshop.com/image/24/99/24994555_L1.jpg{49,000{http://with.gsshop.com/prd/prd.gs?prdid=24994555
2017/04/26 16:40:00{2017/04/26 17:40:00{gsshop{07{★17년 최신상 봄침구! [자연미학] 에어서커 침구세트 Q{가구/인테리어{침구세트{이불베개세트{더블/퀸이불베개세트{25357297{00071125357297{http://image.gsshop.com/image/25/35/25357297_L1.jpg{69,900{http://with.gsshop.com/prd/prd.gs?prdid=25357297
2017/04/26 16:40:00{2017/04/26 17:40:00{gsshop{07{★17년 최신상 봄침구! [자연미학] 에어서커 침구세트 K{가구/인테리어{침구세트{이불베개세트{{25357448{00071125357448{http://image.gsshop.com/image/25/35/25357448_L1.jpg{89,900{http://with.gsshop.com/prd/prd.gs?prdid=25357448
2017/04/26 16:40:00{2017/04/26 17:40:00{gsshop{07{★17년 최신상 봄침구! [자연미학] 에어서커 침구세트 SS{가구/인테리어{침구세트{이불베개세트{킹이불베개세트{25357637{00071125357637{http://image.gsshop.com/image/25/35/25357637_L1.jpg{65,900{http://with.gsshop.com/prd/prd.gs?prdid=25357637
2017/04/26 18:40:00{2017/04/26 19:35:00{gsshop{07{2017년 LG 최신 퓨리케어 슬림업다운 정수기{{{{{25139865{00071125139865{http://image.gsshop.com/image/25/13/25139865_L1.jpg{{http://with.gsshop.com/prd/prd.gs?prdid=25139865
2017/04/26 19:35:00{2017/04/26 20:40:00{gsshop{07{60여년 전통의 국내최초 어묵베이커리~~ 줄서서 먹는 어묵[삼진어묵] 부산어묵 원조!!! 프리미엄 어묵세트{{{{{25453763{00071125453763{http://image.gsshop.com/image/25/45/25453763_L1.jpg{39,900{http://with.gsshop.com/prd/prd.gs?prdid=25453763
2017/04/26 20:40:00{2017/04/26 21:40:00{gsshop{07{★리엔케이 빛크림★ 초호화 구성{화장품/미용{스킨케어{크림{{25419593{00071125419593{http://image.gsshop.com/image/25/41/25419593_L1.jpg{98,000{http://with.gsshop.com/prd/prd.gs?prdid=25419593
2017/04/26 21:40:00{2017/04/26 23:40:00{gsshop{07{[NUFACE] 누페이스 트리니티 세트{디지털/가전{이미용가전{피부케어기기{{22526602{00071122526602{http://image.gsshop.com/image/22/52/22526602_L1.jpg{397,000{http://with.gsshop.com/prd/prd.gs?prdid=22526602
2017/04/26 21:40:00{2017/04/26 23:40:00{gsshop{07{[NUFACE] 누페이스 엘르(국소부위 집중 헤드){디지털/가전{이미용가전{피부케어기기{{23972185{00071123972185{http://image.gsshop.com/image/23/97/23972185_L1.jpg{198,000{http://with.gsshop.com/prd/prd.gs?prdid=23972185
2017/04/26 23:40:00{2017/04/26 00:10:00{gsshop{07{[덴비] 헤일로 4인조 브런치세트(20p){생활/건강{주방용품{식기{홈세트{25398618{00071125398618{http://image.gsshop.com/image/25/39/25398618_L1.jpg{349,000{http://with.gsshop.com/prd/prd.gs?prdid=25398618
2017/04/26 23:40:00{2017/04/26 00:10:00{gsshop{07{[덴비] 헤일로 2인조 브런치세트(14p){생활/건강{주방용품{식기{홈세트{25398757{00071125398757{http://image.gsshop.com/image/25/39/25398757_L1.jpg{249,000{http://with.gsshop.com/prd/prd.gs?prdid=25398757
2017/04/26 06:15:00{2017/04/26 07:15:00{hmall{07{수려한 진생 녹용콜라겐 기초세트{화장품/미용{스킨케어{화장품세트{{2049647371{0018112049647371{http://image.hyundaihmall.com/static/3/7/64/49/2049647371_0_170.jpg{158,000{http://www.hyundaihmall.com/front/pda/itemPtc.do?slitmCd=2049647371
2017/04/26 06:15:00{2017/04/26 07:15:00{hmall{07{수려한 진생 녹용콜라겐 기초3종{화장품/미용{스킨케어{크림{{2039196231{0018112039196231{http://image.hyundaihmall.com/static/2/6/19/39/2039196231_0_170.jpg{157,000{http://www.hyundaihmall.com/front/pda/itemPtc.do?slitmCd=2039196231
2017/04/26 06:15:00{2017/04/26 07:15:00{hmall{07{수려한 진생 녹용콜라겐 진액{화장품/미용{스킨케어{에센스{{2039196374{0018112039196374{http://image.hyundaihmall.com/static/3/6/19/39/2039196374_0_170.jpg{90,000{http://www.hyundaihmall.com/front/pda/itemPtc.do?slitmCd=2039196374
2017/04/26 06:15:00{2017/04/26 07:15:00{hmall{07{수려한 나이트 리페어 에센스{화장품/미용{스킨케어{아이케어{{2040827813{0018112040827813{http://image.hyundaihmall.com/static/8/7/82/40/2040827813_0_170.jpg{120,000{http://www.hyundaihmall.com/front/pda/itemPtc.do?slitmCd=2040827813
2017/04/26 06:15:00{2017/04/26 07:15:00{hmall{07{수려한 나이트 리페어 크림{화장품/미용{스킨케어{크림{{2040828515{0018112040828515{http://image.hyundaihmall.com/static/5/8/82/40/2040828515_0_170.jpg{120,000{http://www.hyundaihmall.com/front/pda/itemPtc.do?slitmCd=2040828515
2017/04/26 07:15:00{2017/04/26 08:15:00{hmall{07{Frosch 세제{생활/건강{생활용품{세제/세정제{일반주방세제{2049724555{0018112049724555{http://image.hyundaihmall.com/static/5/4/72/49/2049724555_0_170.jpg{68,900{http://www.hyundaihmall.com/front/pda/itemPtc.do?slitmCd=2049724555
2017/04/26 07:15:00{2017/04/26 08:15:00{hmall{07{Frosch 세제{생활/건강{생활용품{세제/세정제{일반주방세제{2048273825{0018112048273825{http://image.hyundaihmall.com/static/8/3/27/48/2048273825_0_170.jpg{68,900{http://www.hyundaihmall.com/front/pda/itemPtc.do?slitmCd=2048273825
2017/04/26 08:15:00{2017/04/26 10:25:00{hmall{07{조이너스 썸머 크레이프 쉬폰 블라우스 4종{패션의류{여성의류{블라우스/셔츠{{2049722940{0018112049722940{http://image.hyundaihmall.com/static/9/2/72/49/2049722940_0_170.jpg{89,900{http://www.hyundaihmall.com/front/pda/itemPtc.do?slitmCd=2049722940
2017/04/26 08:15:00{2017/04/26 10:25:00{hmall{07{조이너스 썸머 린넨라이크 테이퍼드 팬츠 4종{패션의류{여성의류{바지{{2049723931{0018112049723931{http://image.hyundaihmall.com/static/9/3/72/49/2049723931_0_170.jpg{79,900{http://www.hyundaihmall.com/front/pda/itemPtc.do?slitmCd=2049723931
2017/04/26 08:15:00{2017/04/26 10:25:00{hmall{07{조이너스 튜닉 니트4종 + 헨리넥 니트 4종(총 8종){패션의류{여성의류{니트/스웨터{{2047128700{0018112047128700{http://image.hyundaihmall.com/static/7/8/12/47/2047128700_0_170.jpg{59,900{http://www.hyundaihmall.com/front/pda/itemPtc.do?slitmCd=2047128700
2017/04/26 08:15:00{2017/04/26 10:25:00{hmall{07{RODIER 로디에 클라리 린넨(47%) 2종세트{패션잡화{여성가방{숄더백{{2049071559{0018112049071559{http://image.hyundaihmall.com/static/5/1/07/49/2049071559_0_170.jpg{69,900{http://www.hyundaihmall.com/front/pda/itemPtc.do?slitmCd=2049071559
2017/04/26 10:25:00{2017/04/26 11:40:00{hmall{07{Gtech 무선청소기 풀세트{디지털/가전{생활가전{청소기{소형청소기{2049371472{0018112049371472{http://image.hyundaihmall.com/static/4/1/37/49/2049371472_0_170.jpg{499,000{http://www.hyundaihmall.com/front/pda/itemPtc.do?slitmCd=2049371472
2017/04/26 10:25:00{2017/04/26 11:40:00{hmall{07{Gtech 무선청소기 기본구성{디지털/가전{생활가전{청소기{소형청소기{2049371644{0018112049371644{http://image.hyundaihmall.com/static/6/1/37/49/2049371644_0_170.jpg{399,000{http://www.hyundaihmall.com/front/pda/itemPtc.do?slitmCd=2049371644
2017/04/26 11:40:00{2017/04/26 13:40:00{hmall{07{펜디 선글라스(FF0032/F/S){패션잡화{선글라스/안경테{선글라스{{2049652763{0018112049652763{http://image.hyundaihmall.com/static/7/2/65/49/2049652763_0_170.jpg{248,000{http://www.hyundaihmall.com/front/pda/itemPtc.do?slitmCd=2049652763
2017/04/26 11:40:00{2017/04/26 13:40:00{hmall{07{펜디 아델리아 실크스카프(FXT085-SYL){{{{{2039795229{0018112039795229{http://image.hyundaihmall.com/static/2/5/79/39/2039795229_0_170.jpg{348,000{http://www.hyundaihmall.com/front/pda/itemPtc.do?slitmCd=2039795229
2017/04/26 11:40:00{2017/04/26 13:40:00{hmall{07{펜디 닷컴 클릭백(8BN299-SGJ){패션잡화{여성가방]{{{2049306508{0018112049306508{http://image.hyundaihmall.com/static/5/6/30/49/2049306508_0_170.jpg{2,990,000{http://www.hyundaihmall.com/front/pda/itemPtc.do?slitmCd=2049306508
2017/04/26 11:40:00{2017/04/26 13:40:00{hmall{07{펜디 닷컴백(8BN299-U9M){패션잡화{여성가방{토트백{{2049306287{0018112049306287{http://image.hyundaihmall.com/static/2/6/30/49/2049306287_0_170.jpg{2,590,000{http://www.hyundaihmall.com/front/pda/itemPtc.do?slitmCd=2049306287
2017/04/26 11:40:00{2017/04/26 13:40:00{hmall{07{론카토 우노(UNO) 프리미엄 특대형 캐리어{패션잡화{여행용가방/소품{하드캐리어{중대형{2049649387{0018112049649387{http://image.hyundaihmall.com/static/3/9/64/49/2049649387_0_170.jpg{499,000{http://www.hyundaihmall.com/front/pda/itemPtc.do?slitmCd=2049649387
2017/04/26 11:40:00{2017/04/26 13:40:00{hmall{07{론카토 우노(UNO) 프리미엄 대형 캐리어{패션잡화{여행용가방/소품{하드캐리어{중대형{2049650188{0018112049650188{http://image.hyundaihmall.com/static/1/0/65/49/2049650188_0_170.jpg{469,000{http://www.hyundaihmall.com/front/pda/itemPtc.do?slitmCd=2049650188
2017/04/26 11:40:00{2017/04/26 13:40:00{hmall{07{론카토 우노(UNO) 프리미엄 소형 캐리어{패션잡화{여행용가방/소품{하드캐리어{중대형{2049650385{0018112049650385{http://image.hyundaihmall.com/static/3/0/65/49/2049650385_0_170.jpg{399,000{http://www.hyundaihmall.com/front/pda/itemPtc.do?slitmCd=2049650385
2017/04/26 11:40:00{2017/04/26 13:40:00{hmall{07{구찌 선글라스(GG3726){패션잡화{선글라스/안경테{선글라스{{2047268521{0018112047268521{http://image.hyundaihmall.com/static/5/8/26/47/2047268521_0_170.jpg{348,000{http://www.hyundaihmall.com/front/pda/itemPtc.do?slitmCd=2047268521
2017/04/26 11:40:00{2017/04/26 13:40:00{hmall{07{구찌 소호 디스코백(308364-A7M0G){패션잡화{여성가방{크로스백{{2042348514{0018112042348514{http://image.hyundaihmall.com/static/5/8/34/42/2042348514_0_170.jpg{1,380,000{http://www.hyundaihmall.com/front/pda/itemPtc.do?slitmCd=2042348514
2017/04/26 11:40:00{2017/04/26 13:40:00{hmall{07{구찌 GG 수프림 캔버스 탑 핸들 백(409529-KLQHG) - 브라운{패션잡화{여성가방{토트백{{2046586422{0018112046586422{http://image.hyundaihmall.com/static/4/6/58/46/2046586422_0_170.jpg{1,780,000{http://www.hyundaihmall.com/front/pda/itemPtc.do?slitmCd=2046586422
2017/04/26 11:40:00{2017/04/26 13:40:00{hmall{07{구찌 리버서블 GG 가죽 토트백(368568-A9810){패션잡화{여성가방{토트백{{2046586898{0018112046586898{http://image.hyundaihmall.com/static/8/6/58/46/2046586898_0_170.jpg{1,560,000{http://www.hyundaihmall.com/front/pda/itemPtc.do?slitmCd=2046586898
2017/04/26 11:40:00{2017/04/26 13:40:00{hmall{07{구찌 소호 탑핸들 레더백(369176-A7M0G){패션잡화{여성가방{숄더백{{2042348528{0018112042348528{http://image.hyundaihmall.com/static/5/8/34/42/2042348528_0_170.jpg{2,250,000{http://www.hyundaihmall.com/front/pda/itemPtc.do?slitmCd=2042348528
2017/04/26 11:40:00{2017/04/26 13:40:00{hmall{07{구찌 소호 레더숄더백(408825-A7M0G){패션잡화{여성가방{숄더백{{2042348531{0018112042348531{http://image.hyundaihmall.com/static/5/8/34/42/2042348531_0_170.jpg{2,290,000{http://www.hyundaihmall.com/front/pda/itemPtc.do?slitmCd=2042348531
2017/04/26 11:40:00{2017/04/26 13:40:00{hmall{07{구찌 소호 레더숄더백(408825-A7M0G){패션잡화{여성가방{숄더백{{2040589719{0018112040589719{http://image.hyundaihmall.com/static/7/9/58/40/2040589719_0_170.jpg{2,290,000{http://www.hyundaihmall.com/front/pda/itemPtc.do?slitmCd=2040589719
2017/04/26 11:40:00{2017/04/26 13:40:00{hmall{07{구찌 GG슈프림 체인백(409535-KLQHG){패션잡화{여성가방{숄더백{{2042348534{0018112042348534{http://image.hyundaihmall.com/static/5/8/34/42/2042348534_0_170.jpg{1,300,000{http://www.hyundaihmall.com/front/pda/itemPtc.do?slitmCd=2042348534
2017/04/26 11:40:00{2017/04/26 13:40:00{hmall{07{구찌 오리지널 GG 캔버스 숄더백(412008-KQWYG){패션잡화{여성가방]{{{2046586663{0018112046586663{http://image.hyundaihmall.com/static/6/6/58/46/2046586663_0_170.jpg{1,270,000{http://www.hyundaihmall.com/front/pda/itemPtc.do?slitmCd=2046586663
2017/04/26 11:40:00{2017/04/26 13:40:00{hmall{07{비비안웨스트우드 ORB 젤리슈즈(SPACE LOVE){패션잡화{여성신발{샌들{{2047673602{0018112047673602{http://image.hyundaihmall.com/static/6/3/67/47/2047673602_0_170.jpg{179,000{http://www.hyundaihmall.com/front/pda/itemPtc.do?slitmCd=2047673602
2017/04/26 11:40:00{2017/04/26 13:40:00{hmall{07{비비안웨스트우드 리본 젤리슈즈(ULTRA GIRL){패션잡화{여성신발{단화{플랫{2047673079{0018112047673079{http://image.hyundaihmall.com/static/0/3/67/47/2047673079_0_170.jpg{179,000{http://www.hyundaihmall.com/front/pda/itemPtc.do?slitmCd=2047673079
2017/04/26 13:40:00{2017/04/26 14:40:00{hmall{07{뱅네프 생토노레 사봉 파퓨메 1779 방송패키지{화장품/미용{클렌징{클렌징비누{{2049072415{0018112049072415{http://image.hyundaihmall.com/static/4/2/07/49/2049072415_0_170.jpg{69,000{http://www.hyundaihmall.com/front/pda/itemPtc.do?slitmCd=2049072415
2017/04/26 13:40:00{2017/04/26 14:40:00{hmall{07{뱅네프 생토노레 사봉 파퓨메 1779 135g{화장품/미용{클렌징{클렌징비누{{2049571007{0018112049571007{http://image.hyundaihmall.com/static/0/1/57/49/2049571007_0_170.jpg{18,900{http://www.hyundaihmall.com/front/pda/itemPtc.do?slitmCd=2049571007
2017/04/26 13:40:00{2017/04/26 14:40:00{hmall{07{뱅네프 생토노레 사봉 파퓨메 1779 60g{화장품/미용{클렌징{클렌징비누{{2049706295{0018112049706295{http://image.hyundaihmall.com/static/2/6/70/49/2049706295_0_170.jpg{12,900{http://www.hyundaihmall.com/front/pda/itemPtc.do?slitmCd=2049706295
2017/04/26 14:40:00{2017/04/26 15:40:00{hmall{07{에이스  치아안심 보험{{{{{2045941535{0018112045941535{http://image.hyundaihmall.com/static/5/1/94/45/2045941535_0_170.jpg{{http://www.hyundaihmall.com/front/pda/itemPtc.do?slitmCd=2045941535
2017/04/26 15:40:00{2017/04/26 16:40:00{hmall{07{신영와코루 아네타 프리미엄 더블-리프팅 란쥬 컬렉션{패션의류{여성언더웨어/잠옷{보정속옷{올인원/바디쉐이퍼{2048252778{0018112048252778{http://image.hyundaihmall.com/static/7/2/25/48/2048252778_0_170.jpg{79,000{http://www.hyundaihmall.com/front/pda/itemPtc.do?slitmCd=2048252778
2017/04/26 15:40:00{2017/04/26 16:40:00{hmall{07{[단품]신영와코루 아네타 프리미엄 더블-리프팅 란쥬세트 (핑크){패션의류{여성언더웨어/잠옷{브라팬티세트{{2046710975{0018112046710975{http://image.hyundaihmall.com/static/9/0/71/46/2046710975_0_170.jpg{85,000{http://www.hyundaihmall.com/front/pda/itemPtc.do?slitmCd=2046710975
2017/04/26 15:40:00{2017/04/26 16:40:00{hmall{07{[단품]신영와코루 아네타 프리미엄 더블-리프팅 란쥬세트 (다크네이비){패션의류{여성언더웨어/잠옷{보정속옷{올인원/바디쉐이퍼{2046711009{0018112046711009{http://image.hyundaihmall.com/static/0/1/71/46/2046711009_0_170.jpg{85,000{http://www.hyundaihmall.com/front/pda/itemPtc.do?slitmCd=2046711009
2017/04/26 15:40:00{2017/04/26 16:40:00{hmall{07{[단품]신영와코루 아네타 프리미엄 더블-리프팅 란쥬세트 (스킨){패션의류{여성언더웨어/잠옷{브라팬티세트{{2046711062{0018112046711062{http://image.hyundaihmall.com/static/0/1/71/46/2046711062_0_170.jpg{85,000{http://www.hyundaihmall.com/front/pda/itemPtc.do?slitmCd=2046711062
2017/04/26 16:40:00{2017/04/26 17:40:00{hmall{07{(무)평생보장 암보험{{{{{2045941706{0018112045941706{http://image.hyundaihmall.com/static/7/1/94/45/2045941706_0_170.jpg{{http://www.hyundaihmall.com/front/pda/itemPtc.do?slitmCd=2045941706
2017/04/26 17:40:00{2017/04/26 18:40:00{hmall{07{(미리주문) 데블스도어 윙봉세트{가구/인테리어{DIY자재/용품{시트지{타일시트지{2048641988{0018112048641988{http://image.hyundaihmall.com/static/9/1/64/48/2048641988_0_170.jpg{49,900{http://www.hyundaihmall.com/front/pda/itemPtc.do?slitmCd=2048641988
2017/04/26 17:40:00{2017/04/26 18:40:00{hmall{07{(단품)데블스도어 윙{{{{{2047875187{0018112047875187{http://image.hyundaihmall.com/static/1/5/87/47/2047875187_0_170.jpg{39,900{http://www.hyundaihmall.com/front/pda/itemPtc.do?slitmCd=2047875187
2017/04/26 17:40:00{2017/04/26 18:40:00{hmall{07{(단품)데블스도어 봉{{{{{2047875328{0018112047875328{http://image.hyundaihmall.com/static/3/5/87/47/2047875328_0_170.jpg{39,900{http://www.hyundaihmall.com/front/pda/itemPtc.do?slitmCd=2047875328
2017/04/26 18:40:00{2017/04/26 19:35:00{hmall{07{[렌탈]교원 웰스 정수기{디지털/가전{주방가전{정수기{정수기필터{2045990986{0018112045990986{http://image.hyundaihmall.com/static/9/0/99/45/2045990986_0_170.jpg{{http://www.hyundaihmall.com/front/pda/itemPtc.do?slitmCd=2045990986
2017/04/26 19:35:00{2017/04/26 21:45:00{hmall{07{뷔아르네 여성 코튼100 크루넥셔츠 8종{패션의류{여성의류{티셔츠{{2049085208{0018112049085208{http://image.hyundaihmall.com/static/2/5/08/49/2049085208_0_170.jpg{59,900{http://www.hyundaihmall.com/front/pda/itemPtc.do?slitmCd=2049085208
2017/04/26 19:35:00{2017/04/26 21:45:00{hmall{07{뷔아르네 남성 코튼100 크루넥셔츠 6종{패션의류{남성의류{티셔츠{{2049085484{0018112049085484{http://image.hyundaihmall.com/static/4/5/08/49/2049085484_0_170.jpg{59,900{http://www.hyundaihmall.com/front/pda/itemPtc.do?slitmCd=2049085484
2017/04/26 19:35:00{2017/04/26 21:45:00{hmall{07{뷔아르네 여성 스마트스타일 쿨 팬츠 4종{패션의류{여성의류{바지{{2049127317{0018112049127317{http://image.hyundaihmall.com/static/3/7/12/49/2049127317_0_170.jpg{59,900{http://www.hyundaihmall.com/front/pda/itemPtc.do?slitmCd=2049127317
2017/04/26 19:35:00{2017/04/26 21:45:00{hmall{07{엘르 샤이닝 스타 스니커즈 1종 - 여성용{패션잡화{여성신발{단화{스니커즈{2049734627{0018112049734627{http://image.hyundaihmall.com/static/6/4/73/49/2049734627_0_170.jpg{79,000{http://www.hyundaihmall.com/front/pda/itemPtc.do?slitmCd=2049734627
2017/04/26 19:35:00{2017/04/26 21:45:00{hmall{07{엘르 샤이닝 스타 스니커즈 1종 - 남성용{패션잡화{남성신발{스니커즈{{2049734902{0018112049734902{http://image.hyundaihmall.com/static/9/4/73/49/2049734902_0_170.jpg{79,000{http://www.hyundaihmall.com/front/pda/itemPtc.do?slitmCd=2049734902
2017/04/26 19:35:00{2017/04/26 21:45:00{hmall{07{스타일J 라이크라 쿨크롭 데님3종{패션의류{여성의류{청바지{{2049566346{0018112049566346{http://image.hyundaihmall.com/static/3/6/56/49/2049566346_0_170.jpg{79,900{http://www.hyundaihmall.com/front/pda/itemPtc.do?slitmCd=2049566346
2017/04/26 19:35:00{2017/04/26 21:45:00{hmall{07{스타일J 라이크라 쿨크롭 데님1종{패션잡화{여성가방{숄더백{{2049628819{0018112049628819{http://image.hyundaihmall.com/static/8/8/62/49/2049628819_0_170.jpg{50,000{http://www.hyundaihmall.com/front/pda/itemPtc.do?slitmCd=2049628819
2017/04/26 21:45:00{2017/04/26 22:50:00{hmall{07{(무)THE건강한치아보험3(무제한형){{{{{2048864214{0018112048864214{http://image.hyundaihmall.com/static/2/4/86/48/2048864214_0_170.jpg{{http://www.hyundaihmall.com/front/pda/itemPtc.do?slitmCd=2048864214
2017/04/26 22:50:00{2017/04/26 23:55:00{hmall{07{바디프랜드 안마의자 렌탈{생활/건강{안마용품{렌탈안마의자{{2044405590{0018112044405590{http://image.hyundaihmall.com/static/5/5/40/44/2044405590_0_170.jpg{{http://www.hyundaihmall.com/front/pda/itemPtc.do?slitmCd=2044405590
2017/04/26 23:55:00{2017/04/26 01:00:00{hmall{07{(무)플러스암보험(갱신형){{{{{2045941724{0018112045941724{http://image.hyundaihmall.com/static/7/1/94/45/2045941724_0_170.jpg{{http://www.hyundaihmall.com/front/pda/itemPtc.do?slitmCd=2045941724
2017/04/26 01:00:00{2017/04/26 02:00:00{hmall{07{퍼팩트스킨 매그너틱 메가 커버 파운데이션 벚꽃에디션{화장품/미용{베이스메이크업{파우더{{2049723390{0018112049723390{http://image.hyundaihmall.com/static/3/3/72/49/2049723390_0_170.jpg{69,900{http://www.hyundaihmall.com/front/pda/itemPtc.do?slitmCd=2049723390
2017/04/26 01:00:00{2017/04/26 02:00:00{hmall{07{퍼팩트스킨 매그너틱 메가 커버 파운데이션 벛꽃에디션 본품 7.5g{화장품/미용{색조메이크업{색조메이크업세트{{2046587507{0018112046587507{http://image.hyundaihmall.com/static/5/7/58/46/2046587507_0_170.jpg{58,000{http://www.hyundaihmall.com/front/pda/itemPtc.do?slitmCd=2046587507
2017/04/26 01:00:00{2017/04/26 02:00:00{hmall{07{퍼팩트스킨 매그너틱 메가 커버 파운데이션 벛꽃에디션 리필 7.5g{{{{{2046587733{0018112046587733{http://image.hyundaihmall.com/static/7/7/58/46/2046587733_0_170.jpg{38,000{http://www.hyundaihmall.com/front/pda/itemPtc.do?slitmCd=2046587733
2017/04/26 01:00:00{2017/04/26 02:00:00{hmall{07{퍼팩트스킨 매그너틱 메가 커버 파운데이션 벛꽃에디션 퍼프세트 (1박스){화장품/미용{색조메이크업{색조메이크업세트{{2046588103{0018112046588103{http://image.hyundaihmall.com/static/1/8/58/46/2046588103_0_170.jpg{70,000{http://www.hyundaihmall.com/front/pda/itemPtc.do?slitmCd=2046588103
2017/04/26 01:00:00{2017/04/26 02:00:00{hmall{07{퍼팩트스킨 매그너틱 메가 커버 파운데이션 벛꽃에디션 립크레용 1.8g (레드/오렌지/핑크) 택1{화장품/미용{색조메이크업{색조메이크업세트{{2046588456{0018112046588456{http://image.hyundaihmall.com/static/4/8/58/46/2046588456_0_170.jpg{28,000{http://www.hyundaihmall.com/front/pda/itemPtc.do?slitmCd=2046588456
2017/04/26 02:00:00{2017/04/26 06:15:00{hmall{07{알란파인 세미홀가먼트 니트4종{패션의류{여성의류{니트/스웨터{{2049367310{0018112049367310{http://image.hyundaihmall.com/static/3/7/36/49/2049367310_0_170.jpg{59,900{http://www.hyundaihmall.com/front/pda/itemPtc.do?slitmCd=2049367310
2017/04/26 02:00:00{2017/04/26 06:15:00{hmall{07{알란파인 시그니처 티블라우스6종{패션의류{여성의류{블라우스/셔츠{{2048636740{0018112048636740{http://image.hyundaihmall.com/static/7/6/63/48/2048636740_0_170.jpg{49,900{http://www.hyundaihmall.com/front/pda/itemPtc.do?slitmCd=2048636740
2017/04/26 02:00:00{2017/04/26 06:15:00{hmall{07{데님오브벌츄 퍼펙트 쉐이프진 2종(여성용){패션잡화{여성가방{숄더백{{2047051913{0018112047051913{http://image.hyundaihmall.com/static/9/1/05/47/2047051913_0_170.jpg{129,000{http://www.hyundaihmall.com/front/pda/itemPtc.do?slitmCd=2047051913
2017/04/26 02:00:00{2017/04/26 06:15:00{hmall{07{데님오브벌츄 퍼펙트 쉐이프진 2종(남성용){패션의류{남성의류{청바지{{2047052177{0018112047052177{http://image.hyundaihmall.com/static/1/2/05/47/2047052177_0_170.jpg{129,000{http://www.hyundaihmall.com/front/pda/itemPtc.do?slitmCd=2047052177
2017/04/26 02:00:00{2017/04/26 06:15:00{hmall{07{[천하일미] 홍석천 이원일의 소불고기 콤보(매콤 7팩+전통 7팩+전골육수 6팩){식품{축산{쇠고기{한우{2048131208{0018112048131208{http://image.hyundaihmall.com/static/2/1/13/48/2048131208_0_170.jpg{59,900{http://www.hyundaihmall.com/front/pda/itemPtc.do?slitmCd=2048131208
2017/04/26 02:00:00{2017/04/26 06:15:00{hmall{07{더스텐 메탈그라운드 스텐용기 세트{생활/건강{주방용품{보관/밀폐용기{스텐용기{2049126161{0018112049126161{http://image.hyundaihmall.com/static/1/6/12/49/2049126161_0_170.jpg{189,000{http://www.hyundaihmall.com/front/pda/itemPtc.do?slitmCd=2049126161
2017/04/26 02:00:00{2017/04/26 06:15:00{hmall{07{그렉노먼 버그프리 아이스스킨 셔츠 3종(남){스포츠/레저{골프{골프의류{티셔츠{2049764142{0018112049764142{http://image.hyundaihmall.com/static/1/4/76/49/2049764142_0_170.jpg{49,000{http://www.hyundaihmall.com/front/pda/itemPtc.do?slitmCd=2049764142
2017/04/26 02:00:00{2017/04/26 06:15:00{hmall{07{그렉노먼 버그프리 아이스스킨 셔츠 3종(여){스포츠/레저{골프{골프의류{티셔츠{2049764065{0018112049764065{http://image.hyundaihmall.com/static/0/4/76/49/2049764065_0_170.jpg{49,000{http://www.hyundaihmall.com/front/pda/itemPtc.do?slitmCd=2049764065
2017/04/26 02:00:00{2017/04/26 06:15:00{hmall{07{[천하일미] 홍석천의 매콤 소불고기 7팩*160g{식품{축산{축산가공식품{쇠고기양념육{2048131667{0018112048131667{http://image.hyundaihmall.com/static/6/1/13/48/2048131667_0_170.jpg{49,900{http://www.hyundaihmall.com/front/pda/itemPtc.do?slitmCd=2048131667
2017/04/26 02:00:00{2017/04/26 06:15:00{hmall{07{[천하일미] 이원일의 전통 소불고기 7팩*160g{식품{축산{축산가공식품{쇠고기양념육{2048131806{0018112048131806{http://image.hyundaihmall.com/static/8/1/13/48/2048131806_0_170.jpg{49,900{http://www.hyundaihmall.com/front/pda/itemPtc.do?slitmCd=2048131806
2017/04/26 00:50:00{2017/04/26 01:30:00{hnsmall{07{[줌마수홍]착한육개장 14팩+칼국수면{식품{냉동/간편조리식품{즉석탕{{12568097{00361112568097{http://image.hnsmall.com/images/goods/097/12568097_g.png{59,900{http://www.hnsmall.com/display/goods.do?goods_code=12568097
2017/04/26 01:30:00{2017/04/26 02:10:00{hnsmall{07{[소개] 초등공부 절대강자 아이스크림 홈런{{{{{12507109{00361112507109{http://image.hnsmall.com/images/goods/109/12507109_g.png{0{http://www.hnsmall.com/display/goods.do?goods_code=12507109
2017/04/26 02:10:00{2017/04/26 02:50:00{hnsmall{07{리복키즈 남아 언더웨어 패키지3차{패션의류{아동언더웨어/잠옷{잠옷/홈웨어{{12656150{00361112656150{http://image.hnsmall.com/images/goods/150/12656150_g.png{79,900{http://www.hnsmall.com/display/goods.do?goods_code=12656150
2017/04/26 02:10:00{2017/04/26 02:50:00{hnsmall{07{리복키즈 여아 언더웨어 패키지3차{패션의류{아동언더웨어/잠옷{잠옷/홈웨어{{12656253{00361112656253{http://image.hnsmall.com/images/goods/253/12656253_g.png{79,900{http://www.hnsmall.com/display/goods.do?goods_code=12656253
2017/04/26 02:10:00{2017/04/26 02:50:00{hnsmall{07{리복키즈 언더웨어-남아1세트(3차){패션의류{아동언더웨어/잠옷{잠옷/홈웨어{{12656312{00361112656312{http://image.hnsmall.com/images/goods/312/12656312_g.png{35,000{http://www.hnsmall.com/display/goods.do?goods_code=12656312
2017/04/26 02:10:00{2017/04/26 02:50:00{hnsmall{07{리복키즈 언더웨어-여아1세트(3차){패션의류{아동언더웨어/잠옷{시즌성내의{{12656391{00361112656391{http://image.hnsmall.com/images/goods/391/12656391_g.png{35,000{http://www.hnsmall.com/display/goods.do?goods_code=12656391
2017/04/26 02:50:00{2017/04/26 03:30:00{hnsmall{07{[더블업] 쌍꺼풀 매직펜 패키지{화장품/미용{색조메이크업]{{{12661149{00361112661149{http://image.hnsmall.com/images/goods/149/12661149_g.png{59,900{http://www.hnsmall.com/display/goods.do?goods_code=12661149
2017/04/26 03:30:00{2017/04/26 04:10:00{hnsmall{07{[역대 최다구성] 이현우의 일품 불고기 총 22팩 (불고기 14팩+육수 8팩){식품{가공식품{간편조리식{{12595833{00361112595833{http://image.hnsmall.com/images/goods/833/12595833_g.png{59,900{http://www.hnsmall.com/display/goods.do?goods_code=12595833
2017/04/26 03:30:00{2017/04/26 04:10:00{hnsmall{07{이현우의 일품 불고기 17팩 (불고기로만 17팩){식품{가공식품{간편조리식{{12595840{00361112595840{http://image.hnsmall.com/images/goods/840/12595840_g.png{59,900{http://www.hnsmall.com/display/goods.do?goods_code=12595840
2017/04/26 04:10:00{2017/04/26 04:50:00{hnsmall{07{[LIFLY] 세미홀가먼트 코지니트 4종 (여성){패션의류{여성의류{니트/스웨터{{12662174{00361112662174{http://image.hnsmall.com/images/goods/174/12662174_g.png{59,900{http://www.hnsmall.com/display/goods.do?goods_code=12662174
2017/04/26 04:10:00{2017/04/26 04:50:00{hnsmall{07{[LIFLY] 세미홀가먼트 코지니트 4종 (남성){패션의류{남성의류{니트/스웨터{{12662207{00361112662207{http://image.hnsmall.com/images/goods/207/12662207_g.png{59,900{http://www.hnsmall.com/display/goods.do?goods_code=12662207
2017/04/26 04:50:00{2017/04/26 05:30:00{hnsmall{07{코지마 발마사지기 W(CMF-600){생활/건강{발건강용품{다리/발마사지기{{12661119{00361112661119{http://image.hnsmall.com/images/goods/119/12661119_g.png{178,000{http://www.hnsmall.com/display/goods.do?goods_code=12661119
2017/04/26 04:50:00{2017/04/26 05:30:00{hnsmall{07{코지마 체지방계{생활/건강{건강측정용품{체지방계{{12665491{00361112665491{http://image.hnsmall.com/images/goods/491/12665491_g.png{58,000{http://www.hnsmall.com/display/goods.do?goods_code=12665491
2017/04/26 05:30:00{2017/04/26 06:10:00{hnsmall{07{[상조]예다함상조 信450{{{{{12576368{00361112576368{http://image.hnsmall.com/images/goods/368/12576368_g.png{0{http://www.hnsmall.com/display/goods.do?goods_code=12576368
2017/04/26 06:10:00{2017/04/26 07:10:00{hnsmall{07{안데스 피에스타 브라질너트 20팩 총 2,400g{식품{건강식품{건강분말{{12634981{00361112634981{http://image.hnsmall.com/images/goods/981/12634981_g.png{139,900{http://www.hnsmall.com/display/goods.do?goods_code=12634981
2017/04/26 06:10:00{2017/04/26 07:10:00{hnsmall{07{안데스 피에스타 브라질너트 10팩 총 1,200g{식품{건강식품{건강분말{{12634936{00361112634936{http://image.hnsmall.com/images/goods/936/12634936_g.png{79,900{http://www.hnsmall.com/display/goods.do?goods_code=12634936
2017/04/26 07:10:00{2017/04/26 07:30:00{hnsmall{07{모나리자 화장지 세트 [천연펄프 108롤 모나리자 빅앤소프트 36롤X3팩]{생활/건강{생활용품{화장지{롤화장지{12494442{00361112494442{http://image.hnsmall.com/images/goods/442/12494442_g.png{35,900{http://www.hnsmall.com/display/goods.do?goods_code=12494442
2017/04/26 07:10:00{2017/04/26 07:30:00{hnsmall{07{모나리자 빅앤소프트 36롤{생활/건강{생활용품{화장지{롤화장지{12494443{00361112494443{http://image.hnsmall.com/images/goods/443/12494443_g.png{21,900{http://www.hnsmall.com/display/goods.do?goods_code=12494443
2017/04/26 07:10:00{2017/04/26 07:30:00{hnsmall{07{모나리자 미용티슈 세트 1박스(180매) X 24박스{생활/건강{생활용품{화장지{각티슈{12534289{00361112534289{http://image.hnsmall.com/images/goods/289/12534289_g.png{22,900{http://www.hnsmall.com/display/goods.do?goods_code=12534289
2017/04/26 07:10:00{2017/04/26 07:30:00{hnsmall{07{[인기 최다구성][100매X10팩 총 1,000매] 모나리자 소프트앤마일드 (10팩){생활/건강{생활용품{화장지{롤화장지{12496473{00361112496473{http://image.hnsmall.com/images/goods/473/12496473_g.png{11,900{http://www.hnsmall.com/display/goods.do?goods_code=12496473
2017/04/26 07:10:00{2017/04/26 07:30:00{hnsmall{07{모나리자 복합세트 [모나리자 빅앤소프트 36롤X2팩+ 미용티슈 6박스+키친타올 2팩+물티슈 5팩]{생활/건강{생활용품{화장지{각티슈{12534804{00361112534804{http://image.hnsmall.com/images/goods/804/12534804_g.png{35,900{http://www.hnsmall.com/display/goods.do?goods_code=12534804
2017/04/26 07:10:00{2017/04/26 07:30:00{hnsmall{07{[100% 천연펄프] 모나리자 순앤소프트 화장지 세트 [24롤X3팩]{생활/건강{생활용품{화장지{롤화장지{12622387{00361112622387{http://image.hnsmall.com/images/goods/387/12622387_g.png{28,900{http://www.hnsmall.com/display/goods.do?goods_code=12622387
2017/04/26 07:30:00{2017/04/26 08:10:00{hnsmall{07{TRY - 에어로쿨 드로즈 패키지 10종+1종 (총 11종){패션의류{남성언더웨어/잠옷{팬티{{12652613{00361112652613{http://image.hnsmall.com/images/goods/613/12652613_g.png{49,900{http://www.hnsmall.com/display/goods.do?goods_code=12652613
2017/04/26 07:30:00{2017/04/26 08:10:00{hnsmall{07{TRY - 코튼 에어 트렁크 패키지 10종+1종 (총 11종){패션의류{남성언더웨어/잠옷{팬티{{12652631{00361112652631{http://image.hnsmall.com/images/goods/631/12652631_g.png{49,900{http://www.hnsmall.com/display/goods.do?goods_code=12652631
2017/04/26 07:30:00{2017/04/26 08:10:00{hnsmall{07{TRY - 코튼 에어 런닝 패키지 10종+1종 (총 11종){패션의류{남성언더웨어/잠옷{러닝{{12652702{00361112652702{http://image.hnsmall.com/images/goods/702/12652702_g.png{49,900{http://www.hnsmall.com/display/goods.do?goods_code=12652702
2017/04/26 07:30:00{2017/04/26 08:10:00{hnsmall{07{[TRY(트라이)] - 커버업 코튼 노와이어 란제리{패션의류{여성언더웨어/잠옷{브라팬티세트{{12665067{00361112665067{http://image.hnsmall.com/images/goods/067/12665067_g.png{59,900{http://www.hnsmall.com/display/goods.do?goods_code=12665067
2017/04/26 07:30:00{2017/04/26 08:10:00{hnsmall{07{[TRY(트라이)] - 커버업 스킨 노와이어 란제리{패션의류{여성언더웨어/잠옷{브라팬티세트{{12665097{00361112665097{http://image.hnsmall.com/images/goods/097/12665097_g.png{59,900{http://www.hnsmall.com/display/goods.do?goods_code=12665097
2017/04/26 08:10:00{2017/04/26 08:50:00{hnsmall{07{리원 썬스틱 스페셜 패키지{화장품/미용{선케어{선밤{{12653242{00361112653242{http://image.hnsmall.com/images/goods/242/12653242_g.png{69,900{http://www.hnsmall.com/display/goods.do?goods_code=12653242
2017/04/26 08:50:00{2017/04/26 09:30:00{hnsmall{07{끼아라 여성 쿨스킨 파워 쉐이핑 팬티패키지 3차{{{{{12653493{00361112653493{http://image.hnsmall.com/images/goods/493/12653493_g.png{69,900{http://www.hnsmall.com/display/goods.do?goods_code=12653493
2017/04/26 08:50:00{2017/04/26 09:30:00{hnsmall{07{끼아라 여성 쿨스킨 파워 쉐이핑 팬티패키지 3차(1종){{{{{12654259{00361112654259{http://image.hnsmall.com/images/goods/259/12654259_g.png{32,000{http://www.hnsmall.com/display/goods.do?goods_code=12654259
2017/04/26 09:30:00{2017/04/26 10:10:00{hnsmall{07{앤모어 튜닉 벚꽃에디션 3종 (with 이혜원){패션의류{여성의류{티셔츠{{12675512{00361112675512{http://image.hnsmall.com/images/goods/512/12675512_g.png{44,000{http://www.hnsmall.com/display/goods.do?goods_code=12675512
2017/04/26 10:10:00{2017/04/26 10:50:00{hnsmall{07{은나노스텝 다용도세정제 1+1세트{생활/건강{생활용품{세제/세정제{일반주방세제{12247809{00361112247809{http://image.hnsmall.com/images/goods/809/12247809_g.png{50,800{http://www.hnsmall.com/display/goods.do?goods_code=12247809
2017/04/26 10:10:00{2017/04/26 10:50:00{hnsmall{07{은나노스텝 다용도세정제 1세트{생활/건강{생활용품{세제/세정제{일반주방세제{12615457{00361112615457{http://image.hnsmall.com/images/goods/457/12615457_g.png{39,800{http://www.hnsmall.com/display/goods.do?goods_code=12615457
2017/04/26 10:10:00{2017/04/26 10:50:00{hnsmall{07{미라클 곰팡이젤 세트{생활/건강{생활용품{세제/세정제{곰팡이제거제{12289826{00361112289826{http://image.hnsmall.com/images/goods/826/12289826_g.png{29,800{http://www.hnsmall.com/display/goods.do?goods_code=12289826
2017/04/26 10:50:00{2017/04/26 11:30:00{hnsmall{07{리더스 주름앰플 VIP관리 세트{화장품/미용{스킨케어{화장품세트{{12674093{00361112674093{http://image.hnsmall.com/images/goods/093/12674093_g.png{148,000{http://www.hnsmall.com/display/goods.do?goods_code=12674093
2017/04/26 11:30:00{2017/04/26 12:10:00{hnsmall{07{[S/S 최신상] 부케가르니 드레스퍼퓸 퓨어에디션 (무료체험 3종 모두){생활/건강{문구/사무용품{제도용품{{12665383{00361112665383{http://image.hnsmall.com/images/goods/383/12665383_g.png{65,900{http://www.hnsmall.com/display/goods.do?goods_code=12665383
2017/04/26 11:30:00{2017/04/26 12:10:00{hnsmall{07{[200ml 스프레이] 부케가르니 드레스퍼퓸 (향 3가지){{{{{12665542{00361112665542{http://image.hnsmall.com/images/goods/542/12665542_g.png{22,000{http://www.hnsmall.com/display/goods.do?goods_code=12665542
2017/04/26 11:30:00{2017/04/26 12:10:00{hnsmall{07{[400ml 대용량 리필] 부케가르니 드레스퍼퓸 (향 3가지){{{{{12665548{00361112665548{http://image.hnsmall.com/images/goods/548/12665548_g.png{33,000{http://www.hnsmall.com/display/goods.do?goods_code=12665548
2017/04/26 11:30:00{2017/04/26 12:10:00{hnsmall{07{[40ml 휴대용] 부케가르니 드레스퍼퓸 (향 3가지){{{{{12665567{00361112665567{http://image.hnsmall.com/images/goods/567/12665567_g.png{12,000{http://www.hnsmall.com/display/goods.do?goods_code=12665567
2017/04/26 12:10:00{2017/04/26 12:49:00{hnsmall{07{[매직캔 17주년 특집 블랙에디션] New 와이드 매직캔 에어댐퍼 3중차단 쓰레기통(25L+20L+ 매직롤 48개월 분량){{{{{12632473{00361112632473{http://image.hnsmall.com/images/goods/473/12632473_g.png{76,800{http://www.hnsmall.com/display/goods.do?goods_code=12632473
2017/04/26 12:10:00{2017/04/26 12:49:00{hnsmall{07{[매직캔 25L용] 매직롤 10롤{생활/건강{욕실용품{욕실잡화{욕실청소용품{12494460{00361112494460{http://image.hnsmall.com/images/goods/460/12494460_g.png{39,600{http://www.hnsmall.com/display/goods.do?goods_code=12494460
2017/04/26 12:10:00{2017/04/26 12:49:00{hnsmall{07{[매직캔 14L,16L,20L 호환용] 매직롤 10롤{생활/건강{욕실용품{욕실잡화{욕실청소용품{12494461{00361112494461{http://image.hnsmall.com/images/goods/461/12494461_g.png{35,000{http://www.hnsmall.com/display/goods.do?goods_code=12494461
2017/04/26 12:10:00{2017/04/26 12:49:00{hnsmall{07{[매직캔 9L용] 매직롤 10롤{생활/건강{욕실용품{욕실잡화{욕실청소용품{12494462{00361112494462{http://image.hnsmall.com/images/goods/462/12494462_g.png{32,000{http://www.hnsmall.com/display/goods.do?goods_code=12494462
2017/04/26 12:52:00{2017/04/26 13:30:00{hnsmall{07{싹쓸이 만능 청소기(1+1세트){생활/건강{청소용품{밀대/패드{{12622678{00361112622678{http://image.hnsmall.com/images/goods/678/12622678_g.png{39,800{http://www.hnsmall.com/display/goods.do?goods_code=12622678
2017/04/26 12:52:00{2017/04/26 13:30:00{hnsmall{07{싹쓸이 만능 청소기(1세트){생활/건강{청소용품{밀대/패드{{12636451{00361112636451{http://image.hnsmall.com/images/goods/451/12636451_g.png{29,800{http://www.hnsmall.com/display/goods.do?goods_code=12636451
2017/04/26 13:30:00{2017/04/26 14:30:00{hnsmall{07{셀럽바이재클린 단백질 트리트먼트 파이널 패키지{화장품/미용{스킨케어{화장품세트{{12682000{00361112682000{http://image.hnsmall.com/images/goods/000/12682000_g.png{76,800{http://www.hnsmall.com/display/goods.do?goods_code=12682000
2017/04/26 14:30:00{2017/04/26 15:00:00{hnsmall{07{차가품은버섯 1set (2.5g x 60포){식품{건강식품]{{{12670052{00361112670052{http://image.hnsmall.com/images/goods/052/12670052_g.png{49,900{http://www.hnsmall.com/display/goods.do?goods_code=12670052
2017/04/26 14:30:00{2017/04/26 15:00:00{hnsmall{07{차가품은버섯 단품 (2.5g x 20포){식품{건강식품{건강즙{{12670193{00361112670193{http://image.hnsmall.com/images/goods/193/12670193_g.png{30,000{http://www.hnsmall.com/display/goods.do?goods_code=12670193
2017/04/26 15:00:00{2017/04/26 15:30:00{hnsmall{07{카레팩토리 보리새싹카레 20봉+우동사리 1봉(5개입){식품{건강식품{영양제{{12664621{00361112664621{http://image.hnsmall.com/images/goods/621/12664621_g.png{40,900{http://www.hnsmall.com/display/goods.do?goods_code=12664621
2017/04/26 15:30:00{2017/04/26 16:10:00{hnsmall{07{1+1세트 바르는 천연 황토벽지{가구/인테리어{DIY자재/용품{벽지{포인트벽지{12663623{00361112663623{http://image.hnsmall.com/images/goods/623/12663623_g.png{69,800{http://www.hnsmall.com/display/goods.do?goods_code=12663623
2017/04/26 15:30:00{2017/04/26 16:10:00{hnsmall{07{1세트 바르는 천연 황토벽지{가구/인테리어{DIY자재/용품{벽지{포인트벽지{12663350{00361112663350{http://image.hnsmall.com/images/goods/350/12663350_g.png{39,800{http://www.hnsmall.com/display/goods.do?goods_code=12663350
2017/04/26 16:10:00{2017/04/26 16:50:00{hnsmall{07{UltraFlora 여에스더유산균 BLUE 5병 (10개월분){식품{다이어트식품{유산균{{12614033{00361112614033{http://image.hnsmall.com/images/goods/033/12614033_g.png{198,000{http://www.hnsmall.com/display/goods.do?goods_code=12614033
2017/04/26 16:50:00{2017/04/26 17:28:00{hnsmall{07{[부산3대어묵] 미도어묵 12종 세트 (3.4kg){식품{냉동/간편조리식품{어묵{{12516462{00361112516462{http://image.hnsmall.com/images/goods/462/12516462_g.png{43,900{http://www.hnsmall.com/display/goods.do?goods_code=12516462
2017/04/26 17:31:00{2017/04/26 18:10:00{hnsmall{07{윤정수의 행복한 볶음밥 5가지맛 x 5팩 총25팩{식품{가공식품{간편조리식{{12532455{00361112532455{http://image.hnsmall.com/images/goods/455/12532455_g.png{49,900{http://www.hnsmall.com/display/goods.do?goods_code=12532455
2017/04/26 18:10:00{2017/04/26 18:50:00{hnsmall{07{배연정 다시팩 40팩+40팩 (총 80팩){식품{건강식품{건강즙{{12508135{00361112508135{http://image.hnsmall.com/images/goods/135/12508135_g.png{59,900{http://www.hnsmall.com/display/goods.do?goods_code=12508135
2017/04/26 18:50:00{2017/04/26 19:50:00{hnsmall{07{[쿠첸] 풀스텐 10인용 스마트 압력밥솥(CJS-FA1010DV/FA1011DV){디지털/가전{주방가전{전기밥솥{압력밥솥{12676465{00361112676465{http://image.hnsmall.com/images/goods/465/12676465_g.png{239,000{http://www.hnsmall.com/display/goods.do?goods_code=12676465
2017/04/26 18:50:00{2017/04/26 19:50:00{hnsmall{07{[쿠첸]풀스텐 6인용 스마트 압력밭솥((CJS-FA0602V/FA0603V){디지털/가전{주방가전{전기밥솥{압력밥솥{12676463{00361112676463{http://image.hnsmall.com/images/goods/463/12676463_g.png{209,000{http://www.hnsmall.com/display/goods.do?goods_code=12676463
2017/04/26 19:50:00{2017/04/26 20:50:00{hnsmall{07{[KT] 삼성 갤럭시 S7{디지털/가전{휴대폰{KT{{12553126{00361112553126{http://image.hnsmall.com/images/goods/126/12553126_g.png{0{http://www.hnsmall.com/display/goods.do?goods_code=12553126
2017/04/26 19:50:00{2017/04/26 20:50:00{hnsmall{07{[KT] 삼성 갤럭시 노트5{디지털/가전{휴대폰{KT{{12519790{00361112519790{http://image.hnsmall.com/images/goods/790/12519790_g.png{0{http://www.hnsmall.com/display/goods.do?goods_code=12519790
2017/04/26 20:50:00{2017/04/26 21:30:00{hnsmall{07{[리얼세븐]하루건강견과 프리미엄 2박스+하루건강견과 엑설런트 2박스 총 100봉{식품{농산물{견과류{기타견과류{12531699{00361112531699{http://image.hnsmall.com/images/goods/699/12531699_g.png{69,900{http://www.hnsmall.com/display/goods.do?goods_code=12531699
2017/04/26 21:30:00{2017/04/26 22:10:00{hnsmall{07{[스와로브스키 한정판] 더블에스샤이니 다이아몬드 골드 세라믹 무선 고데기 1+1세트{디지털/가전{이미용가전]{{{12676043{00361112676043{http://image.hnsmall.com/images/goods/043/12676043_g.png{84,000{http://www.hnsmall.com/display/goods.do?goods_code=12676043
2017/04/26 22:10:00{2017/04/26 22:50:00{hnsmall{07{크라제 핫도그 40개 (호두핫도그20개+검은깨핫도그20개){식품{냉동/간편조리식품{핫도그{{12479895{00361112479895{http://image.hnsmall.com/images/goods/895/12479895_g.png{29,900{http://www.hnsmall.com/display/goods.do?goods_code=12479895
2017/04/26 22:50:00{2017/04/26 23:30:00{hnsmall{07{[어린이날 특집패키지]짐보리 맥포머스 BRAIN MASTER 세트 (300피스+20카드+사각형 6피스+클릭휠2피스+레일세트 34피스){{{{{12623838{00361112623838{http://image.hnsmall.com/images/goods/838/12623838_g.png{369,000{http://www.hnsmall.com/display/goods.do?goods_code=12623838
2017/04/26 23:30:00{2017/04/26 00:10:00{hnsmall{07{[해리메이슨] 선글라스 3종 세트 - 17년 SS 오션 컬렉션{패션잡화{선글라스/안경테{선글라스{{12624410{00361112624410{http://image.hnsmall.com/images/goods/410/12624410_g.png{149,000{http://www.hnsmall.com/display/goods.do?goods_code=12624410
2017/04/26 23:30:00{2017/04/26 00:10:00{hnsmall{07{[해리메이슨] 제롬 선글라스 - 17년 SS 오션 컬렉션{패션잡화{선글라스/안경테{선글라스{{12646336{00361112646336{http://image.hnsmall.com/images/goods/336/12646336_g.png{129,000{http://www.hnsmall.com/display/goods.do?goods_code=12646336
2017/04/26 23:30:00{2017/04/26 00:10:00{hnsmall{07{[해리메이슨] 셀리나 선글라스 - 17년 SS 오션 컬렉션{패션잡화{선글라스/안경테{선글라스{{12646338{00361112646338{http://image.hnsmall.com/images/goods/338/12646338_g.png{129,000{http://www.hnsmall.com/display/goods.do?goods_code=12646338
2017/04/26 23:30:00{2017/04/26 00:10:00{hnsmall{07{[해리메이슨] 린다 선글라스 - 17년 SS 오션 컬렉션{패션잡화{선글라스/안경테{선글라스{{12646340{00361112646340{http://image.hnsmall.com/images/goods/340/12646340_g.png{129,000{http://www.hnsmall.com/display/goods.do?goods_code=12646340
2017/04/26 01:00:00{2017/04/26 02:00:00{lotte{07{[GEORGES RECH]조르쥬 레쉬 스무스 바디 컨트롤 바디쉐이퍼 4SET{패션의류{여성언더웨어/잠옷{보정속옷{올인원/바디쉐이퍼{12527928{00361112527928{http://image2.lotteimall.com/goods/28/79/52/12527928_H1.jpg{119,000원{http://www.lotteimall.com/goods/viewGoodsDetail.lotte?goods_no=12527928
2017/04/26 02:00:00{2017/04/26 02:30:00{lotte{07{17SS 가바 GABBA 여성 AIR MAX STRETCH 데님 2종{패션의류{여성의류{청바지{{12535038{00361112535038{http://image2.lotteimall.com/goods/38/50/53/12535038_H1.jpg{116,100원{http://www.lotteimall.com/goods/viewGoodsDetail.lotte?goods_no=12535038
2017/04/26 02:30:00{2017/04/26 02:50:00{lotte{07{[must.be] 머스트비 클래식 트렌치코트 + 머플러 set{패션의류{여성의류{코트{{12535349{00361112535349{http://image2.lotteimall.com/goods/49/53/53/12535349_H1.jpg{89,000원{http://www.lotteimall.com/goods/viewGoodsDetail.lotte?goods_no=12535349
2017/04/26 02:50:00{2017/04/26 03:50:00{lotte{07{[재방송] 루헨스 정수기 렌탈{{{{{12538227{00361112538227{http://image2.lotteimall.com/goods/27/82/53/12538227_H1.jpg{{http://www.lotteimall.com/goods/viewGoodsDetail.lotte?goods_no=12538227
2017/04/26 04:20:00{2017/04/26 05:00:00{lotte{07{[iMAGE] 이마쥬 올데이 퍼펙트 쉐이퍼 패키지{패션의류{여성언더웨어/잠옷{브라팬티세트{{12537873{00361112537873{http://image2.lotteimall.com/goods/73/78/53/12537873_H1.jpg{129,000원{http://www.lotteimall.com/goods/viewGoodsDetail.lotte?goods_no=12537873
2017/04/26 05:00:00{2017/04/26 06:00:00{lotte{07{[TV홈쇼핑] 아이그로우 탈모치료기 렌탈{생활/건강{건강관리용품{기타건강관리용품{{12535457{00361112535457{http://image2.lotteimall.com/goods/57/54/53/12535457_H1.jpg{{http://www.lotteimall.com/goods/viewGoodsDetail.lotte?goods_no=12535457
2017/04/26 06:00:00{2017/04/26 07:18:00{lotte{07{2017년형 아이넥스 올스텐 식기건조대 세트{생활/건강{주방용품{주방수납용품{식기건조대{12534009{00361112534009{http://image2.lotteimall.com/goods/09/40/53/12534009_H1.jpg{99,000원{http://www.lotteimall.com/goods/viewGoodsDetail.lotte?goods_no=12534009
2017/04/26 07:18:00{2017/04/26 08:17:00{lotte{07{[화제의기미크림] 더욱 강력해진 슈멜츠EX 테카 크림 스페셜 패키지{화장품/미용{스킨케어]{{{12539499{00361112539499{http://image2.lotteimall.com/goods/99/94/53/12539499_H1.jpg{89,900원{http://www.lotteimall.com/goods/viewGoodsDetail.lotte?goods_no=12539499
2017/04/26 08:17:00{2017/04/26 10:25:00{lotte{07{Thyren Lovee 티렌러비 윈드점퍼 1종+파우치{패션의류{여성의류]{{{12537288{00361112537288{http://image2.lotteimall.com/goods/88/72/53/12537288_H1.jpg{79,000원{http://www.lotteimall.com/goods/viewGoodsDetail.lotte?goods_no=12537288
2017/04/26 10:25:00{2017/04/26 11:35:00{lotte{07{◆2017[모카브라운]올 뉴 순수 더 살롱 컬러 특별패키지(염색제 10박스+앰플 1박스+트리트먼트 파우치 8EA+핸드 블렌더){패션잡화{여성가방{파우치{{12539503{00361112539503{http://image2.lotteimall.com/goods/03/95/53/12539503_H1.jpg{79,800원{http://www.lotteimall.com/goods/viewGoodsDetail.lotte?goods_no=12539503
2017/04/26 11:35:00{2017/04/26 12:40:00{lotte{07{[MIRAPACK] 미라팩 V케어 밴드 1+1 구성 + 셀룰로즈 마스크팩 20매 + 앰플 마스크팩 25매 + 케어 크림 30g + 무료체험분{화장품/미용{마스크/팩{마스크시트{{12538272{00361112538272{http://image2.lotteimall.com/goods/72/82/53/12538272_H1.jpg{79,900원{http://www.lotteimall.com/goods/viewGoodsDetail.lotte?goods_no=12538272
2017/04/26 12:40:00{2017/04/26 13:40:00{lotte{07{[마마인하우스by박홍근][K]초경량 쿨사커 자카드 침구풀세트{가구/인테리어{침구세트{매트커버세트{더블/퀸매트커버세트{12539123{00361112539123{http://image2.lotteimall.com/goods/23/91/53/12539123_H1.jpg{109,900원{http://www.lotteimall.com/goods/viewGoodsDetail.lotte?goods_no=12539123
2017/04/26 13:40:00{2017/04/26 14:40:00{lotte{07{[화이트/5단+5단]코시나 원터치 폴딩선반 5단 + 5단 + 리빙박스 2개{생활/건강{수납/정리용품{선반/진열대{{12535679{00361112535679{http://image2.lotteimall.com/goods/79/56/53/12535679_H1.jpg{168,000원{http://www.lotteimall.com/goods/viewGoodsDetail.lotte?goods_no=12535679
2017/04/26 14:40:00{2017/04/26 15:40:00{lotte{07{라이나생명 THE건강한치아보험3(무제한형)(일반){{{{{12537584{00361112537584{http://image2.lotteimall.com/goods/84/75/53/12537584_H1.jpg{{http://www.lotteimall.com/goods/viewGoodsDetail.lotte?goods_no=12537584
2017/04/26 15:40:00{2017/04/26 16:40:00{lotte{07{[Lienge]리엔제 조끼형 카이카 보정브라팬티 패키지 12종{패션의류{여성언더웨어/잠옷{브라팬티세트{{12535892{00361112535892{http://image2.lotteimall.com/goods/92/58/53/12535892_H1.jpg{69,000원{http://www.lotteimall.com/goods/viewGoodsDetail.lotte?goods_no=12535892
2017/04/26 16:40:00{2017/04/26 17:40:00{lotte{07{[ORGA+] 올가플러스 선스틱(SPF 50+/PA++++) 대용량×3개 + 중용량×3개 + [전고객 사은품] 3단 트래블백{화장품/미용{베이스메이크업]{{{12538081{00361112538081{http://image2.lotteimall.com/goods/81/80/53/12538081_H1.jpg{69,900원{http://www.lotteimall.com/goods/viewGoodsDetail.lotte?goods_no=12538081
2017/04/26 17:40:00{2017/04/26 18:40:00{lotte{07{KB손보 환급형 국민안심통합보험{{{{{12530413{00361112530413{http://image2.lotteimall.com/goods/13/04/53/12530413_H1.jpg{{http://www.lotteimall.com/goods/viewGoodsDetail.lotte?goods_no=12530413
2017/04/26 18:40:00{2017/04/26 19:40:00{lotte{07{오브엠 라텍스 양가죽 웨지{패션잡화{여성신발{힐/펌프스{웨지힐{12533770{00361112533770{http://image2.lotteimall.com/goods/70/37/53/12533770_H1.jpg{79,000원{http://www.lotteimall.com/goods/viewGoodsDetail.lotte?goods_no=12533770
2017/04/26 21:45:00{2017/04/26 22:45:00{lotte{07{마추픽추 카카오닙스 5통(270g*5통, 총 1,350g)+패션 티보틀 1개(550ml){식품{음료{차류{코코아{12539033{00361112539033{http://image2.lotteimall.com/goods/33/90/53/12539033_H1.jpg{109,000원{http://www.lotteimall.com/goods/viewGoodsDetail.lotte?goods_no=12539033
2017/04/26 22:45:00{2017/04/26 23:50:00{lotte{07{신한 받고또받는 생활비암보험(일반){{{{{12534317{00361112534317{http://image2.lotteimall.com/goods/17/43/53/12534317_H1.jpg{{http://www.lotteimall.com/goods/viewGoodsDetail.lotte?goods_no=12534317
2017/04/26 23:50:00{2017/04/26 01:00:00{lotte{07{나무하나 Dr.TAGGING 스니커즈{패션잡화{여성신발{단화{스니커즈{12534273{00361112534273{http://image2.lotteimall.com/goods/73/42/53/12534273_H1.jpg{299,000원{http://www.lotteimall.com/goods/viewGoodsDetail.lotte?goods_no=12534273
2017/04/26 09:37:00{2017/04/26 09:37:00{kshop{07{바띠 골드라벨 부티크라인 블라우스 3종{패션의류{여성의류{블라우스/셔츠{{336105{003711336105{http://imgs.kshop.co.kr/goods/105/336105_g_20170330141247.jpg{66900{http://www.kshop.co.kr/goods/336105
2017/04/26 10:37:00{2017/04/26 10:37:00{kshop{07{(TV_직매입) 터보 식스팩_50프로 할인{스포츠/레저{헬스{복근운동기구{{345542{003711345542{http://imgs.kshop.co.kr/goods/542/345542_g_20170306132728.jpg{157000{http://www.kshop.co.kr/goods/345542
2017/04/26 11:38:00{2017/04/26 11:38:00{kshop{07{푸마 키즈 드라이셀 이지웨어 남아 10종{패션의류{아동의류{티셔츠{{342070{003711342070{http://imgs.kshop.co.kr/goods/070/342070_g_20170419144704.jpg{87000{http://www.kshop.co.kr/goods/342070
2017/04/26 11:38:00{2017/04/26 11:38:00{kshop{07{푸마 키즈 드라이셀 이지웨어 여아 10종{패션의류{아동의류{티셔츠{{342069{003711342069{http://imgs.kshop.co.kr/goods/069/342069_g_20170419144547.jpg{87000{http://www.kshop.co.kr/goods/342069
2017/04/26 12:38:00{2017/04/26 12:38:00{kshop{07{(TV) 프리드 대왕3호{{{{{350738{003711350738{http://imgs.kshop.co.kr/goods/738/350738_g_20170425114139.jpg{0{http://www.kshop.co.kr/goods/350738
2017/04/26 13:38:00{2017/04/26 13:38:00{kshop{07{예쎄 린넨 자켓{패션의류{여성의류{재킷{{347637{003711347637{http://imgs.kshop.co.kr/goods/637/347637_g_20170425113848.jpg{57900{http://www.kshop.co.kr/goods/347637
2017/04/26 14:38:00{2017/04/26 14:38:00{kshop{07{(TV)한스콜렉션 코튼자카드카페트 점보특대형 (특약){{{{{344459{003711344459{http://imgs.kshop.co.kr/goods/459/344459_g_20170417174257.jpg{97000{http://www.kshop.co.kr/goods/344459
2017/04/26 14:38:00{2017/04/26 14:38:00{kshop{07{(TV)한스콜렉션 코튼자카드카페트 대형 (특약){{{{{344460{003711344460{http://imgs.kshop.co.kr/goods/460/344460_g_20170417174436.jpg{77000{http://www.kshop.co.kr/goods/344460
2017/04/26 15:38:00{2017/04/26 15:38:00{kshop{07{(TV_방송_직)몬스팀 고압 스팀청소기{{{{{347281{003711347281{http://imgs.kshop.co.kr/goods/281/347281_g_20170320142853.jpg{87000{http://www.kshop.co.kr/goods/347281
2017/04/26 16:38:00{2017/04/26 16:38:00{kshop{07{잭필드 봄 숨쉬는 바지 3종 2탄{패션의류{남성의류{바지{{346407{003711346407{http://imgs.kshop.co.kr/goods/407/346407_g_20170419152805.jpg{46800{http://www.kshop.co.kr/goods/346407
2017/04/26 17:38:00{2017/04/26 17:38:00{kshop{07{(TV) 꽃보다 라오스 5일_진에어_보물섬투어{{{{{349428{003711349428{http://imgs.kshop.co.kr/goods/428/349428_g_20170421122245.jpg{0{http://www.kshop.co.kr/goods/349428
2017/04/26 18:39:00{2017/04/26 18:39:00{kshop{07{(TV)김하진 소갈비찜_상반기단하루{{{{{351017{003711351017{http://imgs.kshop.co.kr/goods/017/351017_g_20161226182455.jpg{66900{http://www.kshop.co.kr/goods/351017
2017/04/26 18:39:00{2017/04/26 18:39:00{kshop{07{(TV)김하진 소갈비찜5팩+소꼬리찜4팩_상반기단하루{{{{{351015{003711351015{http://imgs.kshop.co.kr/goods/015/351015_g_20170425155554.jpg{66900{http://www.kshop.co.kr/goods/351015
2017/04/26 19:39:00{2017/04/26 19:39:00{kshop{07{잠으로 애플4D 필로우 베개 더블구성 (특약){가구/인테리어{침구단품{베개{계절베개{351479{003711351479{http://imgs.kshop.co.kr/goods/479/351479_g_20170119174403.jpg{147000{http://www.kshop.co.kr/goods/351479
2017/04/26 19:39:00{2017/04/26 19:39:00{kshop{07{잠으로 애플4D 필로우 베개 싱글구성 (특약){가구/인테리어{침구단품{베개{{314896{003711314896{http://imgs.kshop.co.kr/goods/896/314896_g_20170425142949.jpg{87900{http://www.kshop.co.kr/goods/314896
2017/04/26 20:39:00{2017/04/26 20:39:00{kshop{07{［탈모닷컴］프리미엄 TS샴푸 세트(무료체험 2매)_직매입{{{{{244830{003711244830{http://imgs.kshop.co.kr/goods/830/244830_g_20160422164143.jpg{56800{http://www.kshop.co.kr/goods/244830
2017/04/26 21:40:00{2017/04/26 21:40:00{kshop{07{뱅뱅 남성아웃도어팬츠 ver1{{{{{344457{003711344457{http://imgs.kshop.co.kr/goods/457/344457_g_20170329164707.jpg{66900{http://www.kshop.co.kr/goods/344457
2017/04/26 21:40:00{2017/04/26 21:40:00{kshop{07{뱅뱅 여성아웃도어팬츠 ver1{{{{{344458{003711344458{http://imgs.kshop.co.kr/goods/458/344458_g_20170329164600.jpg{66900{http://www.kshop.co.kr/goods/344458
2017/04/26 22:41:00{2017/04/26 22:41:00{kshop{07{(TV) SK텔레콤 삼성 갤럭시노트5_64G(SM-N920S){디지털/가전{휴대폰{SKT{{342832{003711342832{http://imgs.kshop.co.kr/goods/832/342832_g_20170331132604.jpg{0{http://www.kshop.co.kr/goods/342832
2017/04/26 23:41:00{2017/04/26 23:41:00{kshop{07{(TV_기습)대서양 손질갈치_30토막{식품{수산{생선{갈치{334318{003711334318{http://imgs.kshop.co.kr/goods/318/334318_g_20170307171237.jpg{27900{http://www.kshop.co.kr/goods/334318
2017/04/26 23:56:00{2017/04/26 23:56:00{kshop{07{(TV)2017최신상 더블에스샤이니 1+1+버킷백추가 {디지털/가전{이미용가전{고데기{{346684{003711346684{http://imgs.kshop.co.kr/goods/684/346684_g_20170425160606.jpg{74800{http://www.kshop.co.kr/goods/346684
2017/04/26 23:56:00{2017/04/26 23:56:00{kshop{07{(TV) 대명 라이프 케어 프리미엄{{{{{346758{003711346758{http://imgs.kshop.co.kr/goods/758/346758_g_20170414132141.jpg{0{http://www.kshop.co.kr/goods/346758
2017/04/26 00:56:00{2017/04/26 00:56:00{kshop{07{(1-1)푸마 남성 이노드라이 드로즈 11종{{{{{344262{003711344262{http://imgs.kshop.co.kr/goods/262/344262_g_20170406144808.jpg{86000{http://www.kshop.co.kr/goods/344262
2017/04/26 00:56:00{2017/04/26 00:56:00{kshop{07{푸마 남성 양말 1차 12종{패션잡화{양말{남성양말{{335725{003711335725{http://imgs.kshop.co.kr/goods/725/335725_g_20170307110727.jpg{36900{http://www.kshop.co.kr/goods/335725
2017/04/26 00:56:00{2017/04/26 00:56:00{kshop{07{푸마 남성 플래티넘 면 트렁크 3차 7종 + 랜덤 1종{{{{{278348{003711278348{http://imgs.kshop.co.kr/goods/348/278348_g_20160822181756.jpg{86000{http://www.kshop.co.kr/goods/278348
2017/04/26 01:56:00{2017/04/26 01:56:00{kshop{07{직매입_썸덱스 모아레 여행가방8종{{{{{312564{003711312564{http://imgs.kshop.co.kr/goods/564/312564_g_20170120171732.jpg{137000{http://www.kshop.co.kr/goods/312564
2017/04/26 02:56:00{2017/04/26 02:56:00{kshop{07{(TV)렉스파 스핀엑스{스포츠/레저{헬스{헬스사이클{{344420{003711344420{http://imgs.kshop.co.kr/goods/420/344420_g_20161026172945.jpg{197000{http://www.kshop.co.kr/goods/344420
2017/04/26 03:56:00{2017/04/26 03:56:00{kshop{07{(형성)캐서린말란드리노 플레어원피스{{{{{323927{003711323927{http://imgs.kshop.co.kr/goods/927/323927_g_20170404150950.jpg{87000{http://www.kshop.co.kr/goods/323927
2017/04/26 03:56:00{2017/04/26 03:56:00{kshop{07{(형성)캐서린말란드리노 프린트플레어원피스{{{{{345351{003711345351{http://imgs.kshop.co.kr/goods/351/345351_g_20170404182611.jpg{97000{http://www.kshop.co.kr/goods/345351
2017/04/26 04:16:00{2017/04/26 04:16:00{kshop{07{(직_리2)라텍스코 라텍스 실버트리Q세트{{{{{335763{003711335763{http://imgs.kshop.co.kr/goods/763/335763_g_20160823174812.jpg{488000{http://www.kshop.co.kr/goods/335763
2017/04/26 04:16:00{2017/04/26 04:16:00{kshop{07{(직_리2)라텍스코 라텍스 실버트리K세트{{{{{335762{003711335762{http://imgs.kshop.co.kr/goods/762/335762_g_20160823180200.jpg{548000{http://www.kshop.co.kr/goods/335762
2017/04/26 04:16:00{2017/04/26 04:16:00{kshop{07{(직_리2)라텍스코 라텍스 실버트리SS세트{{{{{335764{003711335764{http://imgs.kshop.co.kr/goods/764/335764_g_20160823181330.jpg{438000{http://www.kshop.co.kr/goods/335764
2017/04/26 05:16:00{2017/04/26 05:16:00{kshop{07{콜맨 남성 아이스 에어쿨 티셔츠 3종{패션의류{남성의류]{{{342555{003711342555{http://imgs.kshop.co.kr/goods/555/342555_g_20170414120239.jpg{37900{http://www.kshop.co.kr/goods/342555
2017/04/26 05:16:00{2017/04/26 05:16:00{kshop{07{콜맨 여성 아이스 에어쿨 티셔츠 3종{스포츠/레저{등산{등산의류{{342556{003711342556{http://imgs.kshop.co.kr/goods/556/342556_g_20170414120334.jpg{37900{http://www.kshop.co.kr/goods/342556
2017/04/26 06:16:00{2017/04/26 06:16:00{kshop{07{(방송중)쿠미투니카 오가닉 에어로쿨 하이웨이스트 팬티{패션의류{여성언더웨어/잠옷{팬티{{347491{003711347491{http://imgs.kshop.co.kr/goods/491/347491_g_20170425113730.jpg{57900{http://www.kshop.co.kr/goods/347491
2017/04/26 07:16:00{2017/04/26 07:16:00{kshop{07{(TV_기습) 오뜨리빙 에어톡 전자렌지/다용도 밀폐용기 44종 (88P){{{{{324251{003711324251{http://imgs.kshop.co.kr/goods/251/324251_g_20170125165051.jpg{18800{http://www.kshop.co.kr/goods/324251
2017/04/26 07:36:00{2017/04/26 07:36:00{kshop{07{티나쉐 스팽글 자켓 세트{패션의류{여성의류{재킷{{348058{003711348058{http://imgs.kshop.co.kr/goods/058/348058_g_20170425114022.jpg{47000{http://www.kshop.co.kr/goods/348058
2017/04/26 08:36:00{2017/04/26 08:36:00{kshop{07{프로스펙스 대박 드로즈 10종{패션의류{남성언더웨어/잠옷{팬티{{346752{003711346752{http://imgs.kshop.co.kr/goods/752/346752_g_20170410163032.jpg{46900{http://www.kshop.co.kr/goods/346752
2017/04/26 08:36:00{2017/04/26 08:36:00{kshop{07{프로스펙스 대박 런닝 10종{{{{{346750{003711346750{http://imgs.kshop.co.kr/goods/750/346750_g_20170410162824.jpg{46900{http://www.kshop.co.kr/goods/346750
2017/04/26 08:36:00{2017/04/26 08:36:00{kshop{07{프로스펙스 대박 트렁크 10종{패션의류{남성언더웨어/잠옷{팬티{{346751{003711346751{http://imgs.kshop.co.kr/goods/751/346751_g_20170410162854.jpg{46900{http://www.kshop.co.kr/goods/346751
