2017/07/17 01:00:00{2017/07/17 02:00:00{GS SHOP{8{7{[SHO] 비타민C20 앰플 세트 ★일명 꿈의앰플★{화장품/미용{스킨케어{에센스{  {25283814{00071125283814{http://image.gsshop.com/image/25/28/25283814_L1.jpg{118,000{http://with.gsshop.com/prd/prd.gs?prdid=25283814
2017/07/17 02:00:00{2017/07/17 02:30:00{GS SHOP{8{7{입는순간 느껴지는 시원함과 편안함!★17년 신상!! 무니베이직 린넨슬랙스 3종!! ★{  {  {  {  {25229987{00071125229987{http://image.gsshop.com/image/25/22/25229987_L1.jpg{64,900{http://with.gsshop.com/prd/prd.gs?prdid=25229987
2017/07/17 02:41:00{2017/07/17 03:30:00{GS SHOP{8{7{[MUEHLMEIER] 3up essence 패키지{패션의류{여성언더웨어/잠옷{브라팬티세트{  {23103130{00071123103130{http://image.gsshop.com/image/23/10/23103130_L1.jpg{162,000{http://with.gsshop.com/prd/prd.gs?prdid=23103130
2017/07/17 03:30:00{2017/07/17 04:30:00{GS SHOP{8{7{[하우동천] 질경이 인사이드 뷰티케어 최다(16박스){화장품/미용{바디케어{여성청결제{  {26550158{00071126550158{http://image.gsshop.com/image/26/55/26550158_L1.jpg{140,000{http://with.gsshop.com/prd/prd.gs?prdid=26550158
2017/07/17 03:30:00{2017/07/17 04:30:00{GS SHOP{8{7{[하우동천] 질경이 인사이드 뷰티케어 8박스 구성{화장품/미용{바디케어{여성청결제{  {26550153{00071126550153{http://image.gsshop.com/image/26/55/26550153_L1.jpg{74,000{http://with.gsshop.com/prd/prd.gs?prdid=26550153
2017/07/17 04:30:00{2017/07/17 05:30:00{GS SHOP{8{7{[고트만]프리미엄 스텐밀폐용기 9종+9종{생활/건강{주방용품{보관/밀폐용기{스텐용기{24688598{00071124688598{http://image.gsshop.com/image/24/68/24688598_L1.jpg{139,000{http://with.gsshop.com/prd/prd.gs?prdid=24688598
2017/07/17 05:30:00{2017/07/17 06:00:00{GS SHOP{8{7{[스타픽스] 2017년형 올스텐 식기건조대+사은품 싱크롤선반 1개{생활/건강{주방용품{주방수납용품{식기건조대{26084925{00071126084925{http://image.gsshop.com/image/26/08/26084925_L1.jpg{104,000{http://with.gsshop.com/prd/prd.gs?prdid=26084925
2017/07/17 07:15:00{2017/07/17 08:15:00{GS SHOP{8{7{★5만원 가격인하!!★ 4세트픽시온 최여진의 모델 브라팬티{  {  {  {  {24870823{00071124870823{http://image.gsshop.com/image/24/87/24870823_L1.jpg{68,000{http://with.gsshop.com/prd/prd.gs?prdid=24870823
2017/07/17 08:15:00{2017/07/17 09:25:00{GS SHOP{8{7{17년 최신상 + 크림베이지 색상추가[크리스찬 라크르와] 파세오(PASEO) 펀칭백-크림베이지 추가{  {  {  {  {25090686{00071125090686{http://image.gsshop.com/image/25/09/25090686_L1.jpg{568,000{http://with.gsshop.com/prd/prd.gs?prdid=25090686
2017/07/17 09:25:00{2017/07/17 10:25:00{GS SHOP{8{7{[젬앤쥬얼리] 14K 이태리 오메가 컬렉션{여행/문화{여행/항공권{  {  {25013848{00071125013848{http://image.gsshop.com/image/25/01/25013848_L1.jpg{499,000{http://with.gsshop.com/prd/prd.gs?prdid=25013848
2017/07/17 10:25:00{2017/07/17 11:35:00{GS SHOP{8{7{[GS단독구성/방송에서만][함소아]홍키통키 옐로우(24개월~4세)110포+유산균+철분비타민{  {  {  {  {26153508{00071126153508{http://image.gsshop.com/image/26/15/26153508_L1.jpg{209,000{http://with.gsshop.com/prd/prd.gs?prdid=26153508
2017/07/17 10:25:00{2017/07/17 11:35:00{GS SHOP{8{7{[GS단독구성/방송에서만][함소아]홍키통키 그린(5~7세)110포+유산균+철분비타민{  {  {  {  {26153868{00071126153868{http://image.gsshop.com/image/26/15/26153868_L1.jpg{219,000{http://with.gsshop.com/prd/prd.gs?prdid=26153868
2017/07/17 10:25:00{2017/07/17 11:35:00{GS SHOP{8{7{[GS단독구성/방송에서만][함소아]홍키통키 블루(8~10세)110포+유산균+철분비타민{  {  {  {  {26154091{00071126154091{http://image.gsshop.com/image/26/15/26154091_L1.jpg{229,000{http://with.gsshop.com/prd/prd.gs?prdid=26154091
2017/07/17 10:25:00{2017/07/17 11:35:00{GS SHOP{8{7{[GS단독구성/방송에서만][함소아]홍키통키 레드(11~13세)110포+유산균+철분비타민{  {  {  {  {26154661{00071126154661{http://image.gsshop.com/image/26/15/26154661_L1.jpg{239,000{http://with.gsshop.com/prd/prd.gs?prdid=26154661
2017/07/17 11:35:00{2017/07/17 12:40:00{GS SHOP{8{7{방)신일 에어서큘레이터 터보{디지털/가전{계절가전{공기정화기{공기순환기{25595116{00071125595116{http://image.gsshop.com/image/25/59/25595116_L1.jpg{89,000{http://with.gsshop.com/prd/prd.gs?prdid=25595116
2017/07/17 12:40:00{2017/07/17 13:40:00{GS SHOP{8{7{[알집매트 1+1] 파격 1+1! 2개구성 듀오칼라폴더 280XG{출산/육아{완구/매트{놀이방매트{  {22032140{00071122032140{http://image.gsshop.com/image/22/03/22032140_L1.jpg{317,000{http://with.gsshop.com/prd/prd.gs?prdid=22032140
2017/07/17 12:40:00{2017/07/17 13:40:00{GS SHOP{8{7{[알집매트] 듀오칼라폴더 280XG{출산/육아{완구/매트{놀이방매트{  {22032131{00071122032131{http://image.gsshop.com/image/22/03/22032131_L1.jpg{178,000{http://with.gsshop.com/prd/prd.gs?prdid=22032131
2017/07/17 12:40:00{2017/07/17 13:40:00{GS SHOP{8{7{[알집매트] 플레이캐슬 280XG + 듀오칼라폴더 280XG{출산/육아{완구/매트{놀이방매트{  {22033193{00071122033193{http://image.gsshop.com/image/22/03/22033193_L1.jpg{397,000{http://with.gsshop.com/prd/prd.gs?prdid=22033193
2017/07/17 12:40:00{2017/07/17 13:40:00{GS SHOP{8{7{[알집매트] 플레이캐슬 280XG{출산/육아{완구/매트{놀이방매트{  {22033020{00071122033020{http://image.gsshop.com/image/22/03/22033020_L1.jpg{238,000{http://with.gsshop.com/prd/prd.gs?prdid=22033020
2017/07/17 14:40:00{2017/07/17 15:10:00{GS SHOP{8{7{[지엔느홈]보타닉레이스쿨여름이불특대3+베개커버4{가구/인테리어{침구세트{이불베개세트{더블/퀸이불베개세트{26272188{00071126272188{http://image.gsshop.com/image/26/27/26272188_L1.jpg{79,900{http://with.gsshop.com/prd/prd.gs?prdid=26272188
2017/07/17 14:40:00{2017/07/17 15:10:00{GS SHOP{8{7{[지엔느홈]보타닉레이스쿨여름이불대형3+베개커버4{가구/인테리어{침구세트{이불베개세트{더블/퀸이불베개세트{26272101{00071126272101{http://image.gsshop.com/image/26/27/26272101_L1.jpg{69,900{http://with.gsshop.com/prd/prd.gs?prdid=26272101
2017/07/17 14:40:00{2017/07/17 15:10:00{GS SHOP{8{7{[지엔느홈]보타닉 인견레이스쿨자카드 여름이불세트 특대 3종{가구/인테리어{침구세트{이불베개세트{더블/퀸이불베개세트{26272151{00071126272151{http://image.gsshop.com/image/26/27/26272151_L1.jpg{59,900{http://with.gsshop.com/prd/prd.gs?prdid=26272151
2017/07/17 14:40:00{2017/07/17 15:10:00{GS SHOP{8{7{[지엔느홈]보타닉 인견레이스쿨자카드 여름이불세트 대형 3종{가구/인테리어{침구세트{이불베개세트{더블/퀸이불베개세트{26271988{00071126271988{http://image.gsshop.com/image/26/27/26271988_L1.jpg{49,900{http://with.gsshop.com/prd/prd.gs?prdid=26271988
2017/07/17 14:40:00{2017/07/17 15:10:00{GS SHOP{8{7{[지엔느홈]보타닉 인견레이스쿨자카드 여름이불세트 특대형 단품{  {  {  {  {26271112{00071126271112{http://image.gsshop.com/image/26/27/26271112_L1.jpg{39,900{http://with.gsshop.com/prd/prd.gs?prdid=26271112
2017/07/17 14:40:00{2017/07/17 15:10:00{GS SHOP{8{7{[지엔느홈]보타닉 인견레이스쿨자카드 여름 이불 대형 1장{가구/인테리어{침구단품{홑이불{  {26271016{00071126271016{http://image.gsshop.com/image/26/27/26271016_L1.jpg{29,900{http://with.gsshop.com/prd/prd.gs?prdid=26271016
2017/07/17 15:10:00{2017/07/17 15:40:00{GS SHOP{8{7{GS단독! 버넬 사면 듀오 캡스 세제 더+ 버넬1통 아무거나 30일 무료체험★[유럽직수입] 버넬 10weeks 섬유유연제*9개 + 브레프+ 퍼실 캡스{  {  {  {  {26641941{00071126641941{http://image.gsshop.com/image/26/64/26641941_L1.jpg{43,900{http://with.gsshop.com/prd/prd.gs?prdid=26641941
2017/07/17 15:40:00{2017/07/17 16:10:00{GS SHOP{8{7{뼈를 제거하고 6mm씩 슬라이스한 훈제오리[방송 최다구성]무항생제 훈제오리 18팩 (팩당 200g, 총 3.6kg){  {  {  {  {19439795{00071119439795{http://image.gsshop.com/image/19/43/19439795_L1.jpg{58,410{http://with.gsshop.com/prd/prd.gs?prdid=19439795
2017/07/17 16:10:00{2017/07/17 16:40:00{GS SHOP{8{7{[산지애] 더 달콤한 햇 자두(로얄대석) 총 6kg (750g*8팩){식품{농산물{건과류{건자두{26481037{00071126481037{http://image.gsshop.com/image/26/48/26481037_L1.jpg{39,900{http://with.gsshop.com/prd/prd.gs?prdid=26481037
2017/07/17 16:40:00{2017/07/17 17:10:00{GS SHOP{8{7{★GS단독 29만원 상당 단독 가전 BIG 4사은품★[백화점 판매동일]삼성건조기 플래티넘 이녹스 9Kg(DV90K6200QX){  {  {  {  {26445654{00071126445654{http://image.gsshop.com/image/26/44/26445654_L1.jpg{1,140,000{http://with.gsshop.com/prd/prd.gs?prdid=26445654
2017/07/17 16:40:00{2017/07/17 17:10:00{GS SHOP{8{7{★GS단독 29만원 상당 단독 가전 BIG 4사은품★[백화점 판매동일]삼성건조기 화이트(블루도어) 9Kg(DV90K6200QW){  {  {  {  {26444130{00071126444130{http://image.gsshop.com/image/26/44/26444130_L1.jpg{1,040,000{http://with.gsshop.com/prd/prd.gs?prdid=26444130
2017/07/17 16:40:00{2017/07/17 17:10:00{GS SHOP{8{7{★GS단독 29만원 상당 단독 가전 BIG 4사은품★[백화점 판매동일]삼성건조기 화이트(화이트도어) 9Kg(DV90K6200IW){  {  {  {  {26445553{00071126445553{http://image.gsshop.com/image/26/44/26445553_L1.jpg{1,040,000{http://with.gsshop.com/prd/prd.gs?prdid=26445553
2017/07/17 17:10:00{2017/07/17 17:40:00{GS SHOP{8{7{에브리봇 물걸레 무선로봇청소기 RS500 / GS단독 물걸래패드 8장 증정!!{디지털/가전{생활가전{청소기{로봇청소기{23856345{00071123856345{http://image.gsshop.com/image/23/85/23856345_L1.jpg{198,000{http://with.gsshop.com/prd/prd.gs?prdid=23856345
2017/07/17 18:40:00{2017/07/17 19:35:00{GS SHOP{8{7{쿠쿠 정수기 렌탈{디지털/가전{주방가전{정수기{냉온정수기{26003899{00071126003899{http://image.gsshop.com/image/26/00/26003899_L1.jpg{{http://with.gsshop.com/prd/prd.gs?prdid=26003899
2017/07/17 19:35:00{2017/07/17 20:40:00{GS SHOP{8{7{[75TV] 삼성 UHD TV + 사운드바 HW-K360{  {  {  {  {26659874{00071126659874{http://image.gsshop.com/image/26/65/26659874_L1.jpg{4,290,000{http://with.gsshop.com/prd/prd.gs?prdid=26659874
2017/07/17 19:35:00{2017/07/17 20:40:00{GS SHOP{8{7{[65TV] 삼성 UHD TV + 사운드바 HW-K360{  {  {  {  {26629858{00071126629858{http://image.gsshop.com/image/26/62/26629858_L1.jpg{2,090,000{http://with.gsshop.com/prd/prd.gs?prdid=26629858
2017/07/17 19:35:00{2017/07/17 20:40:00{GS SHOP{8{7{[55TV] 삼성 UHD TV + 사운드바 HW-K360{  {  {  {  {26659769{00071126659769{http://image.gsshop.com/image/26/65/26659769_L1.jpg{1,440,000{http://with.gsshop.com/prd/prd.gs?prdid=26659769
2017/07/17 19:35:00{2017/07/17 20:40:00{GS SHOP{8{7{[50TV] 삼성 UHD TV + 사운드바 HW-K360{  {  {  {  {26659675{00071126659675{http://image.gsshop.com/image/26/65/26659675_L1.jpg{1,290,000{http://with.gsshop.com/prd/prd.gs?prdid=26659675
2017/07/17 19:35:00{2017/07/17 20:40:00{GS SHOP{8{7{[65TV] 삼성커브드UHD + 사운드바 HW-K360 + 삼성 선풍기{  {  {  {  {26242960{00071126242960{http://image.gsshop.com/image/26/24/26242960_L1.jpg{2,439,000{http://with.gsshop.com/prd/prd.gs?prdid=26242960
2017/07/17 19:35:00{2017/07/17 20:40:00{GS SHOP{8{7{[55TV] 삼성커브드UHD + 사운드바 HW-K360 + 삼성 선풍기{  {  {  {  {26243086{00071126243086{http://image.gsshop.com/image/26/24/26243086_L1.jpg{1,689,000{http://with.gsshop.com/prd/prd.gs?prdid=26243086
2017/07/17 19:35:00{2017/07/17 20:40:00{GS SHOP{8{7{[49TV] 삼성커브드UHD + 사운드바 HW-K360 + 삼성 선풍기{  {  {  {  {26200846{00071126200846{http://image.gsshop.com/image/26/20/26200846_L1.jpg{1,489,000{http://with.gsshop.com/prd/prd.gs?prdid=26200846
2017/07/17 20:40:00{2017/07/17 21:40:00{GS SHOP{8{7{★최초3만원인하★ 스트렐리 린넨 가디건 3종{  {  {  {  {25517906{00071125517906{http://image.gsshop.com/image/25/51/25517906_L1.jpg{39,900{http://with.gsshop.com/prd/prd.gs?prdid=25517906
2017/07/17 20:40:00{2017/07/17 21:40:00{GS SHOP{8{7{★사상최저가★올리비에 스트렐리 린넨 팬츠 3종{패션의류{여성의류{바지{  {25520148{00071125520148{http://image.gsshop.com/image/25/52/25520148_L1.jpg{39,900{http://with.gsshop.com/prd/prd.gs?prdid=25520148
2017/07/17 20:40:00{2017/07/17 21:40:00{GS SHOP{8{7{17년 최신상  올리비에스트렐리 린넨티 6종{패션의류{여성의류{니트/스웨터{  {25269371{00071125269371{http://image.gsshop.com/image/25/26/25269371_L1.jpg{39,900{http://with.gsshop.com/prd/prd.gs?prdid=25269371
2017/07/17 20:40:00{2017/07/17 21:40:00{GS SHOP{8{7{올리비에 스트렐리 남성용 린넨티셔츠 5종{패션의류{남성의류{티셔츠{  {25269378{00071125269378{http://image.gsshop.com/image/25/26/25269378_L1.jpg{38,900{http://with.gsshop.com/prd/prd.gs?prdid=25269378
2017/07/17 21:40:00{2017/07/17 22:40:00{GS SHOP{8{7{세실엔느 아이스 란쥬 4+2종{패션의류{여성언더웨어/잠옷{브라팬티세트{  {25714130{00071125714130{http://image.gsshop.com/image/25/71/25714130_L1.jpg{88,000{http://with.gsshop.com/prd/prd.gs?prdid=25714130
2017/07/17 23:40:00{2017/07/17 01:00:00{GS SHOP{8{7{세척력+컬러케어+편리성+보관성 모두OK! 본품 1박스 30일간 써보고 결정하세요No.1 LG테크] New 한장빨래 화이트플러스 + 샤프란,주방세제 더{  {  {  {  {26371565{00071126371565{http://image.gsshop.com/image/26/37/26371565_L1.jpg{68,800{http://with.gsshop.com/prd/prd.gs?prdid=26371565
2017/07/17 23:40:00{2017/07/17 01:00:00{GS SHOP{8{7{삼성무풍에어컨 메탈화이트 홈멀티[18형/58.5㎡+6형/18.7㎡]{디지털/가전{계절가전{에어컨{멀티형에어컨{26452814{00071126452814{http://image.gsshop.com/image/26/45/26452814_L1.jpg{2,499,000{http://with.gsshop.com/prd/prd.gs?prdid=26452814
2017/07/17 23:40:00{2017/07/17 01:00:00{GS SHOP{8{7{삼성무풍에어컨 메탈화이트 홈멀티[16형/52.8㎡+6형/18.7㎡]{디지털/가전{계절가전{에어컨{멀티형에어컨{26452915{00071126452915{http://image.gsshop.com/image/26/45/26452915_L1.jpg{2,299,000{http://with.gsshop.com/prd/prd.gs?prdid=26452915
2017/07/17 23:40:00{2017/07/17 01:00:00{GS SHOP{8{7{삼성무풍에어컨 메탈화이트 스탠드[18형/58.5㎡]{디지털/가전{계절가전{에어컨{스탠드형에어컨{26452868{00071126452868{http://image.gsshop.com/image/26/45/26452868_L1.jpg{2,099,000{http://with.gsshop.com/prd/prd.gs?prdid=26452868
2017/07/17 23:40:00{2017/07/17 01:00:00{GS SHOP{8{7{삼성무풍에어컨 메탈화이트 스탠드[16형/52.8㎡]{디지털/가전{계절가전{에어컨{스탠드형에어컨{26452973{00071126452973{http://image.gsshop.com/image/26/45/26452973_L1.jpg{1,899,000{http://with.gsshop.com/prd/prd.gs?prdid=26452973
2017/07/17 06:15:00{2017/07/17 07:15:00{현대홈쇼핑{10{7{(미리주문)시베리안 차가버섯{식품{건강식품{건강분말{  {2045753558{0018112045753558{http://image.hyundaihmall.com/static/5/3/75/45/2045753558_0_170.jpg{198,000{http://www.hyundaihmall.com/front/pda/itemPtc.do?slitmCd=2045753558
2017/07/17 06:15:00{2017/07/17 07:15:00{현대홈쇼핑{10{7{(단품1병)시베리안 차가버섯 1병{  {  {  {  {2045442291{0018112045442291{http://image.hyundaihmall.com/static/2/2/44/45/2045442291_0_170.jpg{45,000{http://www.hyundaihmall.com/front/pda/itemPtc.do?slitmCd=2045442291
2017/07/17 06:15:00{2017/07/17 07:15:00{현대홈쇼핑{10{7{(단품1박스)시베리안 차가버섯 4병{  {  {  {  {2045442300{0018112045442300{http://image.hyundaihmall.com/static/3/2/44/45/2045442300_0_170.jpg{129,000{http://www.hyundaihmall.com/front/pda/itemPtc.do?slitmCd=2045442300
2017/07/17 07:15:00{2017/07/17 09:25:00{현대홈쇼핑{10{7{조이너스 썸머 크레이프 쉬폰 블라우스 4종{패션의류{여성의류{블라우스/셔츠{  {2049722940{0018112049722940{http://image.hyundaihmall.com/static/9/2/72/49/2049722940_0_170.jpg{49,900{http://www.hyundaihmall.com/front/pda/itemPtc.do?slitmCd=2049722940
2017/07/17 07:15:00{2017/07/17 09:25:00{현대홈쇼핑{10{7{플리츠미 썸머컬렉션 2종세트{패션의류{여성의류{코디세트{  {2053533754{0018112053533754{http://image.hyundaihmall.com/static/7/3/53/53/2053533754_0_170.jpg{79,000{http://www.hyundaihmall.com/front/pda/itemPtc.do?slitmCd=2053533754
2017/07/17 07:15:00{2017/07/17 09:25:00{현대홈쇼핑{10{7{조이너스 린넨 블렌딩 썸머 셔츠 6종{패션의류{여성의류{블라우스/셔츠{  {2052753798{0018112052753798{http://image.hyundaihmall.com/static/7/3/75/52/2052753798_0_170.jpg{59,900{http://www.hyundaihmall.com/front/pda/itemPtc.do?slitmCd=2052753798
2017/07/17 07:15:00{2017/07/17 09:25:00{현대홈쇼핑{10{7{COMPAGNA 꼼빠니아  썸머 쿨 와이드 큐롯팬츠3종{패션의류{여성의류{바지{  {2054314723{0018112054314723{http://image.hyundaihmall.com/static/7/4/31/54/2054314723_0_170.jpg{49,900{http://www.hyundaihmall.com/front/pda/itemPtc.do?slitmCd=2054314723
2017/07/17 09:25:00{2017/07/17 10:25:00{현대홈쇼핑{10{7{보국  에어젯 에어쿨러  (BKCF-17R06){생활/건강{공구{수작업공구{기타수작업공구{2050985375{0018112050985375{http://image.hyundaihmall.com/static/3/5/98/50/2050985375_0_170.jpg{178,000{http://www.hyundaihmall.com/front/pda/itemPtc.do?slitmCd=2050985375
2017/07/17 10:25:00{2017/07/17 11:40:00{현대홈쇼핑{10{7{오슬로 IH 프라이팬 세트{생활/건강{주방용품{프라이팬{프라이팬세트{2054510067{0018112054510067{http://image.hyundaihmall.com/static/0/0/51/54/2054510067_0_170.jpg{119,000{http://www.hyundaihmall.com/front/pda/itemPtc.do?slitmCd=2054510067
2017/07/17 11:40:00{2017/07/17 12:40:00{현대홈쇼핑{10{7{[렌탈]교원 웰스 tt 헬스 정수기{디지털/가전{주방가전{정수기{냉온정수기{2050533602{0018112050533602{http://image.hyundaihmall.com/static/6/3/53/50/2050533602_0_170.jpg{{http://www.hyundaihmall.com/front/pda/itemPtc.do?slitmCd=2050533602
2017/07/17 12:40:00{2017/07/17 13:40:00{현대홈쇼핑{10{7{현대해상 (무)계속받는암보험{  {  {  {  {2045954682{0018112045954682{http://image.hyundaihmall.com/static/6/4/95/45/2045954682_0_170.jpg{{http://www.hyundaihmall.com/front/pda/itemPtc.do?slitmCd=2045954682
2017/07/17 13:40:00{2017/07/17 14:45:00{현대홈쇼핑{10{7{특허받은 빨래건조기 매직{생활/건강{세탁용품{빨래건조대{이동접이식{2050834563{0018112050834563{http://image.hyundaihmall.com/static/5/4/83/50/2050834563_0_170.jpg{99,800{http://www.hyundaihmall.com/front/pda/itemPtc.do?slitmCd=2050834563
2017/07/17 14:45:00{2017/07/17 15:35:00{현대홈쇼핑{10{7{자갈치식 산청꼼장어{식품{수산{생선{장어{2047405283{0018112047405283{http://image.hyundaihmall.com/static/2/5/40/47/2047405283_0_170.jpg{30,900{http://www.hyundaihmall.com/front/pda/itemPtc.do?slitmCd=2047405283
2017/07/17 14:45:00{2017/07/17 15:35:00{현대홈쇼핑{10{7{새초로미쌀{  {  {  {  {2047702010{0018112047702010{http://image.hyundaihmall.com/static/0/2/70/47/2047702010_0_170.jpg{33,900{http://www.hyundaihmall.com/front/pda/itemPtc.do?slitmCd=2047702010
2017/07/17 15:35:00{2017/07/17 16:40:00{현대홈쇼핑{10{7{히노끼 바디스파 클렌징세트{화장품/미용{바디케어{바디케어세트{  {2054687209{0018112054687209{http://image.hyundaihmall.com/static/2/7/68/54/2054687209_0_170.jpg{69,900{http://www.hyundaihmall.com/front/pda/itemPtc.do?slitmCd=2054687209
2017/07/17 15:35:00{2017/07/17 16:40:00{현대홈쇼핑{10{7{히노끼 풋스파 프로그램 by 써메딕{화장품/미용{바디케어{풋케어{  {2046852091{0018112046852091{http://image.hyundaihmall.com/static/0/2/85/46/2046852091_0_170.jpg{69,900{http://www.hyundaihmall.com/front/pda/itemPtc.do?slitmCd=2046852091
2017/07/17 15:35:00{2017/07/17 16:40:00{현대홈쇼핑{10{7{(직)히노끼 풋스파 프로그램 by 써메딕{화장품/미용{바디케어{풋케어{  {2047468296{0018112047468296{http://image.hyundaihmall.com/static/2/8/46/47/2047468296_0_170.jpg{69,900{http://www.hyundaihmall.com/front/pda/itemPtc.do?slitmCd=2047468296
2017/07/17 15:35:00{2017/07/17 16:40:00{현대홈쇼핑{10{7{히노끼 풋스파 프로그램 by 써메딕{화장품/미용{바디케어{풋케어{  {2051000677{0018112051000677{http://image.hyundaihmall.com/static/6/0/00/51/2051000677_0_170.jpg{69,900{http://www.hyundaihmall.com/front/pda/itemPtc.do?slitmCd=2051000677
2017/07/17 16:40:00{2017/07/17 17:40:00{현대홈쇼핑{10{7{한복선 꼬리곰탕{식품{냉동/간편조리식품{즉석탕{  {2054697979{0018112054697979{http://image.hyundaihmall.com/static/9/7/69/54/2054697979_0_170.jpg{59,900{http://www.hyundaihmall.com/front/pda/itemPtc.do?slitmCd=2054697979
2017/07/17 17:40:00{2017/07/17 18:40:00{현대홈쇼핑{10{7{에지리 법랑 냄비 세트{생활/건강{주방용품{냄비/솥{냄비세트{2054683360{0018112054683360{http://image.hyundaihmall.com/static/3/3/68/54/2054683360_0_170.jpg{299,000{http://www.hyundaihmall.com/front/pda/itemPtc.do?slitmCd=2054683360
2017/07/17 17:40:00{2017/07/17 18:40:00{현대홈쇼핑{10{7{에지리 법랑 18cm 편수냄비{생활/건강{주방용품{냄비/솥{편수냄비{2054683429{0018112054683429{http://image.hyundaihmall.com/static/4/3/68/54/2054683429_0_170.jpg{108,000{http://www.hyundaihmall.com/front/pda/itemPtc.do?slitmCd=2054683429
2017/07/17 17:40:00{2017/07/17 18:40:00{현대홈쇼핑{10{7{에지리 법랑 20cm 양수냄비{생활/건강{주방용품{냄비/솥{양수냄비{2054683861{0018112054683861{http://image.hyundaihmall.com/static/8/3/68/54/2054683861_0_170.jpg{125,000{http://www.hyundaihmall.com/front/pda/itemPtc.do?slitmCd=2054683861
2017/07/17 17:40:00{2017/07/17 18:40:00{현대홈쇼핑{10{7{에지리 법랑 24cm 곰솥{생활/건강{주방용품{냄비/솥{곰솥/들통{2054761364{0018112054761364{http://image.hyundaihmall.com/static/3/1/76/54/2054761364_0_170.jpg{146,000{http://www.hyundaihmall.com/front/pda/itemPtc.do?slitmCd=2054761364
2017/07/17 17:40:00{2017/07/17 18:40:00{현대홈쇼핑{10{7{에지리 법랑 믹싱볼 3P{생활/건강{주방용품{조리기구{믹싱볼{2054768881{0018112054768881{http://image.hyundaihmall.com/static/8/8/76/54/2054768881_0_170.jpg{112,000{http://www.hyundaihmall.com/front/pda/itemPtc.do?slitmCd=2054768881
2017/07/17 17:40:00{2017/07/17 18:40:00{현대홈쇼핑{10{7{에지리 법랑 사각 스토리지{생활/건강{주방용품{보관/밀폐용기{법랑용기{2054769313{0018112054769313{http://image.hyundaihmall.com/static/3/9/76/54/2054769313_0_170.jpg{45,000{http://www.hyundaihmall.com/front/pda/itemPtc.do?slitmCd=2054769313
2017/07/17 17:40:00{2017/07/17 18:40:00{현대홈쇼핑{10{7{에지리 정품 IH 인덕션렌지{디지털/가전{주방가전{인덕션{  {2054769675{0018112054769675{http://image.hyundaihmall.com/static/6/9/76/54/2054769675_0_170.jpg{155,000{http://www.hyundaihmall.com/front/pda/itemPtc.do?slitmCd=2054769675
2017/07/17 17:40:00{2017/07/17 18:40:00{현대홈쇼핑{10{7{에지리 법랑 24cm 전골{생활/건강{주방용품{냄비/솥{전골냄비{2054845889{0018112054845889{http://image.hyundaihmall.com/static/8/5/84/54/2054845889_0_170.jpg{149,000{http://www.hyundaihmall.com/front/pda/itemPtc.do?slitmCd=2054845889
2017/07/17 18:40:00{2017/07/17 19:35:00{현대홈쇼핑{10{7{동부화재 다이렉트 참좋은운전자보험{  {  {  {  {2045972644{0018112045972644{http://image.hyundaihmall.com/static/6/2/97/45/2045972644_0_170.jpg{{http://www.hyundaihmall.com/front/pda/itemPtc.do?slitmCd=2045972644
2017/07/17 19:35:00{2017/07/17 20:40:00{현대홈쇼핑{10{7{[LGU+]LG X400[LGM-K121L]+시원스쿨 탭 LG G padⅡ 8.0[LG-V498S1]{  {  {  {  {2054596165{0018112054596165{http://image.hyundaihmall.com/static/1/6/59/54/2054596165_0_170.jpg{352,200{http://www.hyundaihmall.com/front/pda/itemPtc.do?slitmCd=2054596165
2017/07/17 00:15:00{2017/07/17 00:55:00{홈&쇼핑{14{7{[겐지아]17SS 프리미엄 여행가방 4종세트 파격특가{패션잡화{여행용가방/소품{하드캐리어{중대형{12658373{00361112658373{http://image.hnsmall.com/images/goods/373/12658373_g.jpg{122,000{http://www.hnsmall.com/display/goods.do?goods_code=12658373
2017/07/17 00:15:00{2017/07/17 00:55:00{홈&쇼핑{14{7{[겐지아]17SS 최신상 프리미엄 여행가방 파격특가(기내용캐리어20형){패션잡화{여행용가방/소품{하드캐리어{중대형{12643843{00361112643843{http://image.hnsmall.com/images/goods/843/12643843_g.jpg{99,000{http://www.hnsmall.com/display/goods.do?goods_code=12643843
2017/07/17 00:55:00{2017/07/17 01:35:00{홈&쇼핑{14{7{[34L] 아이스업 차량용 냉장고+어댑터{  {  {  {  {12715309{00361112715309{http://image.hnsmall.com/images/goods/309/12715309_g.jpg{138,000{http://www.hnsmall.com/display/goods.do?goods_code=12715309
2017/07/17 00:55:00{2017/07/17 01:35:00{홈&쇼핑{14{7{[24L] 아이스업 차량용 냉장고+어댑터{생활/건강{자동차용품{편의용품{차량용냉/온장고{12715313{00361112715313{http://image.hnsmall.com/images/goods/313/12715313_g.jpg{98,000{http://www.hnsmall.com/display/goods.do?goods_code=12715313
2017/07/17 00:55:00{2017/07/17 01:35:00{홈&쇼핑{14{7{아이스업 차량용 냉장고- 가정용 어댑터{디지털/가전{휴대폰액세서리{휴대폰충전기{충전기{12721985{00361112721985{http://image.hnsmall.com/images/goods/985/12721985_g.jpg{25,000{http://www.hnsmall.com/display/goods.do?goods_code=12721985
2017/07/17 01:35:00{2017/07/17 02:15:00{홈&쇼핑{14{7{[돌리고] 2in1 채칼 세트{생활/건강{주방용품{주방잡화{기타주방잡화{12749791{00361112749791{http://image.hnsmall.com/images/goods/791/12749791_g.jpg{43,900{http://www.hnsmall.com/display/goods.do?goods_code=12749791
2017/07/17 02:15:00{2017/07/17 02:55:00{홈&쇼핑{14{7{메종드블랑 네츄럴 스타일 피그먼트 침구 3세트{가구/인테리어{침구세트{이불베개세트{더블/퀸이불베개세트{12756749{00361112756749{http://image.hnsmall.com/images/goods/749/12756749_g.jpg{59,900{http://www.hnsmall.com/display/goods.do?goods_code=12756749
2017/07/17 02:15:00{2017/07/17 02:55:00{홈&쇼핑{14{7{메종드블랑 네츄럴 스타일 피그먼트 침구 3세트+베개커버4장{가구/인테리어{침구세트{이불베개세트{더블/퀸이불베개세트{12756751{00361112756751{http://image.hnsmall.com/images/goods/751/12756751_g.jpg{79,900{http://www.hnsmall.com/display/goods.do?goods_code=12756751
2017/07/17 02:55:00{2017/07/17 03:30:00{홈&쇼핑{14{7{[W.베일]17년 S/S 썸머 팬톤 블라우스 4종{패션의류{여성의류{블라우스/셔츠{  {12708745{00361112708745{http://image.hnsmall.com/images/goods/745/12708745_g.jpg{55,000{http://www.hnsmall.com/display/goods.do?goods_code=12708745
2017/07/17 03:30:00{2017/07/17 04:10:00{홈&쇼핑{14{7{2개세트 new 센스맘 꿀잠(ccool zam) 베개(쿨젤){가구/인테리어{침구단품{베개{계절베개{12758559{00361112758559{http://image.hnsmall.com/images/goods/559/12758559_g.jpg{59,900{http://www.hnsmall.com/display/goods.do?goods_code=12758559
2017/07/17 03:30:00{2017/07/17 04:10:00{홈&쇼핑{14{7{new 센스맘 꿀잠(ccool zam) 베개 1개(쿨젤){가구/인테리어{침구단품{베개{계절베개{12758579{00361112758579{http://image.hnsmall.com/images/goods/579/12758579_g.jpg{39,900{http://www.hnsmall.com/display/goods.do?goods_code=12758579
2017/07/17 04:10:00{2017/07/17 04:50:00{홈&쇼핑{14{7{Milano#41 올오버레이스 란쥬쉐이퍼 패키지 1차{패션의류{여성언더웨어/잠옷{보정속옷{올인원/바디쉐이퍼{12757762{00361112757762{http://image.hnsmall.com/images/goods/762/12757762_g.jpg{79,900{http://www.hnsmall.com/display/goods.do?goods_code=12757762
2017/07/17 04:10:00{2017/07/17 04:50:00{홈&쇼핑{14{7{Milano#41 올오버레이스 란쥬쉐이퍼 패키지 1차(1세트){패션의류{여성언더웨어/잠옷{브라팬티세트{  {12757775{00361112757775{http://image.hnsmall.com/images/goods/775/12757775_g.jpg{62,000{http://www.hnsmall.com/display/goods.do?goods_code=12757775
2017/07/17 04:50:00{2017/07/17 05:30:00{홈&쇼핑{14{7{WOX(왁스) - 코튼 배쏙티(여성){패션의류{여성언더웨어/잠옷{보정속옷{기타보정속옷{12738635{00361112738635{http://image.hnsmall.com/images/goods/635/12738635_g.jpg{89,000{http://www.hnsmall.com/display/goods.do?goods_code=12738635
2017/07/17 04:50:00{2017/07/17 05:30:00{홈&쇼핑{14{7{WOX(왁스) - 코튼 배쏙티(남성){패션의류{남성언더웨어/잠옷{러닝{  {12738646{00361112738646{http://image.hnsmall.com/images/goods/646/12738646_g.jpg{89,000{http://www.hnsmall.com/display/goods.do?goods_code=12738646
2017/07/17 04:50:00{2017/07/17 05:30:00{홈&쇼핑{14{7{WOX(왁스) - 반팔 배쏙티(여성){패션의류{여성언더웨어/잠옷{  {  {12738615{00361112738615{http://image.hnsmall.com/images/goods/615/12738615_g.jpg{89,000{http://www.hnsmall.com/display/goods.do?goods_code=12738615
2017/07/17 04:50:00{2017/07/17 05:30:00{홈&쇼핑{14{7{[1종] 왁스(WOX) - 여성 코튼 배쏙티 택1(색상 4가지){패션의류{여성언더웨어/잠옷{보정속옷{기타보정속옷{12592098{00361112592098{http://image.hnsmall.com/images/goods/098/12592098_g.jpg{45,000{http://www.hnsmall.com/display/goods.do?goods_code=12592098
2017/07/17 04:50:00{2017/07/17 05:30:00{홈&쇼핑{14{7{[1종] 왁스(WOX) - 남성 코튼 배쏙티 택1(색상 4가지){패션의류{남성언더웨어/잠옷{보정속옷{보정상의{12592149{00361112592149{http://image.hnsmall.com/images/goods/149/12592149_g.jpg{55,000{http://www.hnsmall.com/display/goods.do?goods_code=12592149
2017/07/17 04:50:00{2017/07/17 05:30:00{홈&쇼핑{14{7{[1종] 왁스(WOX) - 여성 반팔 배쏙티 택1(색상 4가지){패션의류{여성언더웨어/잠옷{러닝/캐미솔{  {12648536{00361112648536{http://image.hnsmall.com/images/goods/536/12648536_g.jpg{45,000{http://www.hnsmall.com/display/goods.do?goods_code=12648536
2017/07/17 05:30:00{2017/07/17 06:10:00{홈&쇼핑{14{7{[렌탈] 노스웰 알레르기성 비염 레이저조사기(CNG5544){  {  {  {  {12606074{00361112606074{http://image.hnsmall.com/images/goods/074/12606074_g.jpg{0{http://www.hnsmall.com/display/goods.do?goods_code=12606074
2017/07/17 06:10:00{2017/07/17 06:50:00{홈&쇼핑{14{7{애경 덴티스트리 치약{생활/건강{구강위생용품{치약{  {12750362{00361112750362{http://image.hnsmall.com/images/goods/362/12750362_g.jpg{49,800{http://www.hnsmall.com/display/goods.do?goods_code=12750362
2017/07/17 06:10:00{2017/07/17 06:50:00{홈&쇼핑{14{7{리큐 스피드워시{생활/건강{생활용품{세제/세정제{세탁세제{12622673{00361112622673{http://image.hnsmall.com/images/goods/673/12622673_g.jpg{54,000{http://www.hnsmall.com/display/goods.do?goods_code=12622673
2017/07/17 06:10:00{2017/07/17 06:50:00{홈&쇼핑{14{7{내추럴 온리3{패션잡화{주얼리{귀걸이{패션귀걸이{12622681{00361112622681{http://image.hnsmall.com/images/goods/681/12622681_g.jpg{49,800{http://www.hnsmall.com/display/goods.do?goods_code=12622681
2017/07/17 06:50:00{2017/07/17 08:10:00{홈&쇼핑{14{7{[샤라비아] 썸머 쿨 쉬폰 블라우스 4종+스카프{패션의류{여성의류{블라우스/셔츠{  {12746914{00361112746914{http://image.hnsmall.com/images/goods/914/12746914_g.jpg{59,000{http://www.hnsmall.com/display/goods.do?goods_code=12746914
2017/07/17 06:50:00{2017/07/17 08:10:00{홈&쇼핑{14{7{[사랴비아] 썸머 소프트 린넨 베스트 1종{패션의류{여성의류{조끼{  {12756146{00361112756146{http://image.hnsmall.com/images/goods/146/12756146_g.jpg{44,000{http://www.hnsmall.com/display/goods.do?goods_code=12756146
2017/07/17 06:50:00{2017/07/17 08:10:00{홈&쇼핑{14{7{[샤라비아] 바람솔솔 썸머 쿨 레이스 재킷 1종{패션의류{여성의류{재킷{  {12756207{00361112756207{http://image.hnsmall.com/images/goods/207/12756207_g.jpg{39,900{http://www.hnsmall.com/display/goods.do?goods_code=12756207
2017/07/17 08:10:00{2017/07/17 08:50:00{홈&쇼핑{14{7{[홈앤쇼핑 단독] 파워크레인 맘모스 풀세트(15종){생활/건강{청소용품{기타청소용품{  {12680911{00361112680911{http://image.hnsmall.com/images/goods/911/12680911_g.jpg{59,800{http://www.hnsmall.com/display/goods.do?goods_code=12680911
2017/07/17 08:50:00{2017/07/17 09:30:00{홈&쇼핑{14{7{로베르타 디 까메리노 - 에어 메쉬 지퍼브라 컬렉션{패션의류{여성언더웨어/잠옷{브라{  {12727990{00361112727990{http://image.hnsmall.com/images/goods/990/12727990_g.jpg{129,900{http://www.hnsmall.com/display/goods.do?goods_code=12727990
2017/07/17 08:50:00{2017/07/17 09:30:00{홈&쇼핑{14{7{[1세트] 로베르타 디 까메리노 - 에어 메쉬 지퍼브라팬티{패션의류{여성언더웨어/잠옷{브라팬티세트{  {12733761{00361112733761{http://image.hnsmall.com/images/goods/761/12733761_g.jpg{79,900{http://www.hnsmall.com/display/goods.do?goods_code=12733761
2017/07/17 09:30:00{2017/07/17 10:10:00{홈&쇼핑{14{7{[동성제약] 랑스맥스 기미크림 시즌2 재구매패키지 한통더{화장품/미용{스킨케어{크림{  {12766335{00361112766335{http://image.hnsmall.com/images/goods/335/12766335_g.jpg{119,900{http://www.hnsmall.com/display/goods.do?goods_code=12766335
2017/07/17 09:30:00{2017/07/17 10:10:00{홈&쇼핑{14{7{[동성제약] 랑스맥스 기미크림 파격패키지(한통더){화장품/미용{스킨케어{크림{  {12767932{00361112767932{http://image.hnsmall.com/images/goods/932/12767932_g.jpg{79,900{http://www.hnsmall.com/display/goods.do?goods_code=12767932
2017/07/17 10:10:00{2017/07/17 11:10:00{홈&쇼핑{14{7{슈퍼곡물 카무트 8봉{식품{농산물{잡곡/혼합곡{기타잡곡{12717385{00361112717385{http://image.hnsmall.com/images/goods/385/12717385_g.jpg{69,000{http://www.hnsmall.com/display/goods.do?goods_code=12717385
2017/07/17 10:10:00{2017/07/17 11:10:00{홈&쇼핑{14{7{슈퍼곡물 카무트 16봉{식품{농산물{잡곡/혼합곡{기타잡곡{12717420{00361112717420{http://image.hnsmall.com/images/goods/420/12717420_g.jpg{129,000{http://www.hnsmall.com/display/goods.do?goods_code=12717420
2017/07/17 11:10:00{2017/07/17 11:40:00{홈&쇼핑{14{7{코끼리 보조배터리 4종(10,000mAh 1개 + 4,000mAh 2개 + 2,500mAh 1개)+사은품3종{디지털/가전{휴대폰액세서리{휴대폰배터리{보조배터리{12690125{00361112690125{http://image.hnsmall.com/images/goods/125/12690125_g.jpg{33,000{http://www.hnsmall.com/display/goods.do?goods_code=12690125
2017/07/17 11:10:00{2017/07/17 11:40:00{홈&쇼핑{14{7{코끼리 보조배터리 대용량 2종(10,000mAh 2개)+사은품(흡착패드+c type){디지털/가전{휴대폰액세서리{휴대폰배터리{보조배터리{12743333{00361112743333{http://image.hnsmall.com/images/goods/333/12743333_g.jpg{34,000{http://www.hnsmall.com/display/goods.do?goods_code=12743333
2017/07/17 11:40:00{2017/07/17 12:10:00{홈&쇼핑{14{7{[특집] 슈퍼베리넛츠 120봉 + 마카다미아 3봉 더{  {  {  {  {12317752{00361112317752{http://image.hnsmall.com/images/goods/752/12317752_g.jpg{59,900{http://www.hnsmall.com/display/goods.do?goods_code=12317752
2017/07/17 12:10:00{2017/07/17 13:30:00{홈&쇼핑{14{7{[메쎄]  고트스킨 컴포트 샌들{패션잡화{여성신발{샌들{스트랩샌들{12759218{00361112759218{http://image.hnsmall.com/images/goods/218/12759218_g.jpg{44,000{http://www.hnsmall.com/display/goods.do?goods_code=12759218
2017/07/17 12:10:00{2017/07/17 13:30:00{홈&쇼핑{14{7{[엘르] 선글라스 2종 세트 by 레트로 1945 edition{패션잡화{선글라스/안경테{선글라스{  {12764663{00361112764663{http://image.hnsmall.com/images/goods/663/12764663_g.jpg{49,900{http://www.hnsmall.com/display/goods.do?goods_code=12764663
2017/07/17 12:10:00{2017/07/17 13:30:00{홈&쇼핑{14{7{[잭앤질] 글리터 이밴드 플랫폼 샌들{패션잡화{여성신발{샌들{스트랩샌들{12768223{00361112768223{http://image.hnsmall.com/images/goods/223/12768223_g.jpg{44,000{http://www.hnsmall.com/display/goods.do?goods_code=12768223
2017/07/17 13:30:00{2017/07/17 14:10:00{홈&쇼핑{14{7{(특대형풀세트)에어룸 시그니처 항균워싱 쿨 시어서커 스프레드세트(스프레드3장+베개커버6장){  {  {  {  {12765253{00361112765253{http://image.hnsmall.com/images/goods/253/12765253_g.jpg{69,900{http://www.hnsmall.com/display/goods.do?goods_code=12765253
2017/07/17 13:30:00{2017/07/17 14:10:00{홈&쇼핑{14{7{(슈퍼점보형풀세트)에어룸 시그니처 항균워싱 쿨 시어서커 스프레드세트(스프레드3장+베개커버6장){가구/인테리어{침구단품{스프레드{  {12765254{00361112765254{http://image.hnsmall.com/images/goods/254/12765254_g.jpg{89,900{http://www.hnsmall.com/display/goods.do?goods_code=12765254
2017/07/17 13:30:00{2017/07/17 14:10:00{홈&쇼핑{14{7{(대형풀세트)에어룸 시그니처 항균워싱 쿨 시어서커 스프레드세트(스프레드3장+베개커버6장){가구/인테리어{침구단품{스프레드{  {12765255{00361112765255{http://image.hnsmall.com/images/goods/255/12765255_g.jpg{59,900{http://www.hnsmall.com/display/goods.do?goods_code=12765255
2017/07/17 13:30:00{2017/07/17 14:10:00{홈&쇼핑{14{7{(특대형)에어룸 시그니처 항균워싱 쿨 시어서커 스프레드 3장{  {  {  {  {12733666{00361112733666{http://image.hnsmall.com/images/goods/666/12733666_g.jpg{59,900{http://www.hnsmall.com/display/goods.do?goods_code=12733666
2017/07/17 13:30:00{2017/07/17 14:10:00{홈&쇼핑{14{7{(슈퍼점보형)에어룸 시그니처 항균워싱 쿨 시어서커 스프레드 3장{가구/인테리어{침구단품{스프레드{  {12733643{00361112733643{http://image.hnsmall.com/images/goods/643/12733643_g.jpg{79,900{http://www.hnsmall.com/display/goods.do?goods_code=12733643
2017/07/17 13:30:00{2017/07/17 14:10:00{홈&쇼핑{14{7{(대형)에어룸 시그니처 항균워싱 쿨 시어서커 스프레드  3장{가구/인테리어{침구단품{스프레드{  {12733668{00361112733668{http://image.hnsmall.com/images/goods/668/12733668_g.jpg{49,900{http://www.hnsmall.com/display/goods.do?goods_code=12733668
2017/07/17 13:30:00{2017/07/17 14:10:00{홈&쇼핑{14{7{에어룸 경추베개솜 4개 세트{가구/인테리어{침구단품{베개{계절베개{12708782{00361112708782{http://image.hnsmall.com/images/goods/782/12708782_g.jpg{34,900{http://www.hnsmall.com/display/goods.do?goods_code=12708782
2017/07/17 13:30:00{2017/07/17 14:10:00{홈&쇼핑{14{7{알러셀 높이조절식 기능성 베개솜 4개 세트{가구/인테리어{솜류{베개솜/속통{일반베개솜{12708783{00361112708783{http://image.hnsmall.com/images/goods/783/12708783_g.jpg{44,900{http://www.hnsmall.com/display/goods.do?goods_code=12708783
2017/07/17 14:10:00{2017/07/17 14:40:00{홈&쇼핑{14{7{[풀무원] 살아있는 실의 힘 국산 검정약콩 나또 (총48팩){식품{다이어트식품{기타다이어트식품{  {12705870{00361112705870{http://image.hnsmall.com/images/goods/870/12705870_g.jpg{54,000{http://www.hnsmall.com/display/goods.do?goods_code=12705870
2017/07/17 14:10:00{2017/07/17 14:40:00{홈&쇼핑{14{7{[풀무원]전라도 포기김치 (10kg){식품{김치{포기김치{  {12763675{00361112763675{http://image.hnsmall.com/images/goods/675/12763675_g.jpg{43,900{http://www.hnsmall.com/display/goods.do?goods_code=12763675
2017/07/17 14:10:00{2017/07/17 14:40:00{홈&쇼핑{14{7{[풀무원]서울 반가 포기김치 (10kg){식품{김치{포기김치{  {12763674{00361112763674{http://image.hnsmall.com/images/goods/674/12763674_g.jpg{43,900{http://www.hnsmall.com/display/goods.do?goods_code=12763674
2017/07/17 14:40:00{2017/07/17 15:10:00{홈&쇼핑{14{7{[퍼스튬]리얼폭스 노카라 롱 베스트{패션의류{여성의류{조끼{  {12750823{00361112750823{http://image.hnsmall.com/images/goods/823/12750823_g.jpg{179,000{http://www.hnsmall.com/display/goods.do?goods_code=12750823
2017/07/17 15:10:00{2017/07/17 15:40:00{홈&쇼핑{14{7{[탐라원]보석귤 & 몽귤몽귤 세트{  {  {  {  {12753493{00361112753493{http://image.hnsmall.com/images/goods/493/12753493_g.jpg{39,900{http://www.hnsmall.com/display/goods.do?goods_code=12753493
2017/07/17 15:40:00{2017/07/17 16:10:00{홈&쇼핑{14{7{[썸앤핏]피트니스웨어&래쉬가드 퍼플{스포츠/레저{수영{비치웨어{상하세트{12770731{00361112770731{http://image.hnsmall.com/images/goods/731/12770731_g.jpg{115,000{http://www.hnsmall.com/display/goods.do?goods_code=12770731
2017/07/17 15:40:00{2017/07/17 16:10:00{홈&쇼핑{14{7{[썸앤핏]피트니스웨어&래쉬가드 그레이{스포츠/레저{수영{비치웨어{상하세트{12770782{00361112770782{http://image.hnsmall.com/images/goods/782/12770782_g.jpg{115,000{http://www.hnsmall.com/display/goods.do?goods_code=12770782
2017/07/17 16:10:00{2017/07/17 16:50:00{홈&쇼핑{14{7{일월 더위사냥 냉풍기{디지털/가전{계절가전{냉풍기{일반용냉풍기{12756821{00361112756821{http://image.hnsmall.com/images/goods/821/12756821_g.jpg{118,000{http://www.hnsmall.com/display/goods.do?goods_code=12756821
2017/07/17 16:50:00{2017/07/17 17:30:00{홈&쇼핑{14{7{국내산 산마늘 명이나물절임14팩 + 산마늘 대공2팩{생활/건강{원예/식물{  {  {12730703{00361112730703{http://image.hnsmall.com/images/goods/703/12730703_g.jpg{49,900{http://www.hnsmall.com/display/goods.do?goods_code=12730703
2017/07/17 17:30:00{2017/07/17 18:10:00{홈&쇼핑{14{7{[완도참전복] 活 대전복 24미 (대사이즈 / 중량  1.56Kg 이상){식품{수산{해산물/어패류{전복{12482329{00361112482329{http://image.hnsmall.com/images/goods/329/12482329_g.jpg{69,900{http://www.hnsmall.com/display/goods.do?goods_code=12482329
2017/07/17 17:30:00{2017/07/17 18:10:00{홈&쇼핑{14{7{[완도참전복] 活 중전복 31 (중사이즈 / 중량 : 1.5Kg 이상){식품{수산{해산물/어패류{전복{12364935{00361112364935{http://image.hnsmall.com/images/goods/935/12364935_g.jpg{69,900{http://www.hnsmall.com/display/goods.do?goods_code=12364935
2017/07/17 18:10:00{2017/07/17 18:50:00{홈&쇼핑{14{7{[휘슬러] 스타더스트 프라이팬 세트{생활/건강{주방용품{프라이팬{프라이팬세트{12764664{00361112764664{http://image.hnsmall.com/images/goods/664/12764664_g.jpg{257,000{http://www.hnsmall.com/display/goods.do?goods_code=12764664
2017/07/17 18:10:00{2017/07/17 18:50:00{홈&쇼핑{14{7{[휘슬러] 스타더스트 24cm 프라이팬{생활/건강{주방용품{프라이팬{일반프라이팬{12764665{00361112764665{http://image.hnsmall.com/images/goods/665/12764665_g.jpg{135,000{http://www.hnsmall.com/display/goods.do?goods_code=12764665
2017/07/17 18:10:00{2017/07/17 18:50:00{홈&쇼핑{14{7{[휘슬러] 스타더스트 28cm 프라이팬{생활/건강{주방용품{프라이팬{일반프라이팬{12764666{00361112764666{http://image.hnsmall.com/images/goods/666/12764666_g.jpg{160,000{http://www.hnsmall.com/display/goods.do?goods_code=12764666
2017/07/17 18:10:00{2017/07/17 18:50:00{홈&쇼핑{14{7{[휘슬러] 스타더스트 28cm 웍팬{생활/건강{주방용품{프라이팬{일반프라이팬{12764667{00361112764667{http://image.hnsmall.com/images/goods/667/12764667_g.jpg{180,000{http://www.hnsmall.com/display/goods.do?goods_code=12764667
2017/07/17 18:10:00{2017/07/17 18:50:00{홈&쇼핑{14{7{[휘슬러] 28cm 유리뚜껑{생활/건강{주방용품{프라이팬{일반프라이팬{12764669{00361112764669{http://image.hnsmall.com/images/goods/669/12764669_g.jpg{39,000{http://www.hnsmall.com/display/goods.do?goods_code=12764669
2017/07/17 18:10:00{2017/07/17 18:50:00{홈&쇼핑{14{7{[휘슬러] 프리미엄 도마 2종{생활/건강{주방용품{도마{  {12764668{00361112764668{http://image.hnsmall.com/images/goods/668/12764668_g.jpg{149,000{http://www.hnsmall.com/display/goods.do?goods_code=12764668
2017/07/17 18:10:00{2017/07/17 18:50:00{홈&쇼핑{14{7{[휘슬러] 프리미엄 믹싱볼 2종{생활/건강{주방용품{조리기구{믹싱볼{12764676{00361112764676{http://image.hnsmall.com/images/goods/676/12764676_g.jpg{120,000{http://www.hnsmall.com/display/goods.do?goods_code=12764676
2017/07/17 18:50:00{2017/07/17 19:30:00{홈&쇼핑{14{7{본죽 장조림 15팩 (본쇠고기+본쇠고기메추리알){식품{반찬{장조림{  {12418979{00361112418979{http://image.hnsmall.com/images/goods/979/12418979_g.jpg{59,900{http://www.hnsmall.com/display/goods.do?goods_code=12418979
2017/07/17 18:50:00{2017/07/17 19:30:00{홈&쇼핑{14{7{본 한우 설렁탕 총 15팩 (팩당 450g){식품{냉동/간편조리식품{즉석탕{  {12662173{00361112662173{http://image.hnsmall.com/images/goods/173/12662173_g.jpg{43,900{http://www.hnsmall.com/display/goods.do?goods_code=12662173
2017/07/17 18:50:00{2017/07/17 19:30:00{홈&쇼핑{14{7{[본죽] 전복버섯죽 8팩 + 오징어초무침 1팩{식품{가공식품{죽{  {12418992{00361112418992{http://image.hnsmall.com/images/goods/992/12418992_g.jpg{32,900{http://www.hnsmall.com/display/goods.do?goods_code=12418992
2017/07/17 18:50:00{2017/07/17 19:30:00{홈&쇼핑{14{7{[본죽] 쇠고기죽 8팩 + 오징어초무침 1팩{식품{가공식품{죽{  {12418985{00361112418985{http://image.hnsmall.com/images/goods/985/12418985_g.jpg{31,900{http://www.hnsmall.com/display/goods.do?goods_code=12418985
2017/07/17 18:50:00{2017/07/17 19:30:00{홈&쇼핑{14{7{[본죽] 통단팥죽 8팩 +오징어초무침 1팩{식품{가공식품{죽{  {12418999{00361112418999{http://image.hnsmall.com/images/goods/999/12418999_g.jpg{31,900{http://www.hnsmall.com/display/goods.do?goods_code=12418999
2017/07/17 19:30:00{2017/07/17 20:10:00{홈&쇼핑{14{7{정관장 홍삼정 마일드 9병 (100% 국내산 6년근 홍삼){식품{건강식품{홍삼{  {12431210{00361112431210{http://image.hnsmall.com/images/goods/210/12431210_g.jpg{393,000{http://www.hnsmall.com/display/goods.do?goods_code=12431210
2017/07/17 19:30:00{2017/07/17 20:10:00{홈&쇼핑{14{7{정관장 홍삼정 마일드 1병 (100% 국내산 6년근 홍삼){식품{건강식품{홍삼{  {12596680{00361112596680{http://image.hnsmall.com/images/goods/680/12596680_g.jpg{59,000{http://www.hnsmall.com/display/goods.do?goods_code=12596680
2017/07/17 20:10:00{2017/07/17 20:50:00{홈&쇼핑{14{7{[1+1] 신일 2017년형 4계절 공기순환기 SIF-C09TS 3D 에어써큘레이터{디지털/가전{계절가전{공기정화기{공기순환기{12760219{00361112760219{http://image.hnsmall.com/images/goods/219/12760219_g.jpg{198,000{http://www.hnsmall.com/display/goods.do?goods_code=12760219
2017/07/17 20:10:00{2017/07/17 20:50:00{홈&쇼핑{14{7{[신일] 2017년형 4계절 공기순환기 SIF-C09TS 3D 에어써큘레이터{디지털/가전{계절가전{공기정화기{공기순환기{12717373{00361112717373{http://image.hnsmall.com/images/goods/373/12717373_g.jpg{109,000{http://www.hnsmall.com/display/goods.do?goods_code=12717373
2017/07/17 20:50:00{2017/07/17 21:30:00{홈&쇼핑{14{7{황성주 발아 약콩 두유 총 100팩!!{식품{가공식품{두유{  {12367921{00361112367921{http://image.hnsmall.com/images/goods/921/12367921_g.jpg{54,900{http://www.hnsmall.com/display/goods.do?goods_code=12367921
2017/07/17 21:30:00{2017/07/17 22:10:00{홈&쇼핑{14{7{윤정수의 행복한 볶음밥 5가지맛 x 5팩 총25팩{식품{가공식품{간편조리식{  {12532455{00361112532455{http://image.hnsmall.com/images/goods/455/12532455_g.jpg{49,900{http://www.hnsmall.com/display/goods.do?goods_code=12532455
2017/07/17 22:10:00{2017/07/17 22:50:00{홈&쇼핑{14{7{(특대형풀세트)에어룸 항균 워싱 스프레드세트(스프레드3장+베개커버6장){  {  {  {  {12752919{00361112752919{http://image.hnsmall.com/images/goods/919/12752919_g.jpg{59,900{http://www.hnsmall.com/display/goods.do?goods_code=12752919
2017/07/17 22:10:00{2017/07/17 22:50:00{홈&쇼핑{14{7{(슈퍼점보형풀세트)에어룸 항균 워싱 스프레드세트(스프레드3장+베개커버6장){가구/인테리어{침구단품{스프레드{  {12752925{00361112752925{http://image.hnsmall.com/images/goods/925/12752925_g.jpg{69,900{http://www.hnsmall.com/display/goods.do?goods_code=12752925
2017/07/17 22:10:00{2017/07/17 22:50:00{홈&쇼핑{14{7{(대형풀세트)에어룸 항균 워싱 스프레드세트(스프레드3장+베개커버6장){가구/인테리어{침구단품{스프레드{  {12752921{00361112752921{http://image.hnsmall.com/images/goods/921/12752921_g.jpg{49,900{http://www.hnsmall.com/display/goods.do?goods_code=12752921
2017/07/17 22:10:00{2017/07/17 22:50:00{홈&쇼핑{14{7{(특대형)에어룸 항균 워싱 스프레드 3장{  {  {  {  {12752915{00361112752915{http://image.hnsmall.com/images/goods/915/12752915_g.jpg{49,900{http://www.hnsmall.com/display/goods.do?goods_code=12752915
2017/07/17 22:10:00{2017/07/17 22:50:00{홈&쇼핑{14{7{(슈퍼점보형)에어룸 항균 워싱 스프레드  3장{가구/인테리어{침구단품{스프레드{  {12752918{00361112752918{http://image.hnsmall.com/images/goods/918/12752918_g.jpg{59,900{http://www.hnsmall.com/display/goods.do?goods_code=12752918
2017/07/17 22:10:00{2017/07/17 22:50:00{홈&쇼핑{14{7{(대형)에어룸 항균 워싱 스프레드  3장{가구/인테리어{침구단품{스프레드{  {12752917{00361112752917{http://image.hnsmall.com/images/goods/917/12752917_g.jpg{39,900{http://www.hnsmall.com/display/goods.do?goods_code=12752917
2017/07/17 22:10:00{2017/07/17 22:50:00{홈&쇼핑{14{7{에어룸 경추베개솜 4개 세트{가구/인테리어{침구단품{베개{계절베개{12699629{00361112699629{http://image.hnsmall.com/images/goods/629/12699629_g.jpg{34,900{http://www.hnsmall.com/display/goods.do?goods_code=12699629
2017/07/17 22:10:00{2017/07/17 22:50:00{홈&쇼핑{14{7{알러셀 높이조절식 기능성 베개솜 4개 세트{가구/인테리어{솜류{베개솜/속통{일반베개솜{12700014{00361112700014{http://image.hnsmall.com/images/goods/014/12700014_g.jpg{44,900{http://www.hnsmall.com/display/goods.do?goods_code=12700014
2017/07/17 22:50:00{2017/07/17 23:30:00{홈&쇼핑{14{7{[18+6형] 삼성 스마트에어컨 Q9000+삼성공기청정기{디지털/가전{계절가전{에어컨{스탠드형에어컨{12710304{00361112710304{http://image.hnsmall.com/images/goods/304/12710304_g.jpg{2,399,000{http://www.hnsmall.com/display/goods.do?goods_code=12710304
2017/07/17 22:50:00{2017/07/17 23:30:00{홈&쇼핑{14{7{[18형] 삼성 스마트에어컨 Q9000+삼성공기청정기{디지털/가전{계절가전{에어컨{스탠드형에어컨{12710312{00361112710312{http://image.hnsmall.com/images/goods/312/12710312_g.jpg{1,999,000{http://www.hnsmall.com/display/goods.do?goods_code=12710312
2017/07/17 22:50:00{2017/07/17 23:30:00{홈&쇼핑{14{7{[삼성] 블루스카이 공기청정기{디지털/가전{계절가전{공기정화기{공기청정기{12716848{00361112716848{http://image.hnsmall.com/images/goods/848/12716848_g.jpg{319,000{http://www.hnsmall.com/display/goods.do?goods_code=12716848
2017/07/17 23:33:00{2017/07/17 00:10:00{홈&쇼핑{14{7{2017 빈플러스 홈카페 풀세트(사은품 블랜딩원두 2봉지){생활/건강{주방용품{커피용품{커피추출기{12665309{00361112665309{http://image.hnsmall.com/images/goods/309/12665309_g.jpg{108,000{http://www.hnsmall.com/display/goods.do?goods_code=12665309
2017/07/17 23:33:00{2017/07/17 00:10:00{홈&쇼핑{14{7{[빈플러스]프라넬 블랜드 원두 2종{식품{음료{커피{원두커피{12692414{00361112692414{http://image.hnsmall.com/images/goods/414/12692414_g.jpg{15,000{http://www.hnsmall.com/display/goods.do?goods_code=12692414
2017/07/17 23:33:00{2017/07/17 00:10:00{홈&쇼핑{14{7{[빈플러스] 전동 커피그라인더{생활/건강{주방용품{커피용품{커피분쇄기{12691532{00361112691532{http://image.hnsmall.com/images/goods/532/12691532_g.jpg{38,000{http://www.hnsmall.com/display/goods.do?goods_code=12691532
2017/07/17 15:25:00{2017/07/17 16:25:00{K쇼핑{20{7{(TV_방_특) 씨밀레 샤워기 3종 세트{생활/건강{욕실용품{샤워기/수전용품{샤워기{362629{003711362629{http://imgs.kshop.co.kr/goods/629/362629_g_20170602165211.jpg{47800{http://www.kshop.co.kr/goods/362629
2017/07/17 16:25:00{2017/07/17 17:25:00{K쇼핑{20{7{(TV)두쏠뷰티 컬앤볼륨 빠마크림 8종{  {  {  {  {367955{003711367955{http://imgs.kshop.co.kr/goods/955/367955_g_20170717112052.jpg{67800{http://www.kshop.co.kr/goods/367955
2017/07/17 17:25:00{2017/07/17 17:30:00{K쇼핑{20{7{K쇼핑 _SHOW K{  {  {  {  {313256{003711313256{http://imgs.kshop.co.kr/goods/256/313256_g_20170714184551.jpg{0{http://www.kshop.co.kr/goods/313256
2017/07/17 17:30:00{2017/07/17 18:30:00{K쇼핑{20{7{(TV)김하진 포기김치 10kg_홍천직택배{  {  {  {  {365842{003711365842{http://imgs.kshop.co.kr/goods/842/365842_g_20161116115710.jpg{37900{http://www.kshop.co.kr/goods/365842
2017/07/17 18:31:00{2017/07/17 19:31:00{K쇼핑{20{7{(TV)한삼인 하루홍삼 6박스{식품{건강식품{홍삼{  {366518{003711366518{http://imgs.kshop.co.kr/goods/518/366518_g_20170705121255.jpg{157000{http://www.kshop.co.kr/goods/366518
2017/07/17 19:32:00{2017/07/17 20:32:00{K쇼핑{20{7{가누다 CV4 골드라벨 기능성 베개_더블세트_특약{가구/인테리어{침구단품{베개{계절베개{364356{003711364356{http://imgs.kshop.co.kr/goods/356/364356_g_20160705172201.jpg{246000{http://www.kshop.co.kr/goods/364356
2017/07/17 19:32:00{2017/07/17 20:32:00{K쇼핑{20{7{가누다 CV4 골드라벨 기능성 베개_기본세트_특약{가구/인테리어{침구단품{베개{계절베개{339036{003711339036{http://imgs.kshop.co.kr/goods/036/339036_g_20160705172431.jpg{156000{http://www.kshop.co.kr/goods/339036
2017/07/17 20:33:00{2017/07/17 21:33:00{K쇼핑{20{7{뱅뱅 남성 썸머에어데님 ver2_초특가{패션의류{남성의류{청바지{  {365833{003711365833{http://imgs.kshop.co.kr/goods/833/365833_g_20170615134810.jpg{67900{http://www.kshop.co.kr/goods/365833
2017/07/17 20:33:00{2017/07/17 21:33:00{K쇼핑{20{7{뱅뱅 여성 썸머에어데님 ver2_초특가{  {  {  {  {365834{003711365834{http://imgs.kshop.co.kr/goods/834/365834_g_20170615133513.jpg{57900{http://www.kshop.co.kr/goods/365834
2017/07/17 21:34:00{2017/07/17 22:34:00{K쇼핑{20{7{(TV) 라이나생명 THE건강한 치아 보험 (냄비SET.VER){  {  {  {  {356002{003711356002{http://imgs.kshop.co.kr/goods/002/356002_g_20160808103556.jpg{0{http://www.kshop.co.kr/goods/356002
2017/07/17 22:34:00{2017/07/17 23:34:00{K쇼핑{20{7{(TV) 아놀드파마 아이스 쿨매트 (특대형){  {  {  {  {354638{003711354638{http://imgs.kshop.co.kr/goods/638/354638_g_20170531112331.jpg{57800{http://www.kshop.co.kr/goods/354638
2017/07/17 22:34:00{2017/07/17 23:34:00{K쇼핑{20{7{(TV) 아놀드파마 아이스 쿨매트 (중형){가구/인테리어{카페트/러그{쿨매트{  {354639{003711354639{http://imgs.kshop.co.kr/goods/639/354639_g_20170531112426.jpg{37800{http://www.kshop.co.kr/goods/354639
2017/07/17 23:35:00{2017/07/17 23:55:00{K쇼핑{20{7{골드파일 기습초특가 기능성 드로즈 10종{패션의류{남성언더웨어/잠옷{팬티{  {367499{003711367499{http://imgs.kshop.co.kr/goods/499/367499_g_20170714181335.jpg{28900{http://www.kshop.co.kr/goods/367499
2017/07/17 23:35:00{2017/07/17 23:55:00{K쇼핑{20{7{골드파일 기습초특가 트렁크 8종{패션의류{남성언더웨어/잠옷{팬티{  {367500{003711367500{http://imgs.kshop.co.kr/goods/500/367500_g_20170714180951.jpg{28900{http://www.kshop.co.kr/goods/367500
2017/07/17 23:35:00{2017/07/17 23:55:00{K쇼핑{20{7{골드파일 기습초특가 면스판 러닝 6종{패션의류{남성언더웨어/잠옷{팬티{  {367501{003711367501{http://imgs.kshop.co.kr/goods/501/367501_g_20170714182858.jpg{28900{http://www.kshop.co.kr/goods/367501
2017/07/17 23:55:00{2017/07/17 00:55:00{K쇼핑{20{7{(TV) 롯데렌터카_신차장기 7월조건{  {  {  {  {364357{003711364357{http://imgs.kshop.co.kr/goods/357/364357_g_20170531102219.jpg{0{http://www.kshop.co.kr/goods/364357
2017/07/17 23:45:00{2017/07/17 00:45:00{K쇼핑{20{7{(TV_방_특) 현대 모비스 컬쿠션 카매트_승용차(전열){생활/건강{자동차용품{차량실내용품{바닥매트{368485{003711368485{http://imgs.kshop.co.kr/goods/485/368485_g_20170310133703.jpg{68900{http://www.kshop.co.kr/goods/368485
2017/07/17 00:46:00{2017/07/17 01:46:00{K쇼핑{20{7{C2 남성 프리미엄 쿨스킨 데님 2종{패션의류{남성의류{청바지{  {352631{003711352631{http://imgs.kshop.co.kr/goods/631/352631_g_20170512102916.jpg{67000{http://www.kshop.co.kr/goods/352631
2017/07/17 00:46:00{2017/07/17 01:46:00{K쇼핑{20{7{C2 여성 프리미엄 쿨스킨 데님 2종{패션의류{여성의류{청바지{  {352632{003711352632{http://imgs.kshop.co.kr/goods/632/352632_g_20170512103000.jpg{57000{http://www.kshop.co.kr/goods/352632
2017/07/17 01:46:00{2017/07/17 02:46:00{K쇼핑{20{7{(TV_방송_직)몬스팀 고압 스팀청소기_일시불4천원{  {  {  {  {367434{003711367434{http://imgs.kshop.co.kr/goods/434/367434_g_20170320142853.jpg{87000{http://www.kshop.co.kr/goods/367434
2017/07/17 02:46:00{2017/07/17 03:16:00{K쇼핑{20{7{(방송)벽창호 콤비 블라인드(대형){가구/인테리어{커튼/블라인드{콤비블라인드{  {265244{003711265244{http://imgs.kshop.co.kr/goods/244/265244_g_20160711182220.jpg{117900{http://www.kshop.co.kr/goods/265244
2017/07/17 02:46:00{2017/07/17 03:16:00{K쇼핑{20{7{(방송)벽창호 콤비 블라인드(소형){가구/인테리어{커튼/블라인드{콤비블라인드{  {265245{003711265245{http://imgs.kshop.co.kr/goods/245/265245_g_20160711182236.jpg{77900{http://www.kshop.co.kr/goods/265245
2017/07/17 02:46:00{2017/07/17 03:16:00{K쇼핑{20{7{(방송)벽창호 콤비 블라인드(중형){가구/인테리어{커튼/블라인드{블라인드{  {265246{003711265246{http://imgs.kshop.co.kr/goods/246/265246_g_20160711183408.jpg{97900{http://www.kshop.co.kr/goods/265246
2017/07/17 02:46:00{2017/07/17 03:16:00{K쇼핑{20{7{(방송)벽창호 콤비 블라인드(특대형){  {  {  {  {265243{003711265243{http://imgs.kshop.co.kr/goods/243/265243_g_20160711181743.jpg{147900{http://www.kshop.co.kr/goods/265243
2017/07/17 03:16:00{2017/07/17 04:16:00{K쇼핑{20{7{(TV_직) 스팀큐 더블액션 다리미_1만원할인{  {  {  {  {309253{003711309253{http://imgs.kshop.co.kr/goods/253/309253_g_20150921151209.jpg{57800{http://www.kshop.co.kr/goods/309253
2017/07/17 04:16:00{2017/07/17 05:16:00{K쇼핑{20{7{(TV_방_직) 원터치 매직쉘프 대박구성{생활/건강{수납/정리용품{선반/진열대{코너선반/진열대{355656{003711355656{http://imgs.kshop.co.kr/goods/656/355656_g_20160726175713.jpg{43820{http://www.kshop.co.kr/goods/355656
2017/07/17 04:16:00{2017/07/17 05:16:00{K쇼핑{20{7{(TV_직) 원터치 매직쉘프 실속구성{  {  {  {  {357798{003711357798{http://imgs.kshop.co.kr/goods/798/357798_g_20160726175436.jpg{37800{http://www.kshop.co.kr/goods/357798
2017/07/17 05:16:00{2017/07/17 06:16:00{K쇼핑{20{7{빠올라로씨 플리츠 원피스 자켓 세트{패션의류{여성의류{원피스{  {354165{003711354165{http://imgs.kshop.co.kr/goods/165/354165_g_20170519161354.jpg{67000{http://www.kshop.co.kr/goods/354165
2017/07/17 06:17:00{2017/07/17 07:17:00{K쇼핑{20{7{(TV)Flab 카카오닙스 총 9통_세일{  {  {  {  {364264{003711364264{http://imgs.kshop.co.kr/goods/264/364264_g_20170411153959.jpg{67900{http://www.kshop.co.kr/goods/364264
2017/07/17 06:17:00{2017/07/17 07:17:00{K쇼핑{20{7{(TV)Flab 카카오닙스 총 18통{  {  {  {  {364268{003711364268{http://imgs.kshop.co.kr/goods/268/364268_g_20170706112029.jpg{127000{http://www.kshop.co.kr/goods/364268
2017/07/17 07:17:00{2017/07/17 08:17:00{K쇼핑{20{7{뱅뱅 썸머 7부팬츠 4종{패션의류{여성의류{청바지{  {355685{003711355685{http://imgs.kshop.co.kr/goods/685/355685_g_20170529150719.jpg{47900{http://www.kshop.co.kr/goods/355685
2017/07/17 08:19:00{2017/07/17 09:19:00{K쇼핑{20{7{바디작 에어로쿨 메쉬란쥬 8종_1만원인하{패션의류{여성언더웨어/잠옷{보정속옷{올인원/바디쉐이퍼{365567{003711365567{http://imgs.kshop.co.kr/goods/567/365567_g_20170613101444.jpg{57900{http://www.kshop.co.kr/goods/365567
2017/07/17 09:20:00{2017/07/17 10:20:00{K쇼핑{20{7{(TV)코웨이 Mate직수형 정수기 (P-350N), 한뼘정수기(CP-241N,CHP-241N)_사은품변경{  {  {  {  {363866{003711363866{http://imgs.kshop.co.kr/goods/866/363866_g_20170113184826.jpg{0{http://www.kshop.co.kr/goods/363866
2017/07/17 10:20:00{2017/07/17 11:20:00{K쇼핑{20{7{풍기인견 여성 블라우스+배기팬츠 세트{패션의류{여성의류{블라우스/셔츠{  {355842{003711355842{http://imgs.kshop.co.kr/goods/842/355842_g_20170529105415.jpg{87900{http://www.kshop.co.kr/goods/355842
2017/07/17 11:22:00{2017/07/17 12:22:00{K쇼핑{20{7{(직_리3)라텍스코 라텍스 블루베리Q세트{가구/인테리어{침실가구{매트리스{퀸매트리스{362048{003711362048{http://imgs.kshop.co.kr/goods/048/362048_g_20170627104709.jpg{487000{http://www.kshop.co.kr/goods/362048
2017/07/17 11:22:00{2017/07/17 12:22:00{K쇼핑{20{7{(직_리3)라텍스코 라텍스 블루베리K세트{가구/인테리어{침실가구{매트리스{퀸매트리스{362047{003711362047{http://imgs.kshop.co.kr/goods/047/362047_g_20170627104557.jpg{547000{http://www.kshop.co.kr/goods/362047
2017/07/17 11:22:00{2017/07/17 12:22:00{K쇼핑{20{7{(직_리3)라텍스코 라텍스 블루베리SS세트{가구/인테리어{침실가구{매트리스{슈퍼싱글매트리스{362049{003711362049{http://imgs.kshop.co.kr/goods/049/362049_g_20170627104822.jpg{437000{http://www.kshop.co.kr/goods/362049
2017/07/17 12:23:00{2017/07/17 13:23:00{K쇼핑{20{7{(TV_직) 스팀큐 더블액션 다리미_1만원할인{  {  {  {  {309253{003711309253{http://imgs.kshop.co.kr/goods/253/309253_g_20150921151209.jpg{57800{http://www.kshop.co.kr/goods/309253
2017/07/17 13:24:00{2017/07/17 14:24:00{K쇼핑{20{7{한빛 대나무 자리 특대형{  {  {  {  {356000{003711356000{http://imgs.kshop.co.kr/goods/000/356000_g_20170613100630.jpg{67000{http://www.kshop.co.kr/goods/356000
2017/07/17 13:24:00{2017/07/17 14:24:00{K쇼핑{20{7{한빛 대나무 자리 중형{가구/인테리어{카페트/러그{대자리{  {355999{003711355999{http://imgs.kshop.co.kr/goods/999/355999_g_20170613100524.jpg{47000{http://www.kshop.co.kr/goods/355999
2017/07/17 13:24:00{2017/07/17 14:24:00{K쇼핑{20{7{한빛 대나무 자리 점보특대형{가구/인테리어{카페트/러그{대자리{  {356001{003711356001{http://imgs.kshop.co.kr/goods/001/356001_g_20170613100824.jpg{87000{http://www.kshop.co.kr/goods/356001
2017/07/17 14:24:00{2017/07/17 15:24:00{K쇼핑{20{7{(직)아키 올레이스 통풍란쥬 9종_2만원인하{  {  {  {  {367952{003711367952{http://imgs.kshop.co.kr/goods/952/367952_g_20170209105545.jpg{77900{http://www.kshop.co.kr/goods/367952
