2017/05/12 09:20:00{2017/05/12 09:20:00{kshop{07{잭필드 여름 숨쉬는바지 3종{['패션의류', '남성의류', '바지']{347471{003711347471{http://imgs.kshop.co.kr/goods/471/347471_g_20170510181421.jpg{56800{http://www.kshop.co.kr/goods/347471
2017/05/12 10:21:00{2017/05/12 10:21:00{kshop{07{［탈모닷컴］프리미엄 TS샴푸 세트(무료체험 2매)_직매입{['화장품/미용', '헤어케어', '샴푸']{244830{003711244830{http://imgs.kshop.co.kr/goods/830/244830_g_20160422164143.jpg{56800{http://www.kshop.co.kr/goods/244830
2017/05/12 11:23:00{2017/05/12 11:23:00{kshop{07{(TV) 대명 라이프 케어 프리미엄{  {346758{003711346758{http://imgs.kshop.co.kr/goods/758/346758_g_20170414132141.jpg{0{http://www.kshop.co.kr/goods/346758
2017/05/12 12:23:00{2017/05/12 12:23:00{kshop{07{(TV)A.H.C 일명 여배우 선스틱! 내추럴 쉴드 선스틱 8종+추가구성{  {352829{003711352829{http://imgs.kshop.co.kr/goods/829/352829_g_20170510161634.jpg{67000{http://www.kshop.co.kr/goods/352829
2017/05/12 13:23:00{2017/05/12 13:23:00{kshop{07{빠올라로씨 와이어 베스트 앙상블 세트{['패션의류', '여성의류', '조끼']{350660{003711350660{http://imgs.kshop.co.kr/goods/660/350660_g_20170504132832.jpg{57000{http://www.kshop.co.kr/goods/350660
2017/05/12 14:24:00{2017/05/12 14:24:00{kshop{07{(TV)2017년 LG 휘센 W플러스 2 in1 (17형/56.9㎡+6형/18.7㎡){['디지털/가전', '계절가전', '에어컨', '스탠드형에어컨']{347455{003711347455{http://imgs.kshop.co.kr/goods/455/347455_g_20170425113600.jpg{2489000{http://www.kshop.co.kr/goods/347455
2017/05/12 14:24:00{2017/05/12 14:24:00{kshop{07{(TV)2017년 LG 휘센 W플러스 스탠드형 (17형/56.9㎡){['디지털/가전', '계절가전', '에어컨', '스탠드형에어컨']{347380{003711347380{http://imgs.kshop.co.kr/goods/380/347380_g_20170425113251.jpg{2089000{http://www.kshop.co.kr/goods/347380
2017/05/12 15:24:00{2017/05/12 15:24:00{kshop{07{(TV)최다구성! 필앤커버 여왕팩트 9종 + 스와로브스키 스톤 선글라스{['화장품/미용', '베이스메이크업']{351006{003711351006{http://imgs.kshop.co.kr/goods/006/351006_g_20170315101626.jpg{57900{http://www.kshop.co.kr/goods/351006
2017/05/12 16:25:00{2017/05/12 16:25:00{kshop{07{바자르 시어서커 침구풀세트 퀸{['가구/인테리어', '침구세트', '이불패드세트', '더블/퀸이불패드세트']{346783{003711346783{http://imgs.kshop.co.kr/goods/783/346783_g_20170510184142.jpg{77900{http://www.kshop.co.kr/goods/346783
2017/05/12 16:25:00{2017/05/12 16:25:00{kshop{07{바자르 시어서커 침구풀세트 수퍼싱글{  {346781{003711346781{http://imgs.kshop.co.kr/goods/781/346781_g_20170510183936.jpg{67900{http://www.kshop.co.kr/goods/346781
2017/05/12 16:25:00{2017/05/12 16:25:00{kshop{07{바자르 시어서커 침구풀세트 킹{  {346782{003711346782{http://imgs.kshop.co.kr/goods/782/346782_g_20170510184037.jpg{87900{http://www.kshop.co.kr/goods/346782
2017/05/12 17:25:00{2017/05/12 17:25:00{kshop{07{슬레진저 남성 슬립온 썸머 슈즈 + 워킹화{  {349348{003711349348{http://imgs.kshop.co.kr/goods/348/349348_g_20170511185442.jpg{38800{http://www.kshop.co.kr/goods/349348
2017/05/12 17:25:00{2017/05/12 17:25:00{kshop{07{슬레진저 여성 슬립온 썸머 슈즈 + 워킹화{  {349347{003711349347{http://imgs.kshop.co.kr/goods/347/349347_g_20170511184952.jpg{38800{http://www.kshop.co.kr/goods/349347
2017/05/12 18:26:00{2017/05/12 18:26:00{kshop{07{(TV)종근당건강 아이클리어 루테인 2만원 세일{['식품', '건강식품', '영양제', '눈영양 루테인']{313806{003711313806{http://imgs.kshop.co.kr/goods/806/313806_g_20161104180829.jpg{77000{http://www.kshop.co.kr/goods/313806
2017/05/12 19:27:00{2017/05/12 19:27:00{kshop{07{루이바셋 남성 에어코튼 링클프리 팬츠 3종{['패션의류', '남성의류', '바지']{346186{003711346186{http://imgs.kshop.co.kr/goods/186/346186_g_20170414132030.jpg{57900{http://www.kshop.co.kr/goods/346186
2017/05/12 20:28:00{2017/05/12 20:28:00{kshop{07{(방송_정률)인쏘노 9존 라텍스탑 저상형 침대 퀸{['가구/인테리어', '침실가구', '침대', '퀸침대']{337944{003711337944{http://imgs.kshop.co.kr/goods/944/337944_g_20170224092722.jpg{397000{http://www.kshop.co.kr/goods/337944
2017/05/12 20:28:00{2017/05/12 20:28:00{kshop{07{(방송_정률)인쏘노 9존 라텍스탑 저상형 침대 슈퍼싱글{['가구/인테리어', '침실가구', '침대', '슈퍼싱글침대']{337943{003711337943{http://imgs.kshop.co.kr/goods/943/337943_g_20170224092854.jpg{367000{http://www.kshop.co.kr/goods/337943
2017/05/12 20:28:00{2017/05/12 20:28:00{kshop{07{(방송_정률)인쏘노 9존 라텍스탑 저상형 침대 슈퍼싱글+퀸{['가구/인테리어', '침실가구', '침대', '퀸침대']{337945{003711337945{http://imgs.kshop.co.kr/goods/945/337945_g_20170224093038.jpg{748000{http://www.kshop.co.kr/goods/337945
2017/05/12 21:28:00{2017/05/12 21:28:00{kshop{07{2017 풍기인견 남성 트렁크 5차{  {337939{003711337939{http://imgs.kshop.co.kr/goods/939/337939_g_20170428145452.jpg{67900{http://www.kshop.co.kr/goods/337939
2017/05/12 21:28:00{2017/05/12 21:28:00{kshop{07{2017 풍기인견 남성 런닝 5차{  {337937{003711337937{http://imgs.kshop.co.kr/goods/937/337937_g_20170428145355.jpg{67900{http://www.kshop.co.kr/goods/337937
2017/05/12 21:28:00{2017/05/12 21:28:00{kshop{07{2017 풍기인견 남성 드로즈 5차{  {337938{003711337938{http://imgs.kshop.co.kr/goods/938/337938_g_20170428145424.jpg{67900{http://www.kshop.co.kr/goods/337938
2017/05/12 22:30:00{2017/05/12 22:30:00{kshop{07{(TV) SK텔레콤 삼성 갤럭시노트5_64G(SM-N920S){['디지털/가전', '휴대폰', 'SKT']{342832{003711342832{http://imgs.kshop.co.kr/goods/832/342832_g_20170331132604.jpg{0{http://www.kshop.co.kr/goods/342832
2017/05/12 23:30:00{2017/05/12 23:30:00{kshop{07{(TV_기습)가비노 18K 레지나 목걸이,귀걸이,반지 세트 총 4종{  {344061{003711344061{http://imgs.kshop.co.kr/goods/061/344061_g_20170421121754.jpg{77800{http://www.kshop.co.kr/goods/344061
2017/05/12 23:50:00{2017/05/12 23:50:00{kshop{07{(TV) 데메테르 베스트 향수8종+핸드크림3종+무민향수하나더{  {354233{003711354233{http://imgs.kshop.co.kr/goods/233/354233_g_20170310133104.jpg{67000{http://www.kshop.co.kr/goods/354233
2017/05/12 23:50:00{2017/05/12 23:50:00{kshop{07{(TV) 롯데렌터카_신차장기 5월조건{  {351986{003711351986{http://imgs.kshop.co.kr/goods/986/351986_g_20151208185801.jpg{0{http://www.kshop.co.kr/goods/351986
2017/05/12 00:50:00{2017/05/12 00:50:00{kshop{07{(초특가)트리퍼 남성 에어플렉스 썸머 슈즈{['패션잡화', '남성신발', '운동화', '러닝화']{349432{003711349432{http://imgs.kshop.co.kr/goods/432/349432_g_20170421121930.jpg{37800{http://www.kshop.co.kr/goods/349432
2017/05/12 00:50:00{2017/05/12 00:50:00{kshop{07{(초특가)트리퍼 여성 에어플렉스 썸머 슈즈{['패션잡화', '여성신발', '운동화', '러닝화']{349431{003711349431{http://imgs.kshop.co.kr/goods/431/349431_g_20170421163348.jpg{37800{http://www.kshop.co.kr/goods/349431
2017/05/12 01:50:00{2017/05/12 01:50:00{kshop{07{(TV)팀앤브라운 리튬 해머드릴 전동공구_사은품변경_정율{  {346764{003711346764{http://imgs.kshop.co.kr/goods/764/346764_g_20160624102310.jpg{126000{http://www.kshop.co.kr/goods/346764
2017/05/12 02:50:00{2017/05/12 02:50:00{kshop{07{(TV방송_직)2017아쿠아픽 구강세정기+사은품2종{['디지털/가전', '생활가전', '구강청정기', '구강세정기']{346411{003711346411{http://imgs.kshop.co.kr/goods/411/346411_g_20170331132114.jpg{123000{http://www.kshop.co.kr/goods/346411
2017/05/12 03:50:00{2017/05/12 03:50:00{kshop{07{알렉산더제인 푼토백{['패션잡화', '여성가방', '토트백']{349433{003711349433{http://imgs.kshop.co.kr/goods/433/349433_g_20170419144301.jpg{156000{http://www.kshop.co.kr/goods/349433
2017/05/12 03:50:00{2017/05/12 03:50:00{kshop{07{알렉산더제인 리네아백{['패션잡화', '여성가방', '숄더백']{349434{003711349434{http://imgs.kshop.co.kr/goods/434/349434_g_20170419144337.jpg{156000{http://www.kshop.co.kr/goods/349434
2017/05/12 04:20:00{2017/05/12 04:20:00{kshop{07{(TV_리뉴얼/직매)홈케어 바디휴 프리미엄 등 마사지기(전용의자증정){['생활/건강', '안마용품', '쿠션안마기']{313850{003711313850{http://imgs.kshop.co.kr/goods/850/313850_g_20160809150817.jpg{196000{http://www.kshop.co.kr/goods/313850
2017/05/12 05:20:00{2017/05/12 05:20:00{kshop{07{(방송중)2017 휠라 스킨가드셔츠 4종(남성){  {346703{003711346703{http://imgs.kshop.co.kr/goods/703/346703_g_20170420112932.jpg{74900{http://www.kshop.co.kr/goods/346703
2017/05/12 05:20:00{2017/05/12 05:20:00{kshop{07{(방송중)2017 휠라 스킨가드셔츠 4종(여성){['스포츠/레저', '수영', '비치웨어', '여성상의']{346704{003711346704{http://imgs.kshop.co.kr/goods/704/346704_g_20170420113047.jpg{74900{http://www.kshop.co.kr/goods/346704
2017/05/12 06:20:00{2017/05/12 06:20:00{kshop{07{(TV)종근당건강 오메가3 16개월+비타민C 4개월{['식품', '건강식품', '영양제', '오메가3']{210131{003711210131{http://imgs.kshop.co.kr/goods/131/210131_g_20150916183442.jpg{127000{http://www.kshop.co.kr/goods/210131
2017/05/12 07:20:00{2017/05/12 07:20:00{kshop{07{마담팰리스 원피스 2종{['패션의류', '여성의류', '원피스']{342662{003711342662{http://imgs.kshop.co.kr/goods/662/342662_g_20170510183900.jpg{57000{http://www.kshop.co.kr/goods/342662
2017/05/12 08:20:00{2017/05/12 08:20:00{kshop{07{실크트리 풍기인견 트렁크 패키지 3차{['패션의류', '남성언더웨어/잠옷', '팬티']{351003{003711351003{http://imgs.kshop.co.kr/goods/003/351003_g_20170510184348.jpg{67900{http://www.kshop.co.kr/goods/351003
2017/05/12 08:20:00{2017/05/12 08:20:00{kshop{07{실크트리 풍기인견 런닝 패키지 1차{  {351002{003711351002{http://imgs.kshop.co.kr/goods/002/351002_g_20170510184252.jpg{67900{http://www.kshop.co.kr/goods/351002
2017/05/12 08:20:00{2017/05/12 08:20:00{kshop{07{실크트리 풍기인견 드로즈 패키지 3차{['패션의류', '남성언더웨어/잠옷', '팬티']{351005{003711351005{http://imgs.kshop.co.kr/goods/005/351005_g_20170510184454.jpg{67900{http://www.kshop.co.kr/goods/351005
