2017/06/06 00:10:00{2017/06/06 01:00:00{gsshop{07{[브라운] 면도기 시리즈3 3050cc RED+ 선물용 박스(사은품){['디지털/가전', '이미용가전', '면도기', '남성용면도기']{25807142{00071125807142{http://image.gsshop.com/image/25/80/25807142_L1.jpg{99,000{http://with.gsshop.com/prd/prd.gs?prdid=25807142
2017/06/06 01:00:00{2017/06/06 02:00:00{gsshop{07{[라이나]암-(무)플러스암보험{  {{000711{{{
2017/06/06 02:00:00{2017/06/06 03:00:00{gsshop{07{장가계/성인아동/4박5일[6/16~30.금일월]인천.아시아나항공{  {26041215{00071126041215{http://image.gsshop.com/image/26/04/26041215_L1.jpg{399,000{http://with.gsshop.com/prd/prd.gs?prdid=26041215
2017/06/06 02:00:00{2017/06/06 03:00:00{gsshop{07{장가계/성인아동/4박5일[6/15~29.목.7/2.3.7.9~21.8/13~29.금토일월화]인천.아시아나항공{  {26041424{00071126041424{http://image.gsshop.com/image/26/04/26041424_L1.jpg{449,000{http://with.gsshop.com/prd/prd.gs?prdid=26041424
2017/06/06 02:00:00{2017/06/06 03:00:00{gsshop{07{장가계/성인아동/4박5일[7/6~20.수목.7/22~31.8/1~12.금토일월화.8/16~31.수목]인천.아시아나항공{  {26041533{00071126041533{http://image.gsshop.com/image/26/04/26041533_L1.jpg{499,000{http://with.gsshop.com/prd/prd.gs?prdid=26041533
2017/06/06 02:00:00{2017/06/06 03:00:00{gsshop{07{장가계/성인아동/4박5일[7/26.27.8/2~10.수목.9/1~29.금토일월화]인천.아시아나항공{  {26041576{00071126041576{http://image.gsshop.com/image/26/04/26041576_L1.jpg{549,000{http://with.gsshop.com/prd/prd.gs?prdid=26041576
2017/06/06 02:00:00{2017/06/06 03:00:00{gsshop{07{장가계/성인아동/4박5일[9/6~28.수목]인천.아시아나항공{  {26041648{00071126041648{http://image.gsshop.com/image/26/04/26041648_L1.jpg{599,000{http://with.gsshop.com/prd/prd.gs?prdid=26041648
2017/06/06 03:11:00{2017/06/06 04:05:00{gsshop{07{★2017년 여름 신상품★[헨리코튼golf] 남성용 브리티시 여름 티셔츠 3종{['스포츠/레저', '골프', '골프의류']{25371516{00071125371516{http://image.gsshop.com/image/25/37/25371516_L1.jpg{119,000{http://with.gsshop.com/prd/prd.gs?prdid=25371516
2017/06/06 03:11:00{2017/06/06 04:05:00{gsshop{07{★2017년 여름 신상품★[헨리코튼golf] 여성용 브리티시 여름 티셔츠 3종{['스포츠/레저', '골프', '골프의류', '티셔츠']{25371768{00071125371768{http://image.gsshop.com/image/25/37/25371768_L1.jpg{119,000{http://with.gsshop.com/prd/prd.gs?prdid=25371768
2017/06/06 04:05:00{2017/06/06 05:05:00{gsshop{07{★참존 De-age CRD 크레이지 가격 구성★{['화장품/미용', '스킨케어', '화장품세트']{17746993{00071117746993{http://image.gsshop.com/image/17/74/17746993_L1.jpg{43,900{http://with.gsshop.com/prd/prd.gs?prdid=17746993
2017/06/06 05:05:00{2017/06/06 05:30:00{gsshop{07{BREAL 썸머 블라우스 3종 (화이트+핑크+네이비){['패션의류', '여성의류', '블라우스/셔츠']{25690522{00071125690522{http://image.gsshop.com/image/25/69/25690522_L1.jpg{69,000{http://with.gsshop.com/prd/prd.gs?prdid=25690522
2017/06/06 06:00:00{2017/06/06 06:15:00{gsshop{07{[현대]3CI-간편건강보험{  {{000711{{{
2017/06/06 06:15:00{2017/06/06 07:15:00{gsshop{07{[동부]상해-참좋은상해보험{  {{000711{{{
2017/06/06 07:15:00{2017/06/06 08:15:00{gsshop{07{[ADIDAS GOLF] 남성용 쿨라이트 팬츠 3종{['스포츠/레저', '골프', '골프의류', '바지']{25738920{00071125738920{http://image.gsshop.com/image/25/73/25738920_L1.jpg{168,000{http://with.gsshop.com/prd/prd.gs?prdid=25738920
2017/06/06 07:15:00{2017/06/06 08:15:00{gsshop{07{[ADIDAS GOLF] 여성용 쿨라이트 팬츠 3종{['스포츠/레저', '골프', '골프의류', '바지']{25738976{00071125738976{http://image.gsshop.com/image/25/73/25738976_L1.jpg{168,000{http://with.gsshop.com/prd/prd.gs?prdid=25738976
2017/06/06 08:15:00{2017/06/06 09:20:00{gsshop{07{★무이자 36개월★한샘 시스템 키친_스토리 2.4M{['가구/인테리어', '주방가구', '싱크대']{25940191{00071125940191{http://image.gsshop.com/image/25/94/25940191_L1.jpg{2,321,000{http://with.gsshop.com/prd/prd.gs?prdid=25940191
2017/06/06 08:15:00{2017/06/06 09:20:00{gsshop{07{★무이자 36개월★한샘 시스템 키친 스토리 3.0M{  {25940201{00071125940201{http://image.gsshop.com/image/25/94/25940201_L1.jpg{2,771,000{http://with.gsshop.com/prd/prd.gs?prdid=25940201
2017/06/06 08:15:00{2017/06/06 09:20:00{gsshop{07{★무이자 36개월★한샘 시스템 키친 스토리_ 3.8 M{  {25940220{00071125940220{http://image.gsshop.com/image/25/94/25940220_L1.jpg{3,491,000{http://with.gsshop.com/prd/prd.gs?prdid=25940220
2017/06/06 08:15:00{2017/06/06 09:20:00{gsshop{07{★무이자 36개월★한샘 시스템 키친_스토리 4.4M{  {25940252{00071125940252{http://image.gsshop.com/image/25/94/25940252_L1.jpg{3,851,000{http://with.gsshop.com/prd/prd.gs?prdid=25940252
2017/06/06 08:15:00{2017/06/06 09:20:00{gsshop{07{★무이자 36개월 ★한샘 시스템 키친 스토리 5.0M{  {25940350{00071125940350{http://image.gsshop.com/image/25/94/25940350_L1.jpg{4,121,000{http://with.gsshop.com/prd/prd.gs?prdid=25940350
2017/06/06 08:15:00{2017/06/06 09:20:00{gsshop{07{★무이자 36개월★한샘 시스템 키친 스토리 5.6M{  {25940420{00071125940420{http://image.gsshop.com/image/25/94/25940420_L1.jpg{4,391,000{http://with.gsshop.com/prd/prd.gs?prdid=25940420
2017/06/06 09:20:00{2017/06/06 11:30:00{gsshop{07{[원더브라]원더브라95 Perfect Line 패키지{['패션의류', '여성언더웨어/잠옷', '브라팬티세트']{26042244{00071126042244{http://image.gsshop.com/image/26/04/26042244_L1.jpg{159,000{http://with.gsshop.com/prd/prd.gs?prdid=26042244
2017/06/06 09:20:00{2017/06/06 11:30:00{gsshop{07{[엘르]누보(Nouveau) 토트백 세트(2017 HIT 아이템){['패션잡화', '여성가방', '토트백']{25248939{00071125248939{http://image.gsshop.com/image/25/24/25248939_L1.jpg{119,000{http://with.gsshop.com/prd/prd.gs?prdid=25248939
2017/06/06 09:20:00{2017/06/06 11:30:00{gsshop{07{[엘로엘] ★미백크림에서 팩트로★ 아이스 블랑 팩트 세트{['화장품/미용', '베이스메이크업', '파우더', '팩트파우더']{25739965{00071125739965{http://image.gsshop.com/image/25/73/25739965_L1.jpg{58,900{http://with.gsshop.com/prd/prd.gs?prdid=25739965
2017/06/06 11:30:00{2017/06/06 12:40:00{gsshop{07{최초 2만원 할인, 런칭가 69,000원!!17신상 ★브에뜨르★ 프랑스린넨100% 블라우스 2종{  {25438860{00071125438860{http://image.gsshop.com/image/25/43/25438860_L1.jpg{48,000{http://with.gsshop.com/prd/prd.gs?prdid=25438860
2017/06/06 11:30:00{2017/06/06 12:40:00{gsshop{07{[닉스] NIX 17여름 최신상 여성 크롭스트레이트 데님 2종{['패션의류', '여성의류', '청바지']{25356005{00071125356005{http://image.gsshop.com/image/25/35/25356005_L1.jpg{69,000{http://with.gsshop.com/prd/prd.gs?prdid=25356005
2017/06/06 11:30:00{2017/06/06 12:40:00{gsshop{07{[닉스] NIX 17여름 최신상 남성 컴포트 데님 2종{['패션의류', '남성의류', '청바지']{25356065{00071125356065{http://image.gsshop.com/image/25/35/25356065_L1.jpg{69,000{http://with.gsshop.com/prd/prd.gs?prdid=25356065
2017/06/06 11:30:00{2017/06/06 12:40:00{gsshop{07{최초2만원 SALE[매장가 1종 59,000원]보니알렉스 썸머 코마면100 티셔츠 5종{  {25511559{00071125511559{http://image.gsshop.com/image/25/51/25511559_L1.jpg{59,000{http://with.gsshop.com/prd/prd.gs?prdid=25511559
2017/06/06 12:40:00{2017/06/06 13:40:00{gsshop{07{★최신상★ [리리코스] 마린 슈퍼콜라겐 탄력쿠션 리미티드{['화장품/미용', '베이스메이크업', '파운데이션']{26055795{00071126055795{http://image.gsshop.com/image/26/05/26055795_L1.jpg{89,000{http://with.gsshop.com/prd/prd.gs?prdid=26055795
2017/06/06 13:40:00{2017/06/06 14:40:00{gsshop{07{[현대]3CI-간편건강보험{  {{000711{{{
2017/06/06 14:40:00{2017/06/06 15:40:00{gsshop{07{[A.H.C] AHC 프리미엄 순면 마스크팩 시즌2{['화장품/미용', '마스크/팩', '마스크시트']{25687085{00071125687085{http://image.gsshop.com/image/25/68/25687085_L1.jpg{69,900{http://with.gsshop.com/prd/prd.gs?prdid=25687085
2017/06/06 15:40:00{2017/06/06 16:40:00{gsshop{07{N.O.P 2차 아이스 리프팅 브라{['패션의류', '여성언더웨어/잠옷', '브라팬티세트']{26026613{00071126026613{http://image.gsshop.com/image/26/02/26026613_L1.jpg{109,000{http://with.gsshop.com/prd/prd.gs?prdid=26026613
2017/06/06 16:40:00{2017/06/06 17:40:00{gsshop{07{전문 브랜드 코웨이의 스마트한 공기청정기!!{  {26062818{00071126062818{http://image.gsshop.com/image/26/06/26062818_L1.jpg{{http://with.gsshop.com/prd/prd.gs?prdid=26062818
2017/06/06 17:40:00{2017/06/06 19:35:00{gsshop{07{두브로브니크+동발칸/5국7박10일/성인아동[6/13.18.27]인천.터키항공{  {26062215{00071126062215{http://image.gsshop.com/image/26/06/26062215_L1.jpg{1,590,000{http://with.gsshop.com/prd/prd.gs?prdid=26062215
2017/06/06 17:40:00{2017/06/06 19:35:00{gsshop{07{두브로브니크+동발칸/5국7박10일/성인아동[9/5.10.12.17.19.24]인천.터키항공{  {26062225{00071126062225{http://image.gsshop.com/image/26/06/26062225_L1.jpg{1,690,000{http://with.gsshop.com/prd/prd.gs?prdid=26062225
2017/06/06 17:40:00{2017/06/06 19:35:00{gsshop{07{두브로브니크+동발칸/5국7박10일/성인아동[10/8.10.15.17.24.31]인천.터키항공{  {26062352{00071126062352{http://image.gsshop.com/image/26/06/26062352_L1.jpg{1,790,000{http://with.gsshop.com/prd/prd.gs?prdid=26062352
2017/06/06 17:40:00{2017/06/06 19:35:00{gsshop{07{두브로브니크+동발칸/5국7박10일/성인아동[7/3.11.16.18.8/13.15.22.27]인천.터키항공{  {26062391{00071126062391{http://image.gsshop.com/image/26/06/26062391_L1.jpg{1,890,000{http://with.gsshop.com/prd/prd.gs?prdid=26062391
2017/06/06 17:40:00{2017/06/06 19:35:00{gsshop{07{두브로브니크+동발칸/5국7박10일/성인아동[7/23.25.8/1.8]인천.터키항공{  {26084823{00071126084823{http://image.gsshop.com/image/26/08/26084823_L1.jpg{2,190,000{http://with.gsshop.com/prd/prd.gs?prdid=26084823
2017/06/06 17:40:00{2017/06/06 19:35:00{gsshop{07{스위스일주+서동유럽/5국7박9일/성인아동[6/15.19.22.26.29.7/3.6.10.13.8/17.21.24..]인천.아시아나항공{['여행/문화', '여행/항공권', '해외여행']{26099343{00071126099343{http://image.gsshop.com/image/26/09/26099343_L1.jpg{2,190,000{http://with.gsshop.com/prd/prd.gs?prdid=26099343
2017/06/06 17:40:00{2017/06/06 19:35:00{gsshop{07{스위스일주+서동유럽/5국7박9일/성인아동[7/17.20.8/7.10.9/21.25]인천.아시아나항공{['여행/문화', '여행/항공권', '해외여행']{26099467{00071126099467{http://image.gsshop.com/image/26/09/26099467_L1.jpg{2,390,000{http://with.gsshop.com/prd/prd.gs?prdid=26099467
2017/06/06 17:40:00{2017/06/06 19:35:00{gsshop{07{스위스일주+서동유럽/5국7박9일/성인아동[7/24.27.31.8/3.10/5]인천.아시아나항공{['여행/문화', '여행/항공권', '해외여행']{26099526{00071126099526{http://image.gsshop.com/image/26/09/26099526_L1.jpg{2,890,000{http://with.gsshop.com/prd/prd.gs?prdid=26099526
2017/06/06 17:40:00{2017/06/06 19:35:00{gsshop{07{스위스일주+서동유럽/5국7박9일/성인아동[9/28]인천.아시아나항공{['여행/문화', '여행/항공권', '해외여행']{26099603{00071126099603{http://image.gsshop.com/image/26/09/26099603_L1.jpg{4,290,000{http://with.gsshop.com/prd/prd.gs?prdid=26099603
2017/06/06 17:40:00{2017/06/06 19:35:00{gsshop{07{스위스일주+서동유럽/5국7박9일/성인아동[9/29.10/1]인천.아시아나항공{['여행/문화', '여행/항공권', '해외여행']{26099649{00071126099649{http://image.gsshop.com/image/26/09/26099649_L1.jpg{5,490,000{http://with.gsshop.com/prd/prd.gs?prdid=26099649
2017/06/06 19:35:00{2017/06/06 21:40:00{gsshop{07{방)신일 에어서큘레이터 터보{['디지털/가전', '계절가전', '공기정화기', '공기순환기']{25595116{00071125595116{http://image.gsshop.com/image/25/59/25595116_L1.jpg{89,000{http://with.gsshop.com/prd/prd.gs?prdid=25595116
2017/06/06 19:35:00{2017/06/06 21:40:00{gsshop{07{[종가집] 중부식 포기김치11kg+열무김치1kg+종이도마5매{['식품', '김치', '포기김치']{25508634{00071125508634{http://image.gsshop.com/image/25/50/25508634_L1.jpg{59,900{http://with.gsshop.com/prd/prd.gs?prdid=25508634
2017/06/06 19:35:00{2017/06/06 21:40:00{gsshop{07{[종가집] 전라도포기김치11kg+열무김치1kg{['식품', '김치', '포기김치']{25508649{00071125508649{http://image.gsshop.com/image/25/50/25508649_L1.jpg{59,900{http://with.gsshop.com/prd/prd.gs?prdid=25508649
2017/06/06 21:40:00{2017/06/06 22:40:00{gsshop{07{★전 고객 조건없이 5개 용량★에이지투웨니스 최신상 시즌8 VX{['화장품/미용', '색조메이크업', '립틴트']{25468347{00071125468347{http://image.gsshop.com/image/25/46/25468347_L1.jpg{68,900{http://with.gsshop.com/prd/prd.gs?prdid=25468347
2017/06/06 22:40:00{2017/06/06 23:40:00{gsshop{07{바디프랜드 렌탈 안마의자 무료 상담예약{  {22707746{00071122707746{http://image.gsshop.com/image/22/70/22707746_L1.jpg{{http://with.gsshop.com/prd/prd.gs?prdid=22707746
2017/06/06 23:40:00{2017/06/06 01:00:00{gsshop{07{[원더브라]원더브라97 T-Shirt Bra 패키지{['패션의류', '여성언더웨어/잠옷', '브라팬티세트']{26045466{00071126045466{http://image.gsshop.com/image/26/04/26045466_L1.jpg{159,000{http://with.gsshop.com/prd/prd.gs?prdid=26045466
2017/06/06 06:15:00{2017/06/06 07:15:00{hmall{07{엘크릿 매직 쌍꺼풀 섀도우 코랄/핑크/골드/비쥬화이트 9.5ml{['화장품/미용', '색조메이크업', '아이섀도']{2050714415{0018112050714415{http://image.hyundaihmall.com/static/4/4/71/50/2050714415_0_170.jpg{40,000{http://www.hyundaihmall.com/front/pda/itemPtc.do?slitmCd=2050714415
2017/06/06 06:15:00{2017/06/06 07:15:00{hmall{07{엘크릿 로얄 루디 립스틱 로지레드/마젠타코랄/스칼렛핑크 3.5g{['화장품/미용', '색조메이크업', '아이섀도']{2050715351{0018112050715351{http://image.hyundaihmall.com/static/3/5/71/50/2050715351_0_170.jpg{25,000{http://www.hyundaihmall.com/front/pda/itemPtc.do?slitmCd=2050715351
2017/06/06 06:15:00{2017/06/06 07:15:00{hmall{07{엘크릿 매직 쌍꺼풀 섀도우{['화장품/미용', '색조메이크업', '아이섀도']{2052310945{0018112052310945{http://image.hyundaihmall.com/static/9/0/31/52/2052310945_0_170.jpg{69,900{http://www.hyundaihmall.com/front/pda/itemPtc.do?slitmCd=2052310945
2017/06/06 07:15:00{2017/06/06 08:15:00{hmall{07{2017 풍기인견 남성언더웨어 트렁크{['패션의류', '남성언더웨어/잠옷', '팬티']{2052188452{0018112052188452{http://image.hyundaihmall.com/static/4/8/18/52/2052188452_0_170.jpg{69,900{http://www.hyundaihmall.com/front/pda/itemPtc.do?slitmCd=2052188452
2017/06/06 07:15:00{2017/06/06 08:15:00{hmall{07{2017 풍기인견 남성언더웨어 드로즈{['패션의류', '남성언더웨어/잠옷', '팬티']{2052190113{0018112052190113{http://image.hyundaihmall.com/static/1/0/19/52/2052190113_0_170.jpg{69,900{http://www.hyundaihmall.com/front/pda/itemPtc.do?slitmCd=2052190113
2017/06/06 07:15:00{2017/06/06 08:15:00{hmall{07{2017 풍기인견 남성언더웨어 런닝{['패션의류', '남성언더웨어/잠옷', '러닝']{2052198957{0018112052198957{http://image.hyundaihmall.com/static/9/8/19/52/2052198957_0_170.jpg{69,900{http://www.hyundaihmall.com/front/pda/itemPtc.do?slitmCd=2052198957
2017/06/06 07:15:00{2017/06/06 08:15:00{hmall{07{[단품]2017 풍기인견 남성언더웨어 반바지{['패션의류', '남성의류', '바지']{2052199654{0018112052199654{http://image.hyundaihmall.com/static/6/9/19/52/2052199654_0_170.jpg{39,000{http://www.hyundaihmall.com/front/pda/itemPtc.do?slitmCd=2052199654
2017/06/06 08:15:00{2017/06/06 09:25:00{hmall{07{랜드마스터 올인원 컴포트 샌들 1종 [여성용]{['패션잡화', '여성신발', '샌들', '스트랩샌들']{2051226348{0018112051226348{http://image.hyundaihmall.com/static/3/6/22/51/2051226348_0_170.jpg{69,800{http://www.hyundaihmall.com/front/pda/itemPtc.do?slitmCd=2051226348
2017/06/06 08:15:00{2017/06/06 09:25:00{hmall{07{랜드마스터 올인원 컴포트 샌들 1종 [남성용]{['패션잡화', '남성신발', '샌들']{2051226239{0018112051226239{http://image.hyundaihmall.com/static/2/6/22/51/2051226239_0_170.jpg{69,800{http://www.hyundaihmall.com/front/pda/itemPtc.do?slitmCd=2051226239
2017/06/06 09:25:00{2017/06/06 10:20:00{hmall{07{무코타 愛 트리트먼트 150g{['면세점', '화장품', '헤어케어']{2046394768{0018112046394768{http://image.hyundaihmall.com/static/7/4/39/46/2046394768_0_170.jpg{46,000{http://www.hyundaihmall.com/front/pda/itemPtc.do?slitmCd=2046394768
2017/06/06 09:25:00{2017/06/06 10:20:00{hmall{07{무코타 愛 트리트먼트 50g{['화장품/미용', '헤어케어', '트리트먼트']{2046394907{0018112046394907{http://image.hyundaihmall.com/static/9/4/39/46/2046394907_0_170.jpg{20,000{http://www.hyundaihmall.com/front/pda/itemPtc.do?slitmCd=2046394907
2017/06/06 09:25:00{2017/06/06 10:20:00{hmall{07{무코타 愛 트리트먼트 패키지{['화장품/미용', '헤어케어', '트리트먼트']{2048672844{0018112048672844{http://image.hyundaihmall.com/static/8/2/67/48/2048672844_0_170.jpg{89,800{http://www.hyundaihmall.com/front/pda/itemPtc.do?slitmCd=2048672844
2017/06/06 09:25:00{2017/06/06 10:20:00{hmall{07{무코타 愛 트리트먼트 패키지{['화장품/미용', '헤어케어', '트리트먼트']{2048673021{0018112048673021{http://image.hyundaihmall.com/static/0/3/67/48/2048673021_0_170.jpg{89,800{http://www.hyundaihmall.com/front/pda/itemPtc.do?slitmCd=2048673021
2017/06/06 10:20:00{2017/06/06 11:40:00{hmall{07{아키 프리미엄 인견 란쥬쉐이퍼 컬렉션{['패션의류', '여성언더웨어/잠옷', '보정속옷', '올인원/바디쉐이퍼']{2049967859{0018112049967859{http://image.hyundaihmall.com/static/8/7/96/49/2049967859_0_170.jpg{109,900{http://www.hyundaihmall.com/front/pda/itemPtc.do?slitmCd=2049967859
2017/06/06 11:40:00{2017/06/06 13:40:00{hmall{07{에트로 블라우스(16575-4499){['패션의류', '여성의류', '블라우스/셔츠']{2052229923{0018112052229923{http://image.hyundaihmall.com/static/9/9/22/52/2052229923_0_170.jpg{287,000{http://www.hyundaihmall.com/front/pda/itemPtc.do?slitmCd=2052229923
2017/06/06 11:40:00{2017/06/06 13:40:00{hmall{07{에트로 드레스(16540-4508){['패션의류', '여성의류', '원피스']{2052231807{0018112052231807{http://image.hyundaihmall.com/static/8/1/23/52/2052231807_0_170.jpg{988,000{http://www.hyundaihmall.com/front/pda/itemPtc.do?slitmCd=2052231807
2017/06/06 11:40:00{2017/06/06 13:40:00{hmall{07{에트로 스프링 재킷(16043-1610){['패션의류', '여성의류', '재킷']{2050352501{0018112050352501{http://image.hyundaihmall.com/static/5/2/35/50/2050352501_0_170.jpg{1,155,000{http://www.hyundaihmall.com/front/pda/itemPtc.do?slitmCd=2050352501
2017/06/06 11:40:00{2017/06/06 13:40:00{hmall{07{에트로 숄(10007-5724){['패션잡화', '패션소품', '머플러']{2052232874{0018112052232874{http://image.hyundaihmall.com/static/8/2/23/52/2052232874_0_170.jpg{273,000{http://www.hyundaihmall.com/front/pda/itemPtc.do?slitmCd=2052232874
2017/06/06 11:40:00{2017/06/06 13:40:00{hmall{07{에트로 아르니카 크로스백(1H503-2388){['패션잡화', '여성가방', '크로스백']{2046881045{0018112046881045{http://image.hyundaihmall.com/static/0/1/88/46/2046881045_0_170.jpg{468,000{http://www.hyundaihmall.com/front/pda/itemPtc.do?slitmCd=2046881045
2017/06/06 11:40:00{2017/06/06 13:40:00{hmall{07{에트로 라운드 크로스백(6687-1893){['패션잡화', '여성가방', '크로스백']{2043350787{0018112043350787{http://image.hyundaihmall.com/static/7/0/35/43/2043350787_0_170.jpg{370,000{http://www.hyundaihmall.com/front/pda/itemPtc.do?slitmCd=2043350787
2017/06/06 11:40:00{2017/06/06 13:40:00{hmall{07{에트로 컬러 숄더백(2478){['패션잡화', '여성가방', '숄더백']{2043545659{0018112043545659{http://image.hyundaihmall.com/static/6/5/54/43/2043545659_0_170.jpg{423,000{http://www.hyundaihmall.com/front/pda/itemPtc.do?slitmCd=2043545659
2017/06/06 11:40:00{2017/06/06 13:40:00{hmall{07{에트로 컬러 스트랩(0B803-9310){['패션잡화', '여성가방', '숄더백']{2043545675{0018112043545675{http://image.hyundaihmall.com/static/6/5/54/43/2043545675_0_170.jpg{153,000{http://www.hyundaihmall.com/front/pda/itemPtc.do?slitmCd=2043545675
2017/06/06 11:40:00{2017/06/06 13:40:00{hmall{07{에트로 가죽 벨트 롱 숄더백(1G588-8156){['패션잡화', '여성가방', '숄더백']{2049654608{0018112049654608{http://image.hyundaihmall.com/static/6/4/65/49/2049654608_0_170.jpg{328,000{http://www.hyundaihmall.com/front/pda/itemPtc.do?slitmCd=2049654608
2017/06/06 11:40:00{2017/06/06 13:40:00{hmall{07{에트로 오렌지 크로스백(1G964){['패션잡화', '여성가방', '크로스백']{2043351214{0018112043351214{http://image.hyundaihmall.com/static/2/1/35/43/2043351214_0_170.jpg{378,000{http://www.hyundaihmall.com/front/pda/itemPtc.do?slitmCd=2043351214
2017/06/06 11:40:00{2017/06/06 13:40:00{hmall{07{발렌시아가 선글라스(BA110){['패션잡화', '선글라스/안경테', '선글라스']{2051534060{0018112051534060{http://image.hyundaihmall.com/static/0/4/53/51/2051534060_0_170.jpg{298,000{http://www.hyundaihmall.com/front/pda/itemPtc.do?slitmCd=2051534060
2017/06/06 11:40:00{2017/06/06 13:40:00{hmall{07{발렌시아가 시티 장지갑(253036-D940T){  {2032276547{0018112032276547{http://image.hyundaihmall.com/static/5/6/27/32/2032276547_0_170.jpg{565,000{http://www.hyundaihmall.com/front/pda/itemPtc.do?slitmCd=2032276547
2017/06/06 11:40:00{2017/06/06 13:40:00{hmall{07{프라다 크로스백(1BH978){['패션잡화', '여성가방', '크로스백']{2047132803{0018112047132803{http://image.hyundaihmall.com/static/8/2/13/47/2047132803_0_170.jpg{590,000{http://www.hyundaihmall.com/front/pda/itemPtc.do?slitmCd=2047132803
2017/06/06 11:40:00{2017/06/06 13:40:00{hmall{07{프라다 스몰 백팩(1BZ811){['패션잡화', '남성가방', '백팩']{2047134503{0018112047134503{http://image.hyundaihmall.com/static/5/4/13/47/2047134503_0_170.jpg{1,187,000{http://www.hyundaihmall.com/front/pda/itemPtc.do?slitmCd=2047134503
2017/06/06 11:40:00{2017/06/06 13:40:00{hmall{07{프라다 오리지널 백팩(1BZ032) - 블랙{['패션잡화', '여성가방', '백팩']{2049304254{0018112049304254{http://image.hyundaihmall.com/static/2/4/30/49/2049304254_0_170.jpg{1,026,000{http://www.hyundaihmall.com/front/pda/itemPtc.do?slitmCd=2049304254
2017/06/06 11:40:00{2017/06/06 13:40:00{hmall{07{프라다 오리지널 백팩(1BZ032){['패션잡화', '여성가방', '백팩']{2047737450{0018112047737450{http://image.hyundaihmall.com/static/4/7/73/47/2047737450_0_170.jpg{1,026,000{http://www.hyundaihmall.com/front/pda/itemPtc.do?slitmCd=2047737450
2017/06/06 11:40:00{2017/06/06 13:40:00{hmall{07{프라다 쇼퍼 숄더백(1BG132){['패션잡화', '여성가방', '숄더백']{2047133867{0018112047133867{http://image.hyundaihmall.com/static/8/3/13/47/2047133867_0_170.jpg{959,000{http://www.hyundaihmall.com/front/pda/itemPtc.do?slitmCd=2047133867
2017/06/06 11:40:00{2017/06/06 13:40:00{hmall{07{프라다 지퍼 백팩(2VZ066){['패션잡화', '남성가방', '백팩']{2046690800{0018112046690800{http://image.hyundaihmall.com/static/8/0/69/46/2046690800_0_170.jpg{1,316,000{http://www.hyundaihmall.com/front/pda/itemPtc.do?slitmCd=2046690800
2017/06/06 11:40:00{2017/06/06 13:40:00{hmall{07{프라다 라운드집업 장지갑(2ML317){['패션잡화', '지갑', '여성지갑', '장지갑']{2049304983{0018112049304983{http://image.hyundaihmall.com/static/9/4/30/49/2049304983_0_170.jpg{780,000{http://www.hyundaihmall.com/front/pda/itemPtc.do?slitmCd=2049304983
2017/06/06 11:40:00{2017/06/06 13:40:00{hmall{07{프라다 투블럭 크로스백(2VH029){['패션잡화', '여성가방', '크로스백']{2049304785{0018112049304785{http://image.hyundaihmall.com/static/7/4/30/49/2049304785_0_170.jpg{1,300,000{http://www.hyundaihmall.com/front/pda/itemPtc.do?slitmCd=2049304785
2017/06/06 11:40:00{2017/06/06 13:40:00{hmall{07{구찌 선글라스(GG3660){['패션잡화', '선글라스/안경테', '선글라스']{2050896247{0018112050896247{http://image.hyundaihmall.com/static/2/6/89/50/2050896247_0_170.jpg{298,000{http://www.hyundaihmall.com/front/pda/itemPtc.do?slitmCd=2050896247
2017/06/06 11:40:00{2017/06/06 13:40:00{hmall{07{구찌 GG 슈프림 숄더백(414930-KLQHG){['패션잡화', '여성가방', '숄더백']{2042348536{0018112042348536{http://image.hyundaihmall.com/static/5/8/34/42/2042348536_0_170.jpg{1,700,000{http://www.hyundaihmall.com/front/pda/itemPtc.do?slitmCd=2042348536
2017/06/06 11:40:00{2017/06/06 13:40:00{hmall{07{구찌 GG 수프림 캔버스 탑 핸들 백(409529-KLQHG) - 브라운{['패션잡화', '여성가방', '토트백']{2046586422{0018112046586422{http://image.hyundaihmall.com/static/4/6/58/46/2046586422_0_170.jpg{1,780,000{http://www.hyundaihmall.com/front/pda/itemPtc.do?slitmCd=2046586422
2017/06/06 11:40:00{2017/06/06 13:40:00{hmall{07{구찌 리버서블 GG 가죽 토트백(368568-A9810){['패션잡화', '여성가방', '토트백']{2046586898{0018112046586898{http://image.hyundaihmall.com/static/8/6/58/46/2046586898_0_170.jpg{1,560,000{http://www.hyundaihmall.com/front/pda/itemPtc.do?slitmCd=2046586898
2017/06/06 11:40:00{2017/06/06 13:40:00{hmall{07{구찌 소호 디스코백(308364-A7M0G){['패션잡화', '여성가방', '토트백']{2042348514{0018112042348514{http://image.hyundaihmall.com/static/5/8/34/42/2042348514_0_170.jpg{1,380,000{http://www.hyundaihmall.com/front/pda/itemPtc.do?slitmCd=2042348514
2017/06/06 11:40:00{2017/06/06 13:40:00{hmall{07{구찌 시그니쳐 크로스백(387111){['패션잡화', '여성가방', '크로스백']{2046587497{0018112046587497{http://image.hyundaihmall.com/static/4/7/58/46/2046587497_0_170.jpg{940,000{http://www.hyundaihmall.com/front/pda/itemPtc.do?slitmCd=2046587497
2017/06/06 11:40:00{2017/06/06 13:40:00{hmall{07{구찌 시그니쳐 크로스백(387111){['패션잡화', '여성가방', '크로스백']{2046587497{0018112046587497{http://image.hyundaihmall.com/static/4/7/58/46/2046587497_0_170.jpg{940,000{http://www.hyundaihmall.com/front/pda/itemPtc.do?slitmCd=2046587497
2017/06/06 11:40:00{2017/06/06 13:40:00{hmall{07{바이오닉(VIONIC) 볼리나스 샌들 1종{['패션잡화', '여성신발', '샌들', '스트랩샌들']{2051845570{0018112051845570{http://image.hyundaihmall.com/static/5/5/84/51/2051845570_0_170.jpg{135,000{http://www.hyundaihmall.com/front/pda/itemPtc.do?slitmCd=2051845570
2017/06/06 13:40:00{2017/06/06 14:40:00{hmall{07{보국  에어젯 에어쿨러  (BKCF-17R06){['생활/건강', '공구', '수작업공구', '기타수작업공구']{2050985375{0018112050985375{http://image.hyundaihmall.com/static/3/5/98/50/2050985375_0_170.jpg{178,000{http://www.hyundaihmall.com/front/pda/itemPtc.do?slitmCd=2050985375
2017/06/06 14:40:00{2017/06/06 15:40:00{hmall{07{아키 프리미엄 콘티레이스 쉐이핑 서포트팬티 컬렉션{['패션의류', '여성언더웨어/잠옷', '팬티']{2047129543{0018112047129543{http://image.hyundaihmall.com/static/5/9/12/47/2047129543_0_170.jpg{79,900{http://www.hyundaihmall.com/front/pda/itemPtc.do?slitmCd=2047129543
2017/06/06 15:40:00{2017/06/06 16:40:00{hmall{07{A.H.C 더 퓨어 리얼 아이크림 시즌5 포페이스{['화장품/미용', '스킨케어', '아이케어']{2052200248{0018112052200248{http://image.hyundaihmall.com/static/2/0/20/52/2052200248_0_170.jpg{99,000{http://www.hyundaihmall.com/front/pda/itemPtc.do?slitmCd=2052200248
2017/06/06 16:40:00{2017/06/06 17:40:00{hmall{07{에이스 이목구비 보장보험{  {2051286098{0018112051286098{http://image.hyundaihmall.com/static/0/6/28/51/2051286098_0_170.jpg{{http://www.hyundaihmall.com/front/pda/itemPtc.do?slitmCd=2051286098
2017/06/06 17:40:00{2017/06/06 18:40:00{hmall{07{[렌탈] 현대 큐밍 더 슬림(The Slim) 정수기{  {2050337362{0018112050337362{http://image.hyundaihmall.com/static/3/7/33/50/2050337362_0_170.jpg{{http://www.hyundaihmall.com/front/pda/itemPtc.do?slitmCd=2050337362
2017/06/06 18:40:00{2017/06/06 19:35:00{hmall{07{보국  에어젯 에어쿨러  (BKCF-17R06){['생활/건강', '공구', '수작업공구', '기타수작업공구']{2050985375{0018112050985375{http://image.hyundaihmall.com/static/3/5/98/50/2050985375_0_170.jpg{178,000{http://www.hyundaihmall.com/front/pda/itemPtc.do?slitmCd=2050985375
2017/06/06 18:40:00{2017/06/06 19:35:00{hmall{07{보국 서큘레이터 (BKF- 2070CBL){['디지털/가전', '계절가전', '공기정화기', '공기순환기']{2050343891{0018112050343891{http://image.hyundaihmall.com/static/8/3/34/50/2050343891_0_170.jpg{109,000{http://www.hyundaihmall.com/front/pda/itemPtc.do?slitmCd=2050343891
2017/06/06 18:40:00{2017/06/06 19:35:00{hmall{07{보국 서큘레이터 (BKF- 2070CBL) 1+1 세트{['디지털/가전', '계절가전', '공기정화기', '공기순환기']{2051016666{0018112051016666{http://image.hyundaihmall.com/static/6/6/01/51/2051016666_0_170.jpg{198,000{http://www.hyundaihmall.com/front/pda/itemPtc.do?slitmCd=2051016666
2017/06/06 19:35:00{2017/06/06 21:45:00{hmall{07{[메탈화이트 16+6] 삼성 무풍에어컨 홈멀티형 [AF16M7971WZR]{['디지털/가전', '계절가전', '에어컨', '멀티형에어컨']{2048335708{0018112048335708{http://image.hyundaihmall.com/static/7/5/33/48/2048335708_0_170.jpg{2,599,000{http://www.hyundaihmall.com/front/pda/itemPtc.do?slitmCd=2048335708
2017/06/06 19:35:00{2017/06/06 21:45:00{hmall{07{[메탈화이트 16+6] 삼성 무풍에어컨 홈멀티형 [AF16M7971WZR]{['디지털/가전', '계절가전', '에어컨', '멀티형에어컨']{2048335708{0018112048335708{http://image.hyundaihmall.com/static/7/5/33/48/2048335708_0_170.jpg{2,599,000{http://www.hyundaihmall.com/front/pda/itemPtc.do?slitmCd=2048335708
2017/06/06 19:35:00{2017/06/06 21:45:00{hmall{07{[메탈화이트 16+6] 삼성 무풍에어컨 홈멀티형 [AF16M7971WZR]{['디지털/가전', '계절가전', '에어컨', '멀티형에어컨']{2048335708{0018112048335708{http://image.hyundaihmall.com/static/7/5/33/48/2048335708_0_170.jpg{2,599,000{http://www.hyundaihmall.com/front/pda/itemPtc.do?slitmCd=2048335708
2017/06/06 19:35:00{2017/06/06 21:45:00{hmall{07{[메탈화이트 16] 삼성 무풍에어컨 스탠드형 [AF16M7971WZK]{['디지털/가전', '휴대폰액세서리', '휴대폰배터리']{2048335788{0018112048335788{http://image.hyundaihmall.com/static/7/5/33/48/2048335788_0_170.jpg{2,199,000{http://www.hyundaihmall.com/front/pda/itemPtc.do?slitmCd=2048335788
2017/06/06 19:35:00{2017/06/06 21:45:00{hmall{07{[메탈화이트 16] 삼성 무풍에어컨 스탠드형 [AF16M7971WZK]{['디지털/가전', '휴대폰액세서리', '휴대폰배터리']{2048335788{0018112048335788{http://image.hyundaihmall.com/static/7/5/33/48/2048335788_0_170.jpg{2,199,000{http://www.hyundaihmall.com/front/pda/itemPtc.do?slitmCd=2048335788
2017/06/06 19:35:00{2017/06/06 21:45:00{hmall{07{[메탈화이트 16] 삼성 무풍에어컨 스탠드형 [AF16M7971WZK]{['디지털/가전', '휴대폰액세서리', '휴대폰배터리']{2048335788{0018112048335788{http://image.hyundaihmall.com/static/7/5/33/48/2048335788_0_170.jpg{2,199,000{http://www.hyundaihmall.com/front/pda/itemPtc.do?slitmCd=2048335788
2017/06/06 19:35:00{2017/06/06 21:45:00{hmall{07{[메탈화이트 18+6] 삼성 무풍에어컨 홈멀티형 [AF18M7971WZR]{['디지털/가전', '계절가전', '에어컨', '멀티형에어컨']{2049139347{0018112049139347{http://image.hyundaihmall.com/static/3/9/13/49/2049139347_0_170.jpg{2,899,000{http://www.hyundaihmall.com/front/pda/itemPtc.do?slitmCd=2049139347
2017/06/06 19:35:00{2017/06/06 21:45:00{hmall{07{[메탈화이트 18+6] 삼성 무풍에어컨 홈멀티형 [AF18M7971WZR]{['디지털/가전', '계절가전', '에어컨', '멀티형에어컨']{2049139347{0018112049139347{http://image.hyundaihmall.com/static/3/9/13/49/2049139347_0_170.jpg{2,899,000{http://www.hyundaihmall.com/front/pda/itemPtc.do?slitmCd=2049139347
2017/06/06 19:35:00{2017/06/06 21:45:00{hmall{07{[메탈화이트 18+6] 삼성 무풍에어컨 홈멀티형 [AF18M7971WZR]{['디지털/가전', '계절가전', '에어컨', '멀티형에어컨']{2049139347{0018112049139347{http://image.hyundaihmall.com/static/3/9/13/49/2049139347_0_170.jpg{2,899,000{http://www.hyundaihmall.com/front/pda/itemPtc.do?slitmCd=2049139347
2017/06/06 19:35:00{2017/06/06 21:45:00{hmall{07{[메탈화이트 18] 삼성 무풍에어컨 스탠드형 [AF18M7971WZK]{['디지털/가전', '계절가전', '에어컨', '스탠드형에어컨']{2049139402{0018112049139402{http://image.hyundaihmall.com/static/4/9/13/49/2049139402_0_170.jpg{2,499,000{http://www.hyundaihmall.com/front/pda/itemPtc.do?slitmCd=2049139402
2017/06/06 19:35:00{2017/06/06 21:45:00{hmall{07{[메탈화이트 18] 삼성 무풍에어컨 스탠드형 [AF18M7971WZK]{['디지털/가전', '계절가전', '에어컨', '스탠드형에어컨']{2049139402{0018112049139402{http://image.hyundaihmall.com/static/4/9/13/49/2049139402_0_170.jpg{2,499,000{http://www.hyundaihmall.com/front/pda/itemPtc.do?slitmCd=2049139402
2017/06/06 19:35:00{2017/06/06 21:45:00{hmall{07{[메탈화이트 18] 삼성 무풍에어컨 스탠드형 [AF18M7971WZK]{['디지털/가전', '계절가전', '에어컨', '스탠드형에어컨']{2049139402{0018112049139402{http://image.hyundaihmall.com/static/4/9/13/49/2049139402_0_170.jpg{2,499,000{http://www.hyundaihmall.com/front/pda/itemPtc.do?slitmCd=2049139402
2017/06/06 19:35:00{2017/06/06 21:45:00{hmall{07{[메탈티타늄 18+6] 삼성 무풍에어컨 홈멀티형 [AF18M7975BZR]{['디지털/가전', '계절가전', '에어컨', '멀티형에어컨']{2049950590{0018112049950590{http://image.hyundaihmall.com/static/5/0/95/49/2049950590_0_170.jpg{2,999,000{http://www.hyundaihmall.com/front/pda/itemPtc.do?slitmCd=2049950590
2017/06/06 19:35:00{2017/06/06 21:45:00{hmall{07{[메탈티타늄 18+6] 삼성 무풍에어컨 홈멀티형 [AF18M7975BZR]{['디지털/가전', '계절가전', '에어컨', '멀티형에어컨']{2049950590{0018112049950590{http://image.hyundaihmall.com/static/5/0/95/49/2049950590_0_170.jpg{2,999,000{http://www.hyundaihmall.com/front/pda/itemPtc.do?slitmCd=2049950590
2017/06/06 19:35:00{2017/06/06 21:45:00{hmall{07{[메탈티타늄 18+6] 삼성 무풍에어컨 홈멀티형 [AF18M7975BZR]{['디지털/가전', '계절가전', '에어컨', '멀티형에어컨']{2049950590{0018112049950590{http://image.hyundaihmall.com/static/5/0/95/49/2049950590_0_170.jpg{2,999,000{http://www.hyundaihmall.com/front/pda/itemPtc.do?slitmCd=2049950590
2017/06/06 19:35:00{2017/06/06 21:45:00{hmall{07{[메탈티타늄 18] 삼성 무풍에어컨 스탠드형 [AF18M7975BZK]{['디지털/가전', '계절가전', '에어컨', '스탠드형에어컨']{2049951025{0018112049951025{http://image.hyundaihmall.com/static/0/1/95/49/2049951025_0_170.jpg{2,599,000{http://www.hyundaihmall.com/front/pda/itemPtc.do?slitmCd=2049951025
2017/06/06 19:35:00{2017/06/06 21:45:00{hmall{07{[메탈티타늄 18] 삼성 무풍에어컨 스탠드형 [AF18M7975BZK]{['디지털/가전', '계절가전', '에어컨', '스탠드형에어컨']{2049951025{0018112049951025{http://image.hyundaihmall.com/static/0/1/95/49/2049951025_0_170.jpg{2,599,000{http://www.hyundaihmall.com/front/pda/itemPtc.do?slitmCd=2049951025
2017/06/06 19:35:00{2017/06/06 21:45:00{hmall{07{[메탈티타늄 18] 삼성 무풍에어컨 스탠드형 [AF18M7975BZK]{['디지털/가전', '계절가전', '에어컨', '스탠드형에어컨']{2049951025{0018112049951025{http://image.hyundaihmall.com/static/0/1/95/49/2049951025_0_170.jpg{2,599,000{http://www.hyundaihmall.com/front/pda/itemPtc.do?slitmCd=2049951025
2017/06/06 19:35:00{2017/06/06 21:45:00{hmall{07{[메탈티타늄 16+6] 삼성 무풍에어컨 홈멀티형 [AF16M7975BZR]{['디지털/가전', '계절가전', '에어컨', '멀티형에어컨']{2049951278{0018112049951278{http://image.hyundaihmall.com/static/2/1/95/49/2049951278_0_170.jpg{2,699,000{http://www.hyundaihmall.com/front/pda/itemPtc.do?slitmCd=2049951278
2017/06/06 19:35:00{2017/06/06 21:45:00{hmall{07{[메탈티타늄 16+6] 삼성 무풍에어컨 홈멀티형 [AF16M7975BZR]{['디지털/가전', '계절가전', '에어컨', '멀티형에어컨']{2049951278{0018112049951278{http://image.hyundaihmall.com/static/2/1/95/49/2049951278_0_170.jpg{2,699,000{http://www.hyundaihmall.com/front/pda/itemPtc.do?slitmCd=2049951278
2017/06/06 19:35:00{2017/06/06 21:45:00{hmall{07{[메탈티타늄 16+6] 삼성 무풍에어컨 홈멀티형 [AF16M7975BZR]{['디지털/가전', '계절가전', '에어컨', '멀티형에어컨']{2049951278{0018112049951278{http://image.hyundaihmall.com/static/2/1/95/49/2049951278_0_170.jpg{2,699,000{http://www.hyundaihmall.com/front/pda/itemPtc.do?slitmCd=2049951278
2017/06/06 19:35:00{2017/06/06 21:45:00{hmall{07{[메탈티타늄 16] 삼성 무풍에어컨 스탠드형 [AF16M7975BZK]{['디지털/가전', '계절가전', '에어컨', '스탠드형에어컨']{2049953745{0018112049953745{http://image.hyundaihmall.com/static/7/3/95/49/2049953745_0_170.jpg{2,299,000{http://www.hyundaihmall.com/front/pda/itemPtc.do?slitmCd=2049953745
2017/06/06 19:35:00{2017/06/06 21:45:00{hmall{07{[메탈티타늄 16] 삼성 무풍에어컨 스탠드형 [AF16M7975BZK]{['디지털/가전', '계절가전', '에어컨', '스탠드형에어컨']{2049953745{0018112049953745{http://image.hyundaihmall.com/static/7/3/95/49/2049953745_0_170.jpg{2,299,000{http://www.hyundaihmall.com/front/pda/itemPtc.do?slitmCd=2049953745
2017/06/06 19:35:00{2017/06/06 21:45:00{hmall{07{[메탈티타늄 16] 삼성 무풍에어컨 스탠드형 [AF16M7975BZK]{['디지털/가전', '계절가전', '에어컨', '스탠드형에어컨']{2049953745{0018112049953745{http://image.hyundaihmall.com/static/7/3/95/49/2049953745_0_170.jpg{2,299,000{http://www.hyundaihmall.com/front/pda/itemPtc.do?slitmCd=2049953745
2017/06/06 19:35:00{2017/06/06 21:45:00{hmall{07{[천하일미] 홍석천 이원일의 소불고기 콤보(매콤 7팩+전통 7팩+전골육수 6팩){['식품', '냉동/간편조리식품', '즉석탕']{2048131958{0018112048131958{http://image.hyundaihmall.com/static/9/1/13/48/2048131958_0_170.jpg{59,900{http://www.hyundaihmall.com/front/pda/itemPtc.do?slitmCd=2048131958
2017/06/06 19:35:00{2017/06/06 21:45:00{hmall{07{[천하일미] 이원일의 전통 소불고기 7팩*160g{['식품', '축산', '축산가공식품', '쇠고기양념육']{2046251566{0018112046251566{http://image.hyundaihmall.com/static/5/1/25/46/2046251566_0_170.jpg{49,900{http://www.hyundaihmall.com/front/pda/itemPtc.do?slitmCd=2046251566
2017/06/06 19:35:00{2017/06/06 21:45:00{hmall{07{[천하일미] 홍석천의 매콤 소불고기 7팩*160g{['식품', '축산', '축산가공식품']{2048132019{0018112048132019{http://image.hyundaihmall.com/static/0/2/13/48/2048132019_0_170.jpg{49,900{http://www.hyundaihmall.com/front/pda/itemPtc.do?slitmCd=2048132019
2017/06/06 21:45:00{2017/06/06 22:45:00{hmall{07{(무)THE건강한치아보험4(프리미엄){  {2050650680{0018112050650680{http://image.hyundaihmall.com/static/6/0/65/50/2050650680_0_170.jpg{{http://www.hyundaihmall.com/front/pda/itemPtc.do?slitmCd=2050650680
2017/06/06 22:45:00{2017/06/06 23:55:00{hmall{07{SK렌터카{['여행/문화', '모바일쿠폰/상품권', '뷔페/레스토랑']{2038700447{0018112038700447{http://image.hyundaihmall.com/static/4/0/70/38/2038700447_0_170.jpg{{http://www.hyundaihmall.com/front/pda/itemPtc.do?slitmCd=2038700447
2017/06/06 23:55:00{2017/06/06 01:00:00{hmall{07{박지윤의 욕망스무디 5일 프로그램(총 20팩){['식품', '다이어트식품', '기타다이어트식품']{2047650790{0018112047650790{http://image.hyundaihmall.com/static/7/0/65/47/2047650790_0_170.jpg{79,900{http://www.hyundaihmall.com/front/pda/itemPtc.do?slitmCd=2047650790
2017/06/06 01:00:00{2017/06/06 02:00:00{hmall{07{LG 울트라HD TV 65형(163cm)65UJ6640{['디지털/가전', '영상가전', 'TV', 'LEDTV']{2052318128{0018112052318128{http://image.hyundaihmall.com/static/1/8/31/52/2052318128_0_170.jpg{2,870,000{http://www.hyundaihmall.com/front/pda/itemPtc.do?slitmCd=2052318128
2017/06/06 01:00:00{2017/06/06 02:00:00{hmall{07{LG 울트라HD TV 60형(151cm)60UJ6640{['디지털/가전', '영상가전', 'TV', 'LEDTV']{2052318308{0018112052318308{http://image.hyundaihmall.com/static/3/8/31/52/2052318308_0_170.jpg{2,449,000{http://www.hyundaihmall.com/front/pda/itemPtc.do?slitmCd=2052318308
2017/06/06 01:00:00{2017/06/06 02:00:00{hmall{07{LG 울트라HD TV 55형(138cm) 55UJ6640{['디지털/가전', '영상가전', 'TV', 'LEDTV']{2052338337{0018112052338337{http://image.hyundaihmall.com/static/3/8/33/52/2052338337_0_170.jpg{1,920,000{http://www.hyundaihmall.com/front/pda/itemPtc.do?slitmCd=2052338337
2017/06/06 01:00:00{2017/06/06 02:00:00{hmall{07{LG 울트라HD TV 43형(107cm) 43UJ6640{['디지털/가전', '영상가전', 'TV', 'LEDTV']{2052338824{0018112052338824{http://image.hyundaihmall.com/static/8/8/33/52/2052338824_0_170.jpg{1,189,000{http://www.hyundaihmall.com/front/pda/itemPtc.do?slitmCd=2052338824
2017/06/06 02:00:00{2017/06/06 06:15:00{hmall{07{바비존스 남성 summer 마스터즈 에디션 4종(썸머골프셔츠 3종 + 4way 쿨썸머재킷){['스포츠/레저', '골프', '골프의류', '티셔츠']{2050463391{0018112050463391{http://image.hyundaihmall.com/static/3/3/46/50/2050463391_0_170.jpg{89,000{http://www.hyundaihmall.com/front/pda/itemPtc.do?slitmCd=2050463391
2017/06/06 02:00:00{2017/06/06 06:15:00{hmall{07{바비존스 여성 summer 마스터즈 에디션 4종(썸머골프셔츠 3종 + 4way쿨썸머재킷){['스포츠/레저', '골프', '골프의류', '티셔츠']{2050463564{0018112050463564{http://image.hyundaihmall.com/static/5/3/46/50/2050463564_0_170.jpg{89,000{http://www.hyundaihmall.com/front/pda/itemPtc.do?slitmCd=2050463564
2017/06/06 02:00:00{2017/06/06 06:15:00{hmall{07{뷔아르네 남성 라이트 스트레치 쿨링 팬츠 3종{['스포츠/레저', '골프', '골프의류', '바지']{2050714117{0018112050714117{http://image.hyundaihmall.com/static/1/4/71/50/2050714117_0_170.jpg{39,900{http://www.hyundaihmall.com/front/pda/itemPtc.do?slitmCd=2050714117
2017/06/06 02:00:00{2017/06/06 06:15:00{hmall{07{뷔아르네 여성 라이트 스트레치 쿨링 팬츠 3종{['패션의류', '여성의류', '바지']{2050714151{0018112050714151{http://image.hyundaihmall.com/static/1/4/71/50/2050714151_0_170.jpg{39,900{http://www.hyundaihmall.com/front/pda/itemPtc.do?slitmCd=2050714151
2017/06/06 02:00:00{2017/06/06 06:15:00{hmall{07{히노끼 풋스파 프로그램 by 써메딕{['화장품/미용', '바디케어', '풋케어']{2051000677{0018112051000677{http://image.hyundaihmall.com/static/6/0/00/51/2051000677_0_170.jpg{69,900{http://www.hyundaihmall.com/front/pda/itemPtc.do?slitmCd=2051000677
2017/06/06 02:00:00{2017/06/06 06:15:00{hmall{07{(직)세신퀸센스 S-master 스텐프라이팬 세트{['생활/건강', '주방용품', '프라이팬', '프라이팬세트']{2042976522{0018112042976522{http://image.hyundaihmall.com/static/5/6/97/42/2042976522_0_170.jpg{149,000{http://www.hyundaihmall.com/front/pda/itemPtc.do?slitmCd=2042976522
2017/06/06 02:00:00{2017/06/06 06:15:00{hmall{07{푸마 남성 양말 12종 세트{['패션잡화', '양말', '남성양말', '중목/장목양말']{2044070461{0018112044070461{http://image.hyundaihmall.com/static/4/0/07/44/2044070461_0_170.jpg{39,900{http://www.hyundaihmall.com/front/pda/itemPtc.do?slitmCd=2044070461
2017/06/06 02:00:00{2017/06/06 06:15:00{hmall{07{푸마 여성 양말 12종 세트{['패션잡화', '양말', '여성양말', '중목/장목양말']{2044070552{0018112044070552{http://image.hyundaihmall.com/static/5/0/07/44/2044070552_0_170.jpg{39,900{http://www.hyundaihmall.com/front/pda/itemPtc.do?slitmCd=2044070552
2017/06/06 02:00:00{2017/06/06 06:15:00{hmall{07{좋은사람들 BG보디가드 에어로쿨 유포켓 드로즈 패키지 17년형{['패션의류', '남성언더웨어/잠옷', '팬티']{2052088295{0018112052088295{http://image.hyundaihmall.com/static/2/8/08/52/2052088295_0_170.jpg{79,900{http://www.hyundaihmall.com/front/pda/itemPtc.do?slitmCd=2052088295
2017/06/06 02:00:00{2017/06/06 06:15:00{hmall{07{좋은사람들 BG보디가드 데일리 면트렁크 패키지 17년형{['패션의류', '남성언더웨어/잠옷', '팬티']{2048343153{0018112048343153{http://image.hyundaihmall.com/static/1/3/34/48/2048343153_0_170.jpg{79,900{http://www.hyundaihmall.com/front/pda/itemPtc.do?slitmCd=2048343153
2017/06/06 02:00:00{2017/06/06 06:15:00{hmall{07{좋은사람들 BG보디가드 에어로쿨 머슬런닝 패키지{['패션의류', '남성언더웨어/잠옷', '러닝']{2048343600{0018112048343600{http://image.hyundaihmall.com/static/6/3/34/48/2048343600_0_170.jpg{79,900{http://www.hyundaihmall.com/front/pda/itemPtc.do?slitmCd=2048343600
2017/06/06 02:00:00{2017/06/06 06:15:00{hmall{07{DPC 핑크 아우라 쿠션 세트{['가구/인테리어', '홈데코', '쿠션/방석', '대쿠션/대방석']{2049650406{0018112049650406{http://image.hyundaihmall.com/static/4/0/65/49/2049650406_0_170.jpg{79,000{http://www.hyundaihmall.com/front/pda/itemPtc.do?slitmCd=2049650406
2017/06/06 02:00:00{2017/06/06 06:15:00{hmall{07{DPC 핑크 아우라 쿠션 본품15g{['화장품/미용', '베이스메이크업', '파우더', '팩트파우더']{2049652413{0018112049652413{http://image.hyundaihmall.com/static/4/2/65/49/2049652413_0_170.jpg{38,000{http://www.hyundaihmall.com/front/pda/itemPtc.do?slitmCd=2049652413
2017/06/06 02:00:00{2017/06/06 06:15:00{hmall{07{DPC 핑크 아우라 쿠션 리필15g{['화장품/미용', '베이스메이크업', '파운데이션']{2049721075{0018112049721075{http://image.hyundaihmall.com/static/0/1/72/49/2049721075_0_170.jpg{18,000{http://www.hyundaihmall.com/front/pda/itemPtc.do?slitmCd=2049721075
2017/06/06 00:10:00{2017/06/06 00:50:00{hnsmall{07{[렌탈] 누리아이 안구건조증치료의료기기(1705){  {12684756{00361112684756{http://image.hnsmall.com/images/goods/756/12684756_g.jpg{0{http://www.hnsmall.com/display/goods.do?goods_code=12684756
2017/06/06 00:50:00{2017/06/06 01:30:00{hnsmall{07{[에꼴드파리] 시그니쳐 썸머 쉬폰 블라우스 4종{['패션의류', '여성의류', '블라우스/셔츠']{12721082{00361112721082{http://image.hnsmall.com/images/goods/082/12721082_g.jpg{69,900{http://www.hnsmall.com/display/goods.do?goods_code=12721082
2017/06/06 01:30:00{2017/06/06 02:10:00{hnsmall{07{Milano#41 레깅스팬츠 패키지 1차(3종){['패션의류', '여성의류', '레깅스']{12574896{00361112574896{http://image.hnsmall.com/images/goods/896/12574896_g.jpg{69,900{http://www.hnsmall.com/display/goods.do?goods_code=12574896
2017/06/06 01:30:00{2017/06/06 02:10:00{hnsmall{07{Milano#41 압박스타킹 패키지 1차(8종){['패션잡화', '패션소품', '스타킹', '압박보정스타킹']{12687613{00361112687613{http://image.hnsmall.com/images/goods/613/12687613_g.jpg{79,900{http://www.hnsmall.com/display/goods.do?goods_code=12687613
2017/06/06 01:30:00{2017/06/06 02:10:00{hnsmall{07{Milano#41 레깅스팬츠 패키지 1차(1종){['패션의류', '여성언더웨어/잠옷', '잠옷/홈웨어']{12574899{00361112574899{http://image.hnsmall.com/images/goods/899/12574899_g.jpg{49,000{http://www.hnsmall.com/display/goods.do?goods_code=12574899
2017/06/06 02:10:00{2017/06/06 02:50:00{hnsmall{07{경남제약 레모나s산 총360포{['식품', '건강식품', '비타민제', '비타민C']{12636453{00361112636453{http://image.hnsmall.com/images/goods/453/12636453_g.jpg{49,800{http://www.hnsmall.com/display/goods.do?goods_code=12636453
2017/06/06 02:50:00{2017/06/06 03:30:00{hnsmall{07{[W.베일]17년 S/S 플로럴 셔츠블라우스 3종 컬렉션{['패션의류', '여성의류', '블라우스/셔츠']{12648128{00361112648128{http://image.hnsmall.com/images/goods/128/12648128_g.jpg{66,000{http://www.hnsmall.com/display/goods.do?goods_code=12648128
2017/06/06 03:30:00{2017/06/06 04:10:00{hnsmall{07{[엘리스까노] 양가죽 윙팁 슬립온{['패션잡화', '남성신발', '슬립온']{12682231{00361112682231{http://image.hnsmall.com/images/goods/231/12682231_g.jpg{44,000{http://www.hnsmall.com/display/goods.do?goods_code=12682231
2017/06/06 04:10:00{2017/06/06 04:50:00{hnsmall{07{대형120매(KF-94) 퓨어클린 황사마스크{['생활/건강', '건강관리용품', '먼지차단마스크']{12691488{00361112691488{http://image.hnsmall.com/images/goods/488/12691488_g.jpg{74,600{http://www.hnsmall.com/display/goods.do?goods_code=12691488
2017/06/06 04:10:00{2017/06/06 04:50:00{hnsmall{07{대형60매+소형60매(KF-94) 퓨어클린 황사마스크{['생활/건강', '건강관리용품', '먼지차단마스크']{12691533{00361112691533{http://image.hnsmall.com/images/goods/533/12691533_g.jpg{74,600{http://www.hnsmall.com/display/goods.do?goods_code=12691533
2017/06/06 04:10:00{2017/06/06 04:50:00{hnsmall{07{대형60매(KF-94) 퓨어클린 황사마스크{['생활/건강', '건강관리용품', '먼지차단마스크']{12691487{00361112691487{http://image.hnsmall.com/images/goods/487/12691487_g.jpg{39,900{http://www.hnsmall.com/display/goods.do?goods_code=12691487
2017/06/06 04:50:00{2017/06/06 05:30:00{hnsmall{07{[라마르뜨] 델라 펀칭 백팩 3종{['패션잡화', '남성가방', '백팩']{12712959{00361112712959{http://image.hnsmall.com/images/goods/959/12712959_g.jpg{77,000{http://www.hnsmall.com/display/goods.do?goods_code=12712959
2017/06/06 05:30:00{2017/06/06 06:10:00{hnsmall{07{카타 스텐 밀폐용기 대용량 18종 세트{['생활/건강', '주방용품', '보관/밀폐용기', '스텐용기']{12649811{00361112649811{http://image.hnsmall.com/images/goods/811/12649811_g.jpg{129,000{http://www.hnsmall.com/display/goods.do?goods_code=12649811
2017/06/06 05:30:00{2017/06/06 06:10:00{hnsmall{07{카타 스텐 밀폐용기 특대용량 14종세트{['생활/건강', '주방용품', '보관/밀폐용기', '스텐용기']{12649816{00361112649816{http://image.hnsmall.com/images/goods/816/12649816_g.jpg{129,000{http://www.hnsmall.com/display/goods.do?goods_code=12649816
2017/06/06 06:10:00{2017/06/06 06:50:00{hnsmall{07{(150P)홈파워 매직행거 플러스{['생활/건강', '청소용품', '기타청소용품']{12486327{00361112486327{http://image.hnsmall.com/images/goods/327/12486327_g.jpg{43,000{http://www.hnsmall.com/display/goods.do?goods_code=12486327
2017/06/06 06:10:00{2017/06/06 06:50:00{hnsmall{07{(75P)홈파워 매직행거 플러스{['생활/건강', '청소용품', '기타청소용품']{12487667{00361112487667{http://image.hnsmall.com/images/goods/667/12487667_g.jpg{33,000{http://www.hnsmall.com/display/goods.do?goods_code=12487667
2017/06/06 06:50:00{2017/06/06 07:30:00{hnsmall{07{2017년 최신형 더 강해진 New 엄마손크리너 풀세트{['생활/건강', '청소용품', '테이프클리너']{12596491{00361112596491{http://image.hnsmall.com/images/goods/491/12596491_g.jpg{39,800{http://www.hnsmall.com/display/goods.do?goods_code=12596491
2017/06/06 06:50:00{2017/06/06 07:30:00{hnsmall{07{New 엄마손크리너 1세트{['생활/건강', '청소용품']{12692767{00361112692767{http://image.hnsmall.com/images/goods/767/12692767_g.jpg{29,800{http://www.hnsmall.com/display/goods.do?goods_code=12692767
2017/06/06 07:30:00{2017/06/06 08:10:00{hnsmall{07{(퀸+슈퍼싱글)에어룸 에어리즘 인견 시어서커 메쉬 토퍼{['가구/인테리어', '침구단품', '패드', '싱글/슈퍼싱글패드']{12719957{00361112719957{http://image.hnsmall.com/images/goods/957/12719957_g.jpg{69,900{http://www.hnsmall.com/display/goods.do?goods_code=12719957
2017/06/06 07:30:00{2017/06/06 08:10:00{hnsmall{07{(슈퍼킹+슈퍼싱글)에어룸 에어리즘 인견 시어서커 메쉬 토퍼{['가구/인테리어', '침구단품', '패드', '싱글/슈퍼싱글패드']{12719986{00361112719986{http://image.hnsmall.com/images/goods/986/12719986_g.jpg{79,900{http://www.hnsmall.com/display/goods.do?goods_code=12719986
2017/06/06 07:30:00{2017/06/06 08:10:00{hnsmall{07{(슈퍼싱글+슈퍼싱글)에어룸 에어리즘 인견 시어서커 메쉬 토퍼{['가구/인테리어', '침구단품', '패드', '싱글/슈퍼싱글패드']{12719991{00361112719991{http://image.hnsmall.com/images/goods/991/12719991_g.jpg{59,900{http://www.hnsmall.com/display/goods.do?goods_code=12719991
2017/06/06 08:10:00{2017/06/06 08:50:00{hnsmall{07{테이크아웃 믹서, 로페 굿모닝 믹서기{['디지털/가전', '주방가전', '믹서기']{12647894{00361112647894{http://image.hnsmall.com/images/goods/894/12647894_g.jpg{59,800{http://www.hnsmall.com/display/goods.do?goods_code=12647894
2017/06/06 08:50:00{2017/06/06 09:30:00{hnsmall{07{[동성제약] 랑스맥스 기미크림 시즌2 최신상 패키지+12색 파렛트 추가{['화장품/미용', '스킨케어', '크림']{12725052{00361112725052{http://image.hnsmall.com/images/goods/052/12725052_g.jpg{79,900{http://www.hnsmall.com/display/goods.do?goods_code=12725052
2017/06/06 08:50:00{2017/06/06 09:30:00{hnsmall{07{[동성제약] 랑스맥스 기미크림 시즌2 재구매 패키지+12색 팔렛트 추가{['화장품/미용', '스킨케어', '화장품세트']{12725051{00361112725051{http://image.hnsmall.com/images/goods/051/12725051_g.jpg{119,900{http://www.hnsmall.com/display/goods.do?goods_code=12725051
2017/06/06 09:30:00{2017/06/06 10:10:00{hnsmall{07{[NEW 퍼실 컴플리트 솔루션] 정품 2.7리터 4병 + 1.8리터 4팩 + 프릴 2병 + 브레프 식스 이펙트 2병{  {12632785{00361112632785{http://image.hnsmall.com/images/goods/785/12632785_g.jpg{84,500{http://www.hnsmall.com/display/goods.do?goods_code=12632785
2017/06/06 09:30:00{2017/06/06 10:10:00{hnsmall{07{[퍼실 뉴 센서티브] 정품 1.35리터 무려 11병{  {12487230{00361112487230{http://image.hnsmall.com/images/goods/230/12487230_g.jpg{77,400{http://www.hnsmall.com/display/goods.do?goods_code=12487230
2017/06/06 10:10:00{2017/06/06 10:50:00{hnsmall{07{발렌티노루디 풍기인견 바람꽃 블라우스{['패션의류', '여성의류', '블라우스/셔츠']{12694703{00361112694703{http://image.hnsmall.com/images/goods/703/12694703_g.jpg{69,000{http://www.hnsmall.com/display/goods.do?goods_code=12694703
2017/06/06 10:50:00{2017/06/06 11:30:00{hnsmall{07{올가 플러스 선스틱 패키지{['화장품/미용', '선케어', '선밤']{12716824{00361112716824{http://image.hnsmall.com/images/goods/824/12716824_g.jpg{69,900{http://www.hnsmall.com/display/goods.do?goods_code=12716824
2017/06/06 10:50:00{2017/06/06 11:30:00{hnsmall{07{올가 플러스 선스틱 패키지{['화장품/미용', '선케어', '선밤']{12710610{00361112710610{http://image.hnsmall.com/images/goods/610/12710610_g.jpg{69,900{http://www.hnsmall.com/display/goods.do?goods_code=12710610
2017/06/06 11:30:00{2017/06/06 12:10:00{hnsmall{07{2017년 NEW 숀리 짐바이크{['스포츠/레저', '헬스', '헬스사이클']{12673031{00361112673031{http://image.hnsmall.com/images/goods/031/12673031_g.jpg{208,000{http://www.hnsmall.com/display/goods.do?goods_code=12673031
2017/06/06 12:10:00{2017/06/06 12:50:00{hnsmall{07{[퀸] 2017년형 NEW 스칸디나 에어볼륨 매트리스{['가구/인테리어', '침실가구', '매트리스', '퀸매트리스']{12663058{00361112663058{http://image.hnsmall.com/images/goods/058/12663058_g.jpg{129,800{http://www.hnsmall.com/display/goods.do?goods_code=12663058
2017/06/06 12:10:00{2017/06/06 12:50:00{hnsmall{07{[싱글] 2017년형 NEW 스칸디나 에어볼륨 매트리스{['가구/인테리어', '침실가구', '매트리스', '싱글매트리스']{12663059{00361112663059{http://image.hnsmall.com/images/goods/059/12663059_g.jpg{109,800{http://www.hnsmall.com/display/goods.do?goods_code=12663059
2017/06/06 12:10:00{2017/06/06 12:50:00{hnsmall{07{[퀸+싱글] 2017년형 NEW 스칸디나 에어볼륨 매트리스{['가구/인테리어', '침실가구', '매트리스', '퀸매트리스']{12663060{00361112663060{http://image.hnsmall.com/images/goods/060/12663060_g.jpg{229,000{http://www.hnsmall.com/display/goods.do?goods_code=12663060
2017/06/06 12:10:00{2017/06/06 12:50:00{hnsmall{07{[퀸+퀸] 2017년형 NEW 스칸디나 에어볼륨 매트리스{['가구/인테리어', '침실가구', '매트리스', '퀸매트리스']{12663061{00361112663061{http://image.hnsmall.com/images/goods/061/12663061_g.jpg{249,000{http://www.hnsmall.com/display/goods.do?goods_code=12663061
2017/06/06 12:10:00{2017/06/06 12:50:00{hnsmall{07{2017년형 NEW 스칸디나 에어볼륨 U자형 바디필로우 1세트{['생활/건강', '관상어용품']{12663062{00361112663062{http://image.hnsmall.com/images/goods/062/12663062_g.jpg{79,800{http://www.hnsmall.com/display/goods.do?goods_code=12663062
2017/06/06 12:50:00{2017/06/06 14:10:00{hnsmall{07{아디다스 드로즈패키지12차{  {12687726{00361112687726{http://image.hnsmall.com/images/goods/726/12687726_g.jpg{99,000{http://www.hnsmall.com/display/goods.do?goods_code=12687726
2017/06/06 12:50:00{2017/06/06 14:10:00{hnsmall{07{아디다스 트렁크패키지3차{['패션의류', '남성언더웨어/잠옷', '팬티']{12574934{00361112574934{http://image.hnsmall.com/images/goods/934/12574934_g.jpg{99,000{http://www.hnsmall.com/display/goods.do?goods_code=12574934
2017/06/06 12:50:00{2017/06/06 14:10:00{hnsmall{07{아디다스 런닝패키지1차{  {12704088{00361112704088{http://image.hnsmall.com/images/goods/088/12704088_g.jpg{99,000{http://www.hnsmall.com/display/goods.do?goods_code=12704088
2017/06/06 12:50:00{2017/06/06 14:10:00{hnsmall{07{아디다스 여성속옷 패키지7차{['패션의류', '여성언더웨어/잠옷', '브라팬티세트']{12719204{00361112719204{http://image.hnsmall.com/images/goods/204/12719204_g.jpg{169,000{http://www.hnsmall.com/display/goods.do?goods_code=12719204
2017/06/06 12:50:00{2017/06/06 14:10:00{hnsmall{07{아디다스 면트렁크패키지2차{  {12646939{00361112646939{http://image.hnsmall.com/images/goods/939/12646939_g.jpg{99,000{http://www.hnsmall.com/display/goods.do?goods_code=12646939
2017/06/06 12:50:00{2017/06/06 14:10:00{hnsmall{07{아디다스 드로즈1종(12차){['패션의류', '남성언더웨어/잠옷', '팬티']{12688645{00361112688645{http://image.hnsmall.com/images/goods/645/12688645_g.jpg{42,000{http://www.hnsmall.com/display/goods.do?goods_code=12688645
2017/06/06 12:50:00{2017/06/06 14:10:00{hnsmall{07{아디다스 트렁크1종(3차){['패션의류', '남성언더웨어/잠옷', '팬티']{12646692{00361112646692{http://image.hnsmall.com/images/goods/692/12646692_g.jpg{42,000{http://www.hnsmall.com/display/goods.do?goods_code=12646692
2017/06/06 12:50:00{2017/06/06 14:10:00{hnsmall{07{아디다스 런닝패키지1차(1종){  {12359511{00361112359511{http://image.hnsmall.com/images/goods/511/12359511_g.jpg{45,000{http://www.hnsmall.com/display/goods.do?goods_code=12359511
2017/06/06 12:50:00{2017/06/06 14:10:00{hnsmall{07{아디다스 여성속옷7차(1세트){['패션의류', '여성언더웨어/잠옷', '브라팬티세트']{12646884{00361112646884{http://image.hnsmall.com/images/goods/884/12646884_g.jpg{89,000{http://www.hnsmall.com/display/goods.do?goods_code=12646884
2017/06/06 12:50:00{2017/06/06 14:10:00{hnsmall{07{아디다스 여성속옷7차(adidas 스포츠브라){['패션의류', '여성언더웨어/잠옷', '브라']{12646931{00361112646931{http://image.hnsmall.com/images/goods/931/12646931_g.jpg{109,000{http://www.hnsmall.com/display/goods.do?goods_code=12646931
2017/06/06 14:10:00{2017/06/06 14:50:00{hnsmall{07{(성인120매) 지앤코스 KF94 황사방역마스크{['생활/건강', '건강관리용품', '먼지차단마스크']{12628786{00361112628786{http://image.hnsmall.com/images/goods/786/12628786_g.jpg{74,600{http://www.hnsmall.com/display/goods.do?goods_code=12628786
2017/06/06 14:10:00{2017/06/06 14:50:00{hnsmall{07{(성인60매) 지앤코스 KF94 황사방역마스크{['생활/건강', '건강관리용품', '먼지차단마스크']{12629299{00361112629299{http://image.hnsmall.com/images/goods/299/12629299_g.jpg{39,900{http://www.hnsmall.com/display/goods.do?goods_code=12629299
2017/06/06 14:10:00{2017/06/06 14:50:00{hnsmall{07{(성인30매+아동30매) 지앤코스 KF94 황사방역마스크{  {12629795{00361112629795{http://image.hnsmall.com/images/goods/795/12629795_g.jpg{39,900{http://www.hnsmall.com/display/goods.do?goods_code=12629795
2017/06/06 14:50:00{2017/06/06 15:30:00{hnsmall{07{[신일] 더쎈 에어쿨러 SIF-M800LY 냉풍기{['디지털/가전', '계절가전', '냉풍기', '일반용냉풍기']{12716845{00361112716845{http://image.hnsmall.com/images/goods/845/12716845_g.jpg{199,000{http://www.hnsmall.com/display/goods.do?goods_code=12716845
2017/06/06 15:30:00{2017/06/06 16:10:00{hnsmall{07{[농협]블랙라벨 세척사과 12kg(4kg x3박스){['식품', '농산물', '과일', '사과']{12530807{00361112530807{http://image.hnsmall.com/images/goods/807/12530807_g.jpg{59,900{http://www.hnsmall.com/display/goods.do?goods_code=12530807
2017/06/06 16:10:00{2017/06/06 16:50:00{hnsmall{07{[고래사 어묵] 고래바 6종 세트(24개){['식품', '냉동/간편조리식품', '어묵']{12692869{00361112692869{http://image.hnsmall.com/images/goods/869/12692869_g.jpg{43,900{http://www.hnsmall.com/display/goods.do?goods_code=12692869
2017/06/06 16:50:00{2017/06/06 17:30:00{hnsmall{07{주원산 훈제오리 싸먹는슬라이스 30팩 + 머스타드소스{  {12664619{00361112664619{http://image.hnsmall.com/images/goods/619/12664619_g.jpg{64,900{http://www.hnsmall.com/display/goods.do?goods_code=12664619
2017/06/06 16:50:00{2017/06/06 17:30:00{hnsmall{07{주원산 훈제오리 12팩 + 싸먹는슬라이스 10팩 + 머스타드소스{['식품', '축산', '축산가공식품', '오리훈제']{12665128{00361112665128{http://image.hnsmall.com/images/goods/128/12665128_g.jpg{64,900{http://www.hnsmall.com/display/goods.do?goods_code=12665128
2017/06/06 17:30:00{2017/06/06 18:30:00{hnsmall{07{덴마크 유산균 이야기 6병(12개월분){['식품', '다이어트식품', '유산균']{12435293{00361112435293{http://image.hnsmall.com/images/goods/293/12435293_g.jpg{198,000{http://www.hnsmall.com/display/goods.do?goods_code=12435293
2017/06/06 18:30:00{2017/06/06 19:30:00{hnsmall{07{백두산&대련 4박5일 6/13~30 (아시아나항공+6대특식, 민족의 영산, 백두산 천지의 감동여행){['여행/문화', '여행/항공권', '해외여행']{12723800{00361112723800{http://image.hnsmall.com/images/goods/800/12723800_g.jpg{499,000{http://www.hnsmall.com/display/goods.do?goods_code=12723800
2017/06/06 18:30:00{2017/06/06 19:30:00{hnsmall{07{백두산&대련 4박5일 7/1~20, 8/14~9/26 (아시아나항공+6대특식, 민족의 영산, 백두산 천지의 감동여행){['여행/문화', '여행/항공권', '해외여행']{12723801{00361112723801{http://image.hnsmall.com/images/goods/801/12723801_g.jpg{549,000{http://www.hnsmall.com/display/goods.do?goods_code=12723801
2017/06/06 18:30:00{2017/06/06 19:30:00{hnsmall{07{백두산&대련 4박5일 7/21~8/13 (아시아나항공+6대특식, 민족의 영산, 백두산 천지의 감동여행){['여행/문화', '여행/항공권', '해외여행']{12723802{00361112723802{http://image.hnsmall.com/images/goods/802/12723802_g.jpg{599,000{http://www.hnsmall.com/display/goods.do?goods_code=12723802
2017/06/06 19:30:00{2017/06/06 20:10:00{hnsmall{07{베리떼 크리스탈 커버 쿠션 세트{['화장품/미용', '베이스메이크업', '파운데이션', '쿠션형']{12723436{00361112723436{http://image.hnsmall.com/images/goods/436/12723436_g.jpg{80,000{http://www.hnsmall.com/display/goods.do?goods_code=12723436
2017/06/06 19:30:00{2017/06/06 20:10:00{hnsmall{07{베리떼 크리스탈 커버 쿠션{['화장품/미용', '베이스메이크업', '파운데이션', '쿠션형']{12702415{00361112702415{http://image.hnsmall.com/images/goods/415/12702415_g.jpg{40,000{http://www.hnsmall.com/display/goods.do?goods_code=12702415
2017/06/06 19:30:00{2017/06/06 20:10:00{hnsmall{07{베리떼 크리스탈 커버 쿠션 리필{['화장품/미용', '베이스메이크업', '파운데이션', '쿠션형']{12704408{00361112704408{http://image.hnsmall.com/images/goods/408/12704408_g.jpg{18,000{http://www.hnsmall.com/display/goods.do?goods_code=12704408
2017/06/06 20:10:00{2017/06/06 20:50:00{hnsmall{07{[홍진경김치] 포기 8kg + 총각 2kg,  총10kg{['식품', '김치', '포기김치']{12666751{00361112666751{http://image.hnsmall.com/images/goods/751/12666751_g.jpg{49,900{http://www.hnsmall.com/display/goods.do?goods_code=12666751
2017/06/06 20:10:00{2017/06/06 20:50:00{hnsmall{07{[홍진경] 더참기름 1 + 더들기름 1{['식품', '가공식품', '식용유/오일', '들기름']{12356553{00361112356553{http://image.hnsmall.com/images/goods/553/12356553_g.jpg{49,900{http://www.hnsmall.com/display/goods.do?goods_code=12356553
2017/06/06 20:50:00{2017/06/06 21:30:00{hnsmall{07{AHC 에센셜 내추럴 시트 마스크{['화장품/미용', '마스크/팩', '마스크시트']{12719835{00361112719835{http://image.hnsmall.com/images/goods/835/12719835_g.jpg{73,000{http://www.hnsmall.com/display/goods.do?goods_code=12719835
2017/06/06 21:30:00{2017/06/06 22:10:00{hnsmall{07{왁스(WOX) - 코튼 배쏙티(여성){['패션의류', '여성언더웨어/잠옷', '보정속옷', '기타보정속옷']{12573330{00361112573330{http://image.hnsmall.com/images/goods/330/12573330_g.jpg{89,000{http://www.hnsmall.com/display/goods.do?goods_code=12573330
2017/06/06 21:30:00{2017/06/06 22:10:00{hnsmall{07{왁스(WOX) - 코튼 배쏙티(남성){['패션의류', '남성언더웨어/잠옷', '보정속옷', '보정상의']{12573352{00361112573352{http://image.hnsmall.com/images/goods/352/12573352_g.jpg{89,000{http://www.hnsmall.com/display/goods.do?goods_code=12573352
2017/06/06 21:30:00{2017/06/06 22:10:00{hnsmall{07{왁스(WOX) - 반팔 배쏙티(여성){['패션의류', '여성언더웨어/잠옷', '러닝/캐미솔']{12648378{00361112648378{http://image.hnsmall.com/images/goods/378/12648378_g.jpg{89,000{http://www.hnsmall.com/display/goods.do?goods_code=12648378
2017/06/06 21:30:00{2017/06/06 22:10:00{hnsmall{07{[1종] 왁스(WOX) - 여성 코튼 배쏙티 택1(색상 4가지){['패션의류', '여성언더웨어/잠옷', '보정속옷', '기타보정속옷']{12592098{00361112592098{http://image.hnsmall.com/images/goods/098/12592098_g.jpg{45,000{http://www.hnsmall.com/display/goods.do?goods_code=12592098
2017/06/06 21:30:00{2017/06/06 22:10:00{hnsmall{07{[1종] 왁스(WOX) - 남성 코튼 배쏙티 택1(색상 4가지){['패션의류', '남성언더웨어/잠옷', '보정속옷', '보정상의']{12592149{00361112592149{http://image.hnsmall.com/images/goods/149/12592149_g.jpg{55,000{http://www.hnsmall.com/display/goods.do?goods_code=12592149
2017/06/06 21:30:00{2017/06/06 22:10:00{hnsmall{07{[1종] 왁스(WOX) - 여성 반팔 배쏙티 택1(색상 4가지){['패션의류', '여성언더웨어/잠옷', '러닝/캐미솔']{12648536{00361112648536{http://image.hnsmall.com/images/goods/536/12648536_g.jpg{45,000{http://www.hnsmall.com/display/goods.do?goods_code=12648536
2017/06/06 22:10:00{2017/06/06 23:10:00{hnsmall{07{[16+6형] 캐리어에어컨 제트Z 18단 고급형- 화이트{['디지털/가전', '계절가전', '에어컨', '스탠드형에어컨']{12695921{00361112695921{http://image.hnsmall.com/images/goods/921/12695921_g.jpg{2,099,000{http://www.hnsmall.com/display/goods.do?goods_code=12695921
2017/06/06 22:10:00{2017/06/06 23:10:00{hnsmall{07{[16형] 캐리어에어컨 제트Z 18단 고급형- 화이트{['디지털/가전', '계절가전', '에어컨', '스탠드형에어컨']{12695922{00361112695922{http://image.hnsmall.com/images/goods/922/12695922_g.jpg{1,799,000{http://www.hnsmall.com/display/goods.do?goods_code=12695922
2017/06/06 22:10:00{2017/06/06 23:10:00{hnsmall{07{[16+6형] 캐리어에어컨 제트Z 18단 고급형- 블랙티탄{['디지털/가전', '계절가전', '에어컨', '멀티형에어컨']{12695919{00361112695919{http://image.hnsmall.com/images/goods/919/12695919_g.jpg{2,099,000{http://www.hnsmall.com/display/goods.do?goods_code=12695919
2017/06/06 22:10:00{2017/06/06 23:10:00{hnsmall{07{[16형] 캐리어에어컨 제트Z 18단 고급형- 블랙티탄{['디지털/가전', '계절가전', '에어컨', '스탠드형에어컨']{12695920{00361112695920{http://image.hnsmall.com/images/goods/920/12695920_g.jpg{1,799,000{http://www.hnsmall.com/display/goods.do?goods_code=12695920
2017/06/06 22:10:00{2017/06/06 23:10:00{hnsmall{07{[16+6형]캐리어에어컨 제트Z 18단 일반형- 화이트{['디지털/가전', '계절가전', '에어컨', '스탠드형에어컨']{12695923{00361112695923{http://image.hnsmall.com/images/goods/923/12695923_g.jpg{1,839,000{http://www.hnsmall.com/display/goods.do?goods_code=12695923
2017/06/06 22:10:00{2017/06/06 23:10:00{hnsmall{07{[16형] 캐리어에어컨 제트Z 18단 일반형- 화이트{['디지털/가전', '계절가전', '에어컨', '스탠드형에어컨']{12695924{00361112695924{http://image.hnsmall.com/images/goods/924/12695924_g.jpg{1,539,000{http://www.hnsmall.com/display/goods.do?goods_code=12695924
2017/06/06 23:10:00{2017/06/06 00:10:00{hnsmall{07{폴리코사놀 총9개월 분 [특별 프로모션 일시불 15,000원]{  {12536118{00361112536118{http://image.hnsmall.com/images/goods/118/12536118_g.jpg{234,100{http://www.hnsmall.com/display/goods.do?goods_code=12536118
2017/06/06 01:00:00{2017/06/06 02:00:00{lotte{07{●●[파우더8,샴푸1]비어랩 맥주효모(파우더90g*8통+샴푸490ml*1통){['식품', '건강식품', '영양제', '효모']{12542047{00361112542047{http://image2.lotteimall.com/goods/47/20/54/12542047_H1.jpg{99,000원{http://www.lotteimall.com/goods/viewGoodsDetail.lotte?goods_no=12542047
2017/06/06 02:00:00{2017/06/06 03:00:00{lotte{07{[Cledbel] 끌레드벨 24K 황금 리프팅 마스크  프로그램 70ml×8 + 대용량 140ml + 기초 3종(세럼 30ml + 90ml + 크림 50ml) + 브러쉬{['화장품/미용', '마스크/팩', '워시오프팩']{12540200{00361112540200{http://image2.lotteimall.com/goods/00/02/54/12540200_H1.jpg{99,000원{http://www.lotteimall.com/goods/viewGoodsDetail.lotte?goods_no=12540200
2017/06/06 03:00:00{2017/06/06 04:00:00{lotte{07{[재방] 이브라 시스템 렌탈{  {12524889{00361112524889{http://image2.lotteimall.com/goods/89/48/52/12524889_H1.jpg{{http://www.lotteimall.com/goods/viewGoodsDetail.lotte?goods_no=12524889
2017/06/06 04:00:00{2017/06/06 04:30:00{lotte{07{{  {img{003611img{http://image2.lotteimall.com/goods///g/img_H1.jpg{{http://www.lotteimall.com/goods/viewGoodsDetail.lotte?goods_no=img
2017/06/06 04:30:00{2017/06/06 05:30:00{lotte{07{[마마인하우스by박홍근][K]울트라 라이트 나노플란넬 침구 풀세트{['생활/건강', '원예/식물', '보존화']{12536377{00361112536377{http://image2.lotteimall.com/goods/77/63/53/12536377_H1.jpg{109,900원{http://www.lotteimall.com/goods/viewGoodsDetail.lotte?goods_no=12536377
2017/06/06 05:30:00{2017/06/06 05:45:00{lotte{07{YETTS 예츠 컴포트 팬츠 3종{['패션의류', '여성의류', '바지']{12536693{00361112536693{http://image2.lotteimall.com/goods/93/66/53/12536693_H1.jpg{39,000원{http://www.lotteimall.com/goods/viewGoodsDetail.lotte?goods_no=12536693
2017/06/06 05:45:00{2017/06/06 06:15:00{lotte{07{[RYAN NEWYORK] 리안뉴욕 코튼 100 야상자켓 2종{['패션의류', '여성의류', '재킷']{12533975{00361112533975{http://image2.lotteimall.com/goods/75/39/53/12533975_H1.jpg{59,000원{http://www.lotteimall.com/goods/viewGoodsDetail.lotte?goods_no=12533975
2017/06/06 06:15:00{2017/06/06 07:15:00{lotte{07{[약 12개월분]100 핀란드 자일리톨 CRYSTAL(100g*5통+2g*30포*3케이스, 총 680g){['식품', '과자', '껌']{12531480{00361112531480{http://image2.lotteimall.com/goods/80/14/53/12531480_H1.jpg{99,000원{http://www.lotteimall.com/goods/viewGoodsDetail.lotte?goods_no=12531480
2017/06/06 07:15:00{2017/06/06 08:15:00{lotte{07{[푸마][남성] 17 썸머 드라이맥스 셔츠 컬렉션{['패션의류', '남성의류', '티셔츠']{12539305{00361112539305{http://image2.lotteimall.com/goods/05/93/53/12539305_H1.jpg{79,000원{http://www.lotteimall.com/goods/viewGoodsDetail.lotte?goods_no=12539305
2017/06/06 08:15:00{2017/06/06 09:25:00{lotte{07{[이지듀] 2017 최신상 대웅 EGF 크림 (50ml×3+15ml×3) + 토너(210ml) + 선크림(60ml) + [무료체험] 크림(2ml){['화장품/미용', '스킨케어', '크림']{12542095{00361112542095{http://image2.lotteimall.com/goods/95/20/54/12542095_H1.jpg{79,000원{http://www.lotteimall.com/goods/viewGoodsDetail.lotte?goods_no=12542095
2017/06/06 09:25:00{2017/06/06 10:28:00{lotte{07{[메탈티타늄 18+6] 삼성 무풍에어컨 메탈티타늄 홈멀티 58.5㎡ + 18.7㎡{['디지털/가전', '계절가전', '에어컨', '멀티형에어컨']{12541682{00361112541682{http://image2.lotteimall.com/goods/82/16/54/12541682_H1.jpg{2,999,000원{http://www.lotteimall.com/goods/viewGoodsDetail.lotte?goods_no=12541682
2017/06/06 10:28:00{2017/06/06 11:31:00{lotte{07{[GEORGES RECH] 조르쥬 레쉬 2피스 + 원피스{['패션의류', '여성의류', '원피스']{12539060{00361112539060{http://image2.lotteimall.com/goods/60/90/53/12539060_H1.jpg{119,000원{http://www.lotteimall.com/goods/viewGoodsDetail.lotte?goods_no=12539060
2017/06/06 11:31:00{2017/06/06 12:40:00{lotte{07{오브엠 투웨이 헤븐 샌들{['패션잡화', '여성신발', '샌들', '스트랩샌들']{12539417{00361112539417{http://image2.lotteimall.com/goods/17/94/53/12539417_H1.jpg{79,000원{http://www.lotteimall.com/goods/viewGoodsDetail.lotte?goods_no=12539417
2017/06/06 12:40:00{2017/06/06 13:40:00{lotte{07{에이스화재 나만의 맞춤 암보험(일반){  {12536047{00361112536047{http://image2.lotteimall.com/goods/47/60/53/12536047_H1.jpg{{http://www.lotteimall.com/goods/viewGoodsDetail.lotte?goods_no=12536047
2017/06/06 13:40:00{2017/06/06 14:42:00{lotte{07{[엘지생활건강] 수려한 효윤 기초세트 여름특화 스페셜 패키지{['화장품/미용', '스킨케어', '화장품세트']{12542094{00361112542094{http://image2.lotteimall.com/goods/94/20/54/12542094_H1.jpg{128,000원{http://www.lotteimall.com/goods/viewGoodsDetail.lotte?goods_no=12542094
2017/06/06 14:42:00{2017/06/06 15:40:00{lotte{07{[마마인하우스by박홍근][K] 트리플 아이스 워싱 인견 침구 풀세트{  {12541425{00361112541425{http://image2.lotteimall.com/goods/25/14/54/12541425_H1.jpg{149,000원{http://www.lotteimall.com/goods/viewGoodsDetail.lotte?goods_no=12541425
2017/06/06 15:40:00{2017/06/06 16:40:00{lotte{07{루헨스 정수기 렌탈{['디지털/가전', '주방가전', '정수기', '냉온정수기']{12541986{00361112541986{http://image2.lotteimall.com/goods/86/19/54/12541986_H1.jpg{{http://www.lotteimall.com/goods/viewGoodsDetail.lotte?goods_no=12541986
2017/06/06 16:40:00{2017/06/06 17:40:00{lotte{07{라이나생명 THE건강한치아보험4(프리미엄)(일반){  {12540551{00361112540551{http://image2.lotteimall.com/goods/51/05/54/12540551_H1.jpg{{http://www.lotteimall.com/goods/viewGoodsDetail.lotte?goods_no=12540551
2017/06/06 17:40:00{2017/06/06 18:40:00{lotte{07{[메탈골드 18+6] 삼성 무풍에어컨 메탈골드 홈멀티 58.5㎡ + 18.7㎡{['디지털/가전', '계절가전', '에어컨', '스탠드형에어컨']{12542179{00361112542179{http://image2.lotteimall.com/goods/79/21/54/12542179_H1.jpg{2,999,000원{http://www.lotteimall.com/goods/viewGoodsDetail.lotte?goods_no=12542179
2017/06/06 18:40:00{2017/06/06 19:40:00{lotte{07{[엘레강트 이녹스] 삼성 T9000 상냉장 하냉동 4도어 854L [RF85M9002S8]{['디지털/가전', '주방가전', '냉장고', '일반형냉장고']{12541727{00361112541727{http://image2.lotteimall.com/goods/27/17/54/12541727_H1.jpg{2,149,000원{http://www.lotteimall.com/goods/viewGoodsDetail.lotte?goods_no=12541727
2017/06/06 19:40:00{2017/06/06 20:40:00{lotte{07{W 정수기 / 탄산수기 렌탈{['디지털/가전', '주방가전', '정수기', '냉온정수기']{12520711{00361112520711{http://image2.lotteimall.com/goods/11/07/52/12520711_H1.jpg{{http://www.lotteimall.com/goods/viewGoodsDetail.lotte?goods_no=12520711
2017/06/06 20:40:00{2017/06/06 21:45:00{lotte{07{|아이에스동서| 이누스 바스 프리미엄 에디션(샤워 파티션형){['생활/건강', '욕실용품', '샤워기/수전용품', '세면기']{12537457{00361112537457{http://image2.lotteimall.com/goods/57/74/53/12537457_H1.jpg{2,990,000원{http://www.lotteimall.com/goods/viewGoodsDetail.lotte?goods_no=12537457
2017/06/06 21:45:00{2017/06/06 22:45:00{lotte{07{[울트라 브이] 롯데에서만!! 황금빛 이데베논 앰플 12병 + 스포이드 12개 + 기초 2종 스페셜 관리 패키지!!{['화장품/미용', '스킨케어', '에센스']{12540549{00361112540549{http://image2.lotteimall.com/goods/49/05/54/12540549_H1.jpg{126,000원{http://www.lotteimall.com/goods/viewGoodsDetail.lotte?goods_no=12540549
2017/06/06 22:45:00{2017/06/06 23:50:00{lotte{07{[메탈골드 18+6] 삼성 무풍에어컨 메탈골드 홈멀티 58.5㎡ + 18.7㎡ [AF18M7975GZRT]{['디지털/가전', '계절가전', '에어컨', '스탠드형에어컨']{12538563{00361112538563{http://image2.lotteimall.com/goods/63/85/53/12538563_H1.jpg{2,999,000원{http://www.lotteimall.com/goods/viewGoodsDetail.lotte?goods_no=12538563
2017/06/06 23:50:00{2017/06/06 01:00:00{lotte{07{심진화 다이어트 보이고 싶은 보이차 다이어트(700mg*56정*3박스, 총 12주분){['식품', '다이어트식품', '기타다이어트식품']{12535537{00361112535537{http://image2.lotteimall.com/goods/37/55/53/12535537_H1.jpg{168,000원{http://www.lotteimall.com/goods/viewGoodsDetail.lotte?goods_no=12535537
2017/06/06 21:31:00{2017/06/06 21:31:00{kshop{07{(TV) 삼성 갤럭시 노트5 (SM-N920K 64G)_KTCS{  {356749{003711356749{http://imgs.kshop.co.kr/goods/749/356749_g_20170420113609.jpg{0{http://www.kshop.co.kr/goods/356749
2017/06/06 21:31:00{2017/06/06 21:31:00{kshop{07{(TV) 삼성 갤럭시 A3 프라임 스마트폰 (SM-A310N0, 2016)_KTCS{  {356748{003711356748{http://imgs.kshop.co.kr/goods/748/356748_g_20170602165920.jpg{0{http://www.kshop.co.kr/goods/356748
2017/06/06 22:32:00{2017/06/06 22:32:00{kshop{07{(TV)코지마 안마의자 오딧세이_사은품 추가{['생활/건강', '안마용품', '안마의자']{351985{003711351985{http://imgs.kshop.co.kr/goods/985/351985_g_20170417184348.jpg{1970000{http://www.kshop.co.kr/goods/351985
2017/06/06 23:32:00{2017/06/06 23:32:00{kshop{07{(TV_기습) 꽃을든남자x토트넘홋스퍼 M파워 남성기초 2종세트 트리플구성 {  {354981{003711354981{http://imgs.kshop.co.kr/goods/981/354981_g_20170601144354.jpg{37900{http://www.kshop.co.kr/goods/354981
2017/06/06 23:52:00{2017/06/06 23:52:00{kshop{07{(TV_직매입) 터보 식스팩_50프로 할인{['스포츠/레저', '헬스', '복근운동기구']{345542{003711345542{http://imgs.kshop.co.kr/goods/542/345542_g_20170306132728.jpg{157000{http://www.kshop.co.kr/goods/345542
2017/06/06 23:52:00{2017/06/06 23:52:00{kshop{07{(TV) 롯데렌터카_신차장기 6월조건{  {356506{003711356506{http://imgs.kshop.co.kr/goods/506/356506_g_20170531102219.jpg{0{http://www.kshop.co.kr/goods/356506
2017/06/06 00:52:00{2017/06/06 00:52:00{kshop{07{(TV) ★여름에빛나는매력★ 북해도 4일_진에어_한진관광,레드캡투어{  {356874{003711356874{http://imgs.kshop.co.kr/goods/874/356874_g_20170602170026.jpg{0{http://www.kshop.co.kr/goods/356874
2017/06/06 01:52:00{2017/06/06 01:52:00{kshop{07{(TV_방송_직)몬스팀 고압 스팀청소기{['디지털/가전', '생활가전', '청소기', '업소용청소기']{354241{003711354241{http://imgs.kshop.co.kr/goods/241/354241_g_20170320142853.jpg{87000{http://www.kshop.co.kr/goods/354241
2017/06/06 02:52:00{2017/06/06 02:52:00{kshop{07{(직_리2)라텍스코 라텍스 실버트리Q세트{['가구/인테리어', '침실가구', '매트리스', '퀸매트리스']{335763{003711335763{http://imgs.kshop.co.kr/goods/763/335763_g_20160823174812.jpg{488000{http://www.kshop.co.kr/goods/335763
2017/06/06 02:52:00{2017/06/06 02:52:00{kshop{07{(직_리2)라텍스코 라텍스 실버트리K세트{['가구/인테리어', '침실가구', '매트리스', '퀸매트리스']{335762{003711335762{http://imgs.kshop.co.kr/goods/762/335762_g_20160823180200.jpg{548000{http://www.kshop.co.kr/goods/335762
2017/06/06 02:52:00{2017/06/06 02:52:00{kshop{07{(직_리2)라텍스코 라텍스 실버트리SS세트{['가구/인테리어', '침구세트', '이불베개세트', '슈퍼싱글이불베개세트']{335764{003711335764{http://imgs.kshop.co.kr/goods/764/335764_g_20160823181330.jpg{438000{http://www.kshop.co.kr/goods/335764
2017/06/06 03:54:00{2017/06/06 03:54:00{kshop{07{(TV) 종근당 락토핏 생유산균 골드{['식품', '다이어트식품', '유산균']{258426{003711258426{http://imgs.kshop.co.kr/goods/426/258426_g_20161013101100.jpg{87000{http://www.kshop.co.kr/goods/258426
2017/06/06 04:14:00{2017/06/06 04:14:00{kshop{07{(TV_직)이즈미 전기면도기_블루에디션+코털정리기{  {355884{003711355884{http://imgs.kshop.co.kr/goods/884/355884_g_20170602174911.jpg{97000{http://www.kshop.co.kr/goods/355884
2017/06/06 05:16:00{2017/06/06 05:16:00{kshop{07{프로스펙스 대박 드로즈 10종{['패션의류', '남성언더웨어/잠옷', '팬티']{346752{003711346752{http://imgs.kshop.co.kr/goods/752/346752_g_20170410163032.jpg{46900{http://www.kshop.co.kr/goods/346752
2017/06/06 05:16:00{2017/06/06 05:16:00{kshop{07{프로스펙스 대박 런닝 10종{['패션의류', '남성언더웨어/잠옷', '러닝']{346750{003711346750{http://imgs.kshop.co.kr/goods/750/346750_g_20170410162824.jpg{46900{http://www.kshop.co.kr/goods/346750
2017/06/06 05:16:00{2017/06/06 05:16:00{kshop{07{프로스펙스 대박 트렁크 10종{['패션의류', '남성언더웨어/잠옷', '팬티']{346751{003711346751{http://imgs.kshop.co.kr/goods/751/346751_g_20170410162854.jpg{46900{http://www.kshop.co.kr/goods/346751
2017/06/06 06:17:00{2017/06/06 06:17:00{kshop{07{파올로고메즈 남 에어니트슈즈{  {354602{003711354602{http://imgs.kshop.co.kr/goods/602/354602_g_20170522113942.jpg{37900{http://www.kshop.co.kr/goods/354602
2017/06/06 06:17:00{2017/06/06 06:17:00{kshop{07{파올로고메즈 여 에어니트슈즈{  {354601{003711354601{http://imgs.kshop.co.kr/goods/601/354601_g_20170522115725.jpg{37900{http://www.kshop.co.kr/goods/354601
2017/06/06 07:17:00{2017/06/06 07:17:00{kshop{07{뱅뱅 남성아웃도어팬츠 ver1_1만인하{['패션의류', '남성의류', '바지']{355619{003711355619{http://imgs.kshop.co.kr/goods/619/355619_g_20170524144006.jpg{56900{http://www.kshop.co.kr/goods/355619
2017/06/06 07:17:00{2017/06/06 07:17:00{kshop{07{뱅뱅 여성아웃도어팬츠 ver1_1만인하{['패션의류', '여성의류', '바지']{355620{003711355620{http://imgs.kshop.co.kr/goods/620/355620_g_20170524144131.jpg{56900{http://www.kshop.co.kr/goods/355620
2017/06/06 08:18:00{2017/06/06 08:18:00{kshop{07{빠올라로씨 플리츠 원피스 자켓 세트{['패션의류', '여성의류', '원피스']{354165{003711354165{http://imgs.kshop.co.kr/goods/165/354165_g_20170519161354.jpg{66000{http://www.kshop.co.kr/goods/354165
2017/06/06 09:19:00{2017/06/06 09:19:00{kshop{07{2017 풍기인견 남성 트렁크 5차{['패션의류', '남성언더웨어/잠옷', '팬티']{337939{003711337939{http://imgs.kshop.co.kr/goods/939/337939_g_20170428145452.jpg{66900{http://www.kshop.co.kr/goods/337939
2017/06/06 09:19:00{2017/06/06 09:19:00{kshop{07{2017 풍기인견 남성 런닝 5차{['패션의류', '남성언더웨어/잠옷', '러닝']{337937{003711337937{http://imgs.kshop.co.kr/goods/937/337937_g_20170428145355.jpg{66900{http://www.kshop.co.kr/goods/337937
2017/06/06 09:19:00{2017/06/06 09:19:00{kshop{07{2017 풍기인견 남성 드로즈 5차{['패션의류', '남성언더웨어/잠옷', '팬티']{337938{003711337938{http://imgs.kshop.co.kr/goods/938/337938_g_20170428145424.jpg{66900{http://www.kshop.co.kr/goods/337938
2017/06/06 10:20:00{2017/06/06 10:20:00{kshop{07{ACP 남성 썸머 데일리 진 3종{['패션의류', '남성의류', '청바지']{352975{003711352975{http://imgs.kshop.co.kr/goods/975/352975_g_20170515113440.jpg{66000{http://www.kshop.co.kr/goods/352975
2017/06/06 10:20:00{2017/06/06 10:20:00{kshop{07{ACP 여성 썸머 데일리 진 3종 {['패션의류', '여성의류', '청바지']{352976{003711352976{http://imgs.kshop.co.kr/goods/976/352976_g_20170515113604.jpg{66000{http://www.kshop.co.kr/goods/352976
2017/06/06 11:22:00{2017/06/06 11:22:00{kshop{07{(TV_방송)2017신일 파워 에어쿨러{['디지털/가전', '계절가전', '냉풍기', '일반용냉풍기']{351990{003711351990{http://imgs.kshop.co.kr/goods/990/351990_g_20170516163620.jpg{179000{http://www.kshop.co.kr/goods/351990
2017/06/06 12:22:00{2017/06/06 12:22:00{kshop{07{(TV_직) 스팀큐 더블액션 다리미_1만원할인{  {309253{003711309253{http://imgs.kshop.co.kr/goods/253/309253_g_20150921151209.jpg{57800{http://www.kshop.co.kr/goods/309253
2017/06/06 13:24:00{2017/06/06 13:24:00{kshop{07{(TV) ★여름에빛나는매력★ 북해도 4일_진에어_한진관광,레드캡투어{  {356874{003711356874{http://imgs.kshop.co.kr/goods/874/356874_g_20170602170026.jpg{0{http://www.kshop.co.kr/goods/356874
2017/06/06 14:25:00{2017/06/06 14:25:00{kshop{07{(TV)캐리어 에어로 18단 고급형 투인원 인버터 멀티 에어컨{['디지털/가전', '계절가전', '에어컨', '멀티형에어컨']{354163{003711354163{http://imgs.kshop.co.kr/goods/163/354163_g_20170517170447.jpg{2040000{http://www.kshop.co.kr/goods/354163
2017/06/06 14:25:00{2017/06/06 14:25:00{kshop{07{(TV)캐리어 에어로 18단 고급형 인버터 스탠드 에어컨{['디지털/가전', '계절가전', '에어컨', '스탠드형에어컨']{354164{003711354164{http://imgs.kshop.co.kr/goods/164/354164_g_20170517170619.jpg{1790000{http://www.kshop.co.kr/goods/354164
2017/06/06 15:25:00{2017/06/06 15:25:00{kshop{07{(TV)한스콜렉션 코튼자카드카페트 점보특대형 (특약){['가구/인테리어', '카페트/러그', '카페트', '면/극세사카페트']{344459{003711344459{http://imgs.kshop.co.kr/goods/459/344459_g_20170417174257.jpg{97000{http://www.kshop.co.kr/goods/344459
2017/06/06 15:25:00{2017/06/06 15:25:00{kshop{07{(TV)한스콜렉션 코튼자카드카페트 대형 (특약){['가구/인테리어', '카페트/러그', '카페트', '면/극세사카페트']{344460{003711344460{http://imgs.kshop.co.kr/goods/460/344460_g_20170417174436.jpg{77000{http://www.kshop.co.kr/goods/344460
2017/06/06 16:27:00{2017/06/06 16:27:00{kshop{07{(TV_방송) 자이글 스마일+사은품 3종{  {354162{003711354162{http://imgs.kshop.co.kr/goods/162/354162_g_20170302115051.jpg{187000{http://www.kshop.co.kr/goods/354162
2017/06/06 17:27:00{2017/06/06 17:27:00{kshop{07{(TV)삼성 T9000 푸드쇼케이스 양문형냉장고 846L_SALE{  {354698{003711354698{http://imgs.kshop.co.kr/goods/698/354698_g_20170515112625.jpg{2519000{http://www.kshop.co.kr/goods/354698
2017/06/06 18:28:00{2017/06/06 18:28:00{kshop{07{탈모닷컴 뉴프리미엄 신상 TS샴푸세트(무료체험 2매)_직{  {356475{003711356475{http://imgs.kshop.co.kr/goods/475/356475_g_20170602164840.jpg{57800{http://www.kshop.co.kr/goods/356475
2017/06/06 19:29:00{2017/06/06 19:29:00{kshop{07{(직매입)잭필드 여름 숨쉬는바지 3종{['패션의류', '남성의류', '바지']{354968{003711354968{http://imgs.kshop.co.kr/goods/968/354968_g_20170510181421.jpg{56800{http://www.kshop.co.kr/goods/354968
2017/06/06 20:30:00{2017/06/06 20:30:00{kshop{07{스위스밀리터리 고글+사은품{['스포츠/레저', '스포츠액세서리', '스포츠선글라스']{354570{003711354570{http://imgs.kshop.co.kr/goods/570/354570_g_20170526134222.jpg{77000{http://www.kshop.co.kr/goods/354570
