2017/06/19 01:00:00{2017/06/19 02:00:00{GS SHOP{8{07{파이널최저가>BREAL 썸머 블라우스 3종 (화이트+핑크+네이비){패션의류{여성의류{블라우스/셔츠{{25690522{00071125690522{http://image.gsshop.com/image/25/69/25690522_L1.jpg{69,000{http://with.gsshop.com/prd/prd.gs?prdid=25690522
2017/06/19 01:00:00{2017/06/19 02:00:00{GS SHOP{8{07{6/19 01시 5천+5천 할인>BREAL 보이프렌드핏 디스트로이드진 2종{  {{{{25147779{00071125147779{http://image.gsshop.com/image/25/14/25147779_L1.jpg{79,000{http://with.gsshop.com/prd/prd.gs?prdid=25147779
2017/06/19 02:00:00{2017/06/19 02:44:00{GS SHOP{8{07{'★2017'' 여름 최신상★SJ WANI 썸머 메모리재킷'{  {{{{25058623{00071125058623{http://image.gsshop.com/image/25/05/25058623_L1.jpg{69,000{http://with.gsshop.com/prd/prd.gs?prdid=25058623
2017/06/19 02:45:00{2017/06/19 03:45:00{GS SHOP{8{07{아이시스]블러쉬인견서커세트Q{가구/인테리어{침구세트{이불베개세트{더블/퀸이불베개세트{25936268{00071125936268{http://image.gsshop.com/image/25/93/25936268_L1.jpg{89,910{http://with.gsshop.com/prd/prd.gs?prdid=25936268
2017/06/19 02:45:00{2017/06/19 03:45:00{GS SHOP{8{07{아이시스]블러쉬인견서커세트K{가구/인테리어{침구세트{이불베개세트{{25936426{00071125936426{http://image.gsshop.com/image/25/93/25936426_L1.jpg{98,910{http://with.gsshop.com/prd/prd.gs?prdid=25936426
2017/06/19 02:45:00{2017/06/19 03:45:00{GS SHOP{8{07{아이시스]블러쉬인견서커세트SS{가구/인테리어{침구세트{이불베개세트{더블/퀸이불베개세트{25936534{00071125936534{http://image.gsshop.com/image/25/93/25936534_L1.jpg{80,910{http://with.gsshop.com/prd/prd.gs?prdid=25936534
2017/06/19 02:45:00{2017/06/19 03:45:00{GS SHOP{8{07{아이시스]블러쉬인견서커세트SK{가구/인테리어{침구세트{이불베개세트{더블/퀸이불베개세트{25936481{00071125936481{http://image.gsshop.com/image/25/93/25936481_L1.jpg{116,910{http://with.gsshop.com/prd/prd.gs?prdid=25936481
2017/06/19 03:55:00{2017/06/19 04:55:00{GS SHOP{8{07{[고트만]프리미엄 스텐밀폐용기 9종+9종{생활/건강{주방용품{보관/밀폐용기{스텐용기{24688598{00071124688598{http://image.gsshop.com/image/24/68/24688598_L1.jpg{139,000{http://with.gsshop.com/prd/prd.gs?prdid=24688598
2017/06/19 04:55:00{2017/06/19 05:30:00{GS SHOP{8{07{마리아꾸르끼 알토 블라우스2종{패션의류{여성의류{블라우스/셔츠{{25357881{00071125357881{http://image.gsshop.com/image/25/35/25357881_L1.jpg{79,200{http://with.gsshop.com/prd/prd.gs?prdid=25357881
2017/06/19 06:00:00{2017/06/19 07:15:00{GS SHOP{8{07{[팔레오] 비타민나무 열매 15통 세트(청정 티벳산){식품{건강식품{건강분말{{21186884{00071121186884{http://image.gsshop.com/image/21/18/21186884_L1.jpg{158,000{http://with.gsshop.com/prd/prd.gs?prdid=21186884
2017/06/19 07:15:00{2017/06/19 08:15:00{GS SHOP{8{07{[동양]암-실속암보험(2배체증형){  {{{{{000711{{{
2017/06/19 08:15:00{2017/06/19 09:25:00{GS SHOP{8{07{[하이퍼겔]더블세트+ 멀티베개1개+인견베개커버2개 더{  {{{{26246153{00071126246153{http://image.gsshop.com/image/26/24/26246153_L1.jpg{148,000{http://with.gsshop.com/prd/prd.gs?prdid=26246153
2017/06/19 08:15:00{2017/06/19 09:25:00{GS SHOP{8{07{★변정수베개★[하이퍼겔]베개1개{가구/인테리어{침구단품{베개{계절베개{25831447{00071125831447{http://image.gsshop.com/image/25/83/25831447_L1.jpg{98,000{http://with.gsshop.com/prd/prd.gs?prdid=25831447
2017/06/19 09:25:00{2017/06/19 10:25:00{GS SHOP{8{07{★역대최다구성★[메이뉴욕] 슈퍼 퓨어 클리어 선스틱{화장품/미용{선케어{선밤{{26275567{00071126275567{http://image.gsshop.com/image/26/27/26275567_L1.jpg{68,900{http://with.gsshop.com/prd/prd.gs?prdid=26275567
2017/06/19 10:25:00{2017/06/19 11:35:00{GS SHOP{8{07{★역대최저가 마지막생방송! 바이알러] 쿨 플리츠 차렵토퍼세트Q{  {{{{24857013{00071124857013{http://image.gsshop.com/image/24/85/24857013_L1.jpg{75,900{http://with.gsshop.com/prd/prd.gs?prdid=24857013
2017/06/19 10:25:00{2017/06/19 11:35:00{GS SHOP{8{07{역대최저가! [바이알러] 블루밍 쿨 플리츠 차렵토퍼세트 K{  {{{{24857951{00071124857951{http://image.gsshop.com/image/24/85/24857951_L1.jpg{95,900{http://with.gsshop.com/prd/prd.gs?prdid=24857951
2017/06/19 10:25:00{2017/06/19 11:35:00{GS SHOP{8{07{수량비상★ [바이알러]  블루밍 플리츠 차렵토퍼세트 SS{  {{{{24857954{00071124857954{http://image.gsshop.com/image/24/85/24857954_L1.jpg{65,900{http://with.gsshop.com/prd/prd.gs?prdid=24857954
2017/06/19 11:35:00{2017/06/19 12:40:00{GS SHOP{8{07{[종가집] 중부식 포기김치11kg+열무김치1kg{식품{김치{포기김치{{26244023{00071126244023{http://image.gsshop.com/image/26/24/26244023_L1.jpg{59,900{http://with.gsshop.com/prd/prd.gs?prdid=26244023
2017/06/19 11:35:00{2017/06/19 12:40:00{GS SHOP{8{07{[종가집] 전라도포기김치11kg+열무김치1kg{식품{김치{포기김치{{25508649{00071125508649{http://image.gsshop.com/image/25/50/25508649_L1.jpg{62,900{http://with.gsshop.com/prd/prd.gs?prdid=25508649
2017/06/19 12:40:00{2017/06/19 13:40:00{GS SHOP{8{07{[스칸디] 프리미엄 IH 프라이팬 세트{생활/건강{주방용품{프라이팬{프라이팬세트{25286446{00071125286446{http://image.gsshop.com/image/25/28/25286446_L1.jpg{119,000{http://with.gsshop.com/prd/prd.gs?prdid=25286446
2017/06/19 13:40:00{2017/06/19 14:40:00{GS SHOP{8{07{[17여름3만원↓]리차드차이 린넨100  티블라우스 3종{  {{{{25600203{00071125600203{http://image.gsshop.com/image/25/60/25600203_L1.jpg{49,000{http://with.gsshop.com/prd/prd.gs?prdid=25600203
2017/06/19 13:40:00{2017/06/19 14:40:00{GS SHOP{8{07{[ELLE] 17 S/S 프렌치 롤업 여성 하프데님 2종{패션의류{여성의류{청바지{{26083373{00071126083373{http://image.gsshop.com/image/26/08/26083373_L1.jpg{59,000{http://with.gsshop.com/prd/prd.gs?prdid=26083373
2017/06/19 14:40:00{2017/06/19 15:10:00{GS SHOP{8{07{[대한민국 명장] 장석준 프리미엄 명란 120g 10팩 (총 1.2kg){식품{농산물{채소{기타채소류{24053088{00071124053088{http://image.gsshop.com/image/24/05/24053088_L1.jpg{78,900{http://with.gsshop.com/prd/prd.gs?prdid=24053088
2017/06/19 15:10:00{2017/06/19 15:40:00{GS SHOP{8{07{[산지애]씻어나온 꿀사과 3박스 총 9kg(미시마) 사과주스9팩{식품{농산물{과일{사과{26216866{00071126216866{http://image.gsshop.com/image/26/21/26216866_L1.jpg{59,900{http://with.gsshop.com/prd/prd.gs?prdid=26216866
2017/06/19 15:40:00{2017/06/19 16:10:00{GS SHOP{8{07{★방송동일/초특가★ 주방,욕실,운동화 찌든때 모두 OK ![프로닥스] 멀티클리너 세트 (멀티클리너 4+기능성매직폼 4){  {{{{26215271{00071126215271{http://image.gsshop.com/image/26/21/26215271_L1.jpg{39,800{http://with.gsshop.com/prd/prd.gs?prdid=26215271
2017/06/19 16:10:00{2017/06/19 16:40:00{GS SHOP{8{07{★본품 무려 12개! 본품 최다 구성★[박보검 향기]LG퍼퓸드몽드 섬유유연제500ml*12, 40ml체험분*3{  {{{{26118125{00071126118125{http://image.gsshop.com/image/26/11/26118125_L1.jpg{78,800{http://with.gsshop.com/prd/prd.gs?prdid=26118125
2017/06/19 16:40:00{2017/06/19 17:40:00{GS SHOP{8{07{[자이글] 17년 최신상 자이글 스마일{디지털/가전{주방가전{전기그릴{{24684841{00071124684841{http://image.gsshop.com/image/24/68/24684841_L1.jpg{179,000{http://with.gsshop.com/prd/prd.gs?prdid=24684841
2017/06/19 17:40:00{2017/06/19 18:40:00{GS SHOP{8{07{쿠쿠 정수기 렌탈{디지털/가전{주방가전{정수기{냉온정수기{26003899{00071126003899{http://image.gsshop.com/image/26/00/26003899_L1.jpg{{http://with.gsshop.com/prd/prd.gs?prdid=26003899
2017/06/19 18:40:00{2017/06/19 19:35:00{GS SHOP{8{07{[동부]상해-참좋은상해보험{  {{{{{000711{{{
2017/06/19 19:35:00{2017/06/19 20:40:00{GS SHOP{8{07{★역대최대할인★ 한샘 뉴퍼스티지 전동 리클라이너 소파 6인용{가구/인테리어{거실가구{소파{리클라이너소파{26200050{00071126200050{http://image.gsshop.com/image/26/20/26200050_L1.jpg{1,729,130{http://with.gsshop.com/prd/prd.gs?prdid=26200050
2017/06/19 19:35:00{2017/06/19 20:40:00{GS SHOP{8{07{★역대최대할인★ 한샘 뉴 퍼스티지 전동 리클라이너 소파 4인용{가구/인테리어{거실가구{소파{리클라이너소파{26199578{00071126199578{http://image.gsshop.com/image/26/19/26199578_L1.jpg{1,468,130{http://with.gsshop.com/prd/prd.gs?prdid=26199578
2017/06/19 19:35:00{2017/06/19 20:40:00{GS SHOP{8{07{★역대최대할인★ 한샘 뉴 퍼스티지 전동 리클라이너 소파 3인용{가구/인테리어{거실가구{소파{리클라이너소파{26199971{00071126199971{http://image.gsshop.com/image/26/19/26199971_L1.jpg{1,207,130{http://with.gsshop.com/prd/prd.gs?prdid=26199971
2017/06/19 20:40:00{2017/06/19 21:40:00{GS SHOP{8{07{[라이나]치과-THE건강한치아보험{  {{{{{000711{{{
2017/06/19 21:40:00{2017/06/19 22:40:00{GS SHOP{8{07{라클라우드 라텍스 매트리스 상담예약{  {{{{25241259{00071125241259{http://image.gsshop.com/image/25/24/25241259_L1.jpg{{http://with.gsshop.com/prd/prd.gs?prdid=25241259
2017/06/19 22:40:00{2017/06/19 00:10:00{GS SHOP{8{07{[엘르]누보(Nouveau) 토트백 세트(2017 HIT 아이템){패션잡화{여성가방{토트백{{25248939{00071125248939{http://image.gsshop.com/image/25/24/25248939_L1.jpg{119,000{http://with.gsshop.com/prd/prd.gs?prdid=25248939
2017/06/19 22:40:00{2017/06/19 00:10:00{GS SHOP{8{07{17년 여름 최신상!Lapiaf 썸머 패키지 3pcs{  {{{{25629628{00071125629628{http://image.gsshop.com/image/25/62/25629628_L1.jpg{48,900{http://with.gsshop.com/prd/prd.gs?prdid=25629628
2017/06/19 06:15:00{2017/06/19 08:15:00{현대홈쇼핑{10{07{J by 라이트 메모리얼 썸머 자켓1종{패션의류{여성의류{재킷{{2047781110{0018112047781110{http://image.hyundaihmall.com/static/1/1/78/47/2047781110_0_170.jpg{79,000{http://www.hyundaihmall.com/front/pda/itemPtc.do?slitmCd=2047781110
2017/06/19 06:15:00{2017/06/19 08:15:00{현대홈쇼핑{10{07{J by 아사 코튼 씨엘셔츠4종{패션의류{여성의류{블라우스/셔츠{{2047780849{0018112047780849{http://image.hyundaihmall.com/static/8/0/78/47/2047780849_0_170.jpg{69,000{http://www.hyundaihmall.com/front/pda/itemPtc.do?slitmCd=2047780849
2017/06/19 06:15:00{2017/06/19 08:15:00{현대홈쇼핑{10{07{예쎄(YESSE) 내츄럴 린넨 블렌디드 자켓{패션의류{여성의류{재킷{{2053373873{0018112053373873{http://image.hyundaihmall.com/static/8/3/37/53/2053373873_0_170.jpg{49,900{http://www.hyundaihmall.com/front/pda/itemPtc.do?slitmCd=2053373873
2017/06/19 06:15:00{2017/06/19 08:15:00{현대홈쇼핑{10{07{예쎄(YESSE) 쿨 썸머 블라우스 4종{패션의류{여성의류{블라우스/셔츠{{2053372268{0018112053372268{http://image.hyundaihmall.com/static/2/2/37/53/2053372268_0_170.jpg{69,900{http://www.hyundaihmall.com/front/pda/itemPtc.do?slitmCd=2053372268
2017/06/19 08:15:00{2017/06/19 09:22:00{현대홈쇼핑{10{07{(미리주문)브라질너트 10봉{식품{농산물{견과류{기타견과류{2049371671{0018112049371671{http://image.hyundaihmall.com/static/6/1/37/49/2049371671_0_170.jpg{79,000{http://www.hyundaihmall.com/front/pda/itemPtc.do?slitmCd=2049371671
2017/06/19 08:15:00{2017/06/19 09:22:00{현대홈쇼핑{10{07{(미리주문)브라질너트 20봉{식품{농산물{견과류{기타견과류{2049371809{0018112049371809{http://image.hyundaihmall.com/static/8/1/37/49/2049371809_0_170.jpg{139,000{http://www.hyundaihmall.com/front/pda/itemPtc.do?slitmCd=2049371809
2017/06/19 08:15:00{2017/06/19 09:22:00{현대홈쇼핑{10{07{새초로미쌀{  {{{{2047702010{0018112047702010{http://image.hyundaihmall.com/static/0/2/70/47/2047702010_0_170.jpg{33,900{http://www.hyundaihmall.com/front/pda/itemPtc.do?slitmCd=2047702010
2017/06/19 09:22:00{2017/06/19 10:25:00{현대홈쇼핑{10{07{수려한 항노화 앰플 최대용량 구성{화장품/미용{스킨케어{화장품세트{{2053282606{0018112053282606{http://image.hyundaihmall.com/static/6/2/28/53/2053282606_0_170.jpg{138,000{http://www.hyundaihmall.com/front/pda/itemPtc.do?slitmCd=2053282606
2017/06/19 10:25:00{2017/06/19 11:40:00{현대홈쇼핑{10{07{[미리주문]슬림엣지 애프터슬림(풋사과다이어트){식품{다이어트식품{기타다이어트식품{{2050715986{0018112050715986{http://image.hyundaihmall.com/static/9/5/71/50/2050715986_0_170.jpg{158,000{http://www.hyundaihmall.com/front/pda/itemPtc.do?slitmCd=2050715986
2017/06/19 10:25:00{2017/06/19 11:40:00{현대홈쇼핑{10{07{[단품]애프터슬림 풋사과 다이어트{식품{다이어트식품{기타다이어트식품{{2047868962{0018112047868962{http://image.hyundaihmall.com/static/9/8/86/47/2047868962_0_170.jpg{128,000{http://www.hyundaihmall.com/front/pda/itemPtc.do?slitmCd=2047868962
2017/06/19 11:40:00{2017/06/19 12:40:00{현대홈쇼핑{10{07{맥포머스 브레인마스터 세트{출산/육아{완구/매트{블록{자석블록{2050278349{0018112050278349{http://image.hyundaihmall.com/static/3/8/27/50/2050278349_0_170.jpg{369,000{http://www.hyundaihmall.com/front/pda/itemPtc.do?slitmCd=2050278349
2017/06/19 12:40:00{2017/06/19 13:40:00{현대홈쇼핑{10{07{알집매트 실리온 280XG 실버그레이 1+1{가구/인테리어{카페트/러그{발매트{{2046436062{0018112046436062{http://image.hyundaihmall.com/static/0/6/43/46/2046436062_0_170.jpg{419,000{http://www.hyundaihmall.com/front/pda/itemPtc.do?slitmCd=2046436062
2017/06/19 12:40:00{2017/06/19 13:40:00{현대홈쇼핑{10{07{알집매트 실리온 280XG 스카이블루 1+1{가구/인테리어{카페트/러그{{{2046436033{0018112046436033{http://image.hyundaihmall.com/static/0/6/43/46/2046436033_0_170.jpg{419,000{http://www.hyundaihmall.com/front/pda/itemPtc.do?slitmCd=2046436033
2017/06/19 12:40:00{2017/06/19 13:40:00{현대홈쇼핑{10{07{알집매트 실리온 280XG 코랄핑크 1+1{출산/육아{완구/매트{놀이방매트{{2046437929{0018112046437929{http://image.hyundaihmall.com/static/9/7/43/46/2046437929_0_170.jpg{419,000{http://www.hyundaihmall.com/front/pda/itemPtc.do?slitmCd=2046437929
2017/06/19 12:40:00{2017/06/19 13:40:00{현대홈쇼핑{10{07{알집매트 실리온 280XG 올리브그린 1+1{가구/인테리어{카페트/러그{발매트{{2046437897{0018112046437897{http://image.hyundaihmall.com/static/8/7/43/46/2046437897_0_170.jpg{419,000{http://www.hyundaihmall.com/front/pda/itemPtc.do?slitmCd=2046437897
2017/06/19 12:40:00{2017/06/19 13:40:00{현대홈쇼핑{10{07{알집매트 실리온 220G플러스 실버그레이 1+1{가구/인테리어{카페트/러그{발매트{{2044378405{0018112044378405{http://image.hyundaihmall.com/static/4/8/37/44/2044378405_0_170.jpg{338,000{http://www.hyundaihmall.com/front/pda/itemPtc.do?slitmCd=2044378405
2017/06/19 12:40:00{2017/06/19 13:40:00{현대홈쇼핑{10{07{알집매트 실리온 220G플러스 스카이블루 1+1{출산/육아{완구/매트{놀이방매트{{2044378226{0018112044378226{http://image.hyundaihmall.com/static/2/8/37/44/2044378226_0_170.jpg{338,000{http://www.hyundaihmall.com/front/pda/itemPtc.do?slitmCd=2044378226
2017/06/19 12:40:00{2017/06/19 13:40:00{현대홈쇼핑{10{07{알집매트 실리온 220G플러스 코랄핑크 1+1{출산/육아{완구/매트{놀이방매트{{2044393435{0018112044393435{http://image.hyundaihmall.com/static/4/3/39/44/2044393435_0_170.jpg{338,000{http://www.hyundaihmall.com/front/pda/itemPtc.do?slitmCd=2044393435
2017/06/19 12:40:00{2017/06/19 13:40:00{현대홈쇼핑{10{07{알집매트 실리온 220G플러스 올리브그린 1+1{출산/육아{완구/매트{놀이방매트{{2044393187{0018112044393187{http://image.hyundaihmall.com/static/1/3/39/44/2044393187_0_170.jpg{338,000{http://www.hyundaihmall.com/front/pda/itemPtc.do?slitmCd=2044393187
2017/06/19 12:40:00{2017/06/19 13:40:00{현대홈쇼핑{10{07{[단품]알집매트 실리온 220G플러스 1개{출산/육아{완구/매트{놀이방매트{{2044393890{0018112044393890{http://image.hyundaihmall.com/static/8/3/39/44/2044393890_0_170.jpg{189,000{http://www.hyundaihmall.com/front/pda/itemPtc.do?slitmCd=2044393890
2017/06/19 12:40:00{2017/06/19 13:40:00{현대홈쇼핑{10{07{[단품]알집매트 실리온 280XG 1개{출산/육아{완구/매트{놀이방매트{{2046437964{0018112046437964{http://image.hyundaihmall.com/static/9/7/43/46/2046437964_0_170.jpg{229,000{http://www.hyundaihmall.com/front/pda/itemPtc.do?slitmCd=2046437964
2017/06/19 13:40:00{2017/06/19 14:45:00{현대홈쇼핑{10{07{닥터포헤어 폴리젠 인텐스 샴푸 패키지{화장품/미용{헤어케어{샴푸{{2053325113{0018112053325113{http://image.hyundaihmall.com/static/1/5/32/53/2053325113_0_170.jpg{79,800{http://www.hyundaihmall.com/front/pda/itemPtc.do?slitmCd=2053325113
2017/06/19 14:45:00{2017/06/19 15:35:00{현대홈쇼핑{10{07{래쉬톡(lashtoc) 속눈썹 방송패키지{화장품/미용{뷰티소품{아이소품{속눈썹{2053192509{0018112053192509{http://image.hyundaihmall.com/static/5/2/19/53/2053192509_0_170.jpg{69,900{http://www.hyundaihmall.com/front/pda/itemPtc.do?slitmCd=2053192509
2017/06/19 15:35:00{2017/06/19 16:40:00{현대홈쇼핑{10{07{에이스 이목구비 보장보험{  {{{{2051286098{0018112051286098{http://image.hyundaihmall.com/static/0/6/28/51/2051286098_0_170.jpg{{http://www.hyundaihmall.com/front/pda/itemPtc.do?slitmCd=2051286098
2017/06/19 16:40:00{2017/06/19 17:40:00{현대홈쇼핑{10{07{[렌탈]교원 웰스 tt 헬스 정수기{디지털/가전{주방가전{정수기{정수기필터{2050533602{0018112050533602{http://image.hyundaihmall.com/static/6/3/53/50/2050533602_0_170.jpg{{http://www.hyundaihmall.com/front/pda/itemPtc.do?slitmCd=2050533602
2017/06/19 17:40:00{2017/06/19 18:40:00{현대홈쇼핑{10{07{한복선 양념 갈비살{식품{축산{축산가공식품{쇠고기양념육{2053309056{0018112053309056{http://image.hyundaihmall.com/static/0/9/30/53/2053309056_0_170.jpg{59,900{http://www.hyundaihmall.com/front/pda/itemPtc.do?slitmCd=2053309056
2017/06/19 18:40:00{2017/06/19 19:35:00{현대홈쇼핑{10{07{아이오페 에어쿠션에센스커버{화장품/미용{베이스메이크업{파운데이션{쿠션형{2052865345{0018112052865345{http://image.hyundaihmall.com/static/3/5/86/52/2052865345_0_170.jpg{84,000{http://www.hyundaihmall.com/front/pda/itemPtc.do?slitmCd=2052865345
2017/06/19 19:35:00{2017/06/19 21:45:00{현대홈쇼핑{10{07{필립스 Shaver series 7000 S7530/43{디지털/가전{이미용가전{면도기{남성용면도기{2038898425{0018112038898425{http://image.hyundaihmall.com/static/4/8/89/38/2038898425_0_170.jpg{199,200{http://www.hyundaihmall.com/front/pda/itemPtc.do?slitmCd=2038898425
2017/06/19 19:35:00{2017/06/19 21:45:00{현대홈쇼핑{10{07{아쿠아트리오 프로  (FC-7088){디지털/가전{주방가전{커피머신{에스프레소머신{2052195411{0018112052195411{http://image.hyundaihmall.com/static/4/5/19/52/2052195411_0_170.jpg{546,000{http://www.hyundaihmall.com/front/pda/itemPtc.do?slitmCd=2052195411
2017/06/19 19:35:00{2017/06/19 21:45:00{현대홈쇼핑{10{07{필립스 소닉케어 HX6938/B58{디지털/가전{생활가전{구강청정기{전동칫솔{2046371021{0018112046371021{http://image.hyundaihmall.com/static/0/1/37/46/2046371021_0_170.jpg{139,000{http://www.hyundaihmall.com/front/pda/itemPtc.do?slitmCd=2046371021
2017/06/19 19:35:00{2017/06/19 21:45:00{현대홈쇼핑{10{07{필립스 Shaver series 7000 S7530/43{디지털/가전{이미용가전{면도기{남성용면도기{2042623795{0018112042623795{http://image.hyundaihmall.com/static/7/3/62/42/2042623795_0_170.jpg{199,200{http://www.hyundaihmall.com/front/pda/itemPtc.do?slitmCd=2042623795
2017/06/19 21:45:00{2017/06/19 22:50:00{현대홈쇼핑{10{07{신한생명 받고 또 받는 생활비 암보험{  {{{{2048869055{0018112048869055{http://image.hyundaihmall.com/static/0/9/86/48/2048869055_0_170.jpg{{http://www.hyundaihmall.com/front/pda/itemPtc.do?slitmCd=2048869055
2017/06/19 22:50:00{2017/06/19 23:55:00{현대홈쇼핑{10{07{2017 라쉬반 레알마드리드 리미티드 에디션{패션의류{남성언더웨어/잠옷{팬티{{2051962859{0018112051962859{http://image.hyundaihmall.com/static/8/2/96/51/2051962859_0_170.jpg{119,000{http://www.hyundaihmall.com/front/pda/itemPtc.do?slitmCd=2051962859
2017/06/19 22:50:00{2017/06/19 23:55:00{현대홈쇼핑{10{07{[단품]2017 라쉬반 레알마드리드 리미티드 에디션{패션의류{남성언더웨어/잠옷{팬티{{2051966822{0018112051966822{http://image.hyundaihmall.com/static/8/6/96/51/2051966822_0_170.jpg{45,000{http://www.hyundaihmall.com/front/pda/itemPtc.do?slitmCd=2051966822
2017/06/19 22:50:00{2017/06/19 23:55:00{현대홈쇼핑{10{07{[단품]2017 라쉬반 레알마드리드 리미티드 에디션 PK티셔츠{패션의류{남성언더웨어/잠옷{팬티{{2052055608{0018112052055608{http://image.hyundaihmall.com/static/6/5/05/52/2052055608_0_170.jpg{78,000{http://www.hyundaihmall.com/front/pda/itemPtc.do?slitmCd=2052055608
2017/06/19 23:55:00{2017/06/19 01:00:00{현대홈쇼핑{10{07{[LGU+]LG X400[LGM-K121L]+시원스쿨 탭 LG G padⅡ 8.0[LG-V498S1]{  {{{{2048740374{0018112048740374{http://image.hyundaihmall.com/static/3/0/74/48/2048740374_0_170.jpg{352,200{http://www.hyundaihmall.com/front/pda/itemPtc.do?slitmCd=2048740374
2017/06/19 00:15:00{2017/06/19 00:55:00{홈&쇼핑{14{07{동국제약 마데카 세럼{화장품/미용{스킨케어{에센스{{12734031{00361112734031{http://image.hnsmall.com/images/goods/031/12734031_g.jpg{79,000{http://www.hnsmall.com/display/goods.do?goods_code=12734031
2017/06/19 00:15:00{2017/06/19 00:55:00{홈&쇼핑{14{07{동국제약 마데카 세럼 스페셜 패키지{화장품/미용{스킨케어{에센스{{12730702{00361112730702{http://image.hnsmall.com/images/goods/702/12730702_g.jpg{99,000{http://www.hnsmall.com/display/goods.do?goods_code=12730702
2017/06/19 00:15:00{2017/06/19 00:55:00{홈&쇼핑{14{07{동국제약 마데카 마스크투 패키지{화장품/미용{스킨케어{화장품세트{{12646416{00361112646416{http://image.hnsmall.com/images/goods/416/12646416_g.jpg{69,000{http://www.hnsmall.com/display/goods.do?goods_code=12646416
2017/06/19 00:15:00{2017/06/19 00:55:00{홈&쇼핑{14{07{동국제약 마데카 기초 패키지(크림+토너+에센스){화장품/미용{스킨케어{화장품세트{{12611461{00361112611461{http://image.hnsmall.com/images/goods/461/12611461_g.jpg{59,000{http://www.hnsmall.com/display/goods.do?goods_code=12611461
2017/06/19 00:15:00{2017/06/19 00:55:00{홈&쇼핑{14{07{동국제약 마데카 선크림 패키지(선크림 + 마스크팩){화장품/미용{마스크/팩{마스크시트{{12611191{00361112611191{http://image.hnsmall.com/images/goods/191/12611191_g.jpg{59,000{http://www.hnsmall.com/display/goods.do?goods_code=12611191
2017/06/19 00:55:00{2017/06/19 01:35:00{홈&쇼핑{14{07{ign 썸머 크루즈 니트 4pcs + 이너탑{패션의류{여성의류{니트/스웨터{{12741061{00361112741061{http://image.hnsmall.com/images/goods/061/12741061_g.jpg{66,000{http://www.hnsmall.com/display/goods.do?goods_code=12741061
2017/06/19 01:35:00{2017/06/19 02:15:00{홈&쇼핑{14{07{[렌탈] 노스웰 알레르기성 비염 레이저조사기(CNG5544){  {{{{12606074{00361112606074{http://image.hnsmall.com/images/goods/074/12606074_g.jpg{0{http://www.hnsmall.com/display/goods.do?goods_code=12606074
2017/06/19 02:15:00{2017/06/19 02:55:00{홈&쇼핑{14{07{[엘르] 선글라스 2종 세트 by 레트로 1945 edition{패션잡화{선글라스/안경테{선글라스{{12709422{00361112709422{http://image.hnsmall.com/images/goods/422/12709422_g.jpg{69,000{http://www.hnsmall.com/display/goods.do?goods_code=12709422
2017/06/19 02:55:00{2017/06/19 03:35:00{홈&쇼핑{14{07{[2NDSHOE] 클라우드 데코 샌들{패션잡화{여성신발{샌들{스트랩샌들{12716957{00361112716957{http://image.hnsmall.com/images/goods/957/12716957_g.jpg{49,800{http://www.hnsmall.com/display/goods.do?goods_code=12716957
2017/06/19 03:55:00{2017/06/19 04:35:00{홈&쇼핑{14{07{[부산3대어묵] 미도어묵 고로케+미도바 특별구성 11종 세트 (3.16kg){식품{냉동/간편조리식품{어묵{{12695745{00361112695745{http://image.hnsmall.com/images/goods/745/12695745_g.jpg{43,900{http://www.hnsmall.com/display/goods.do?goods_code=12695745
2017/06/19 04:35:00{2017/06/19 05:15:00{홈&쇼핑{14{07{NEW 로벤탈 프라이팬 세트{생활/건강{주방용품{프라이팬{프라이팬세트{12616630{00361112616630{http://image.hnsmall.com/images/goods/630/12616630_g.jpg{54,900{http://www.hnsmall.com/display/goods.do?goods_code=12616630
2017/06/19 04:35:00{2017/06/19 05:15:00{홈&쇼핑{14{07{로벤탈 프라이팬 28cm{생활/건강{주방용품{프라이팬{일반프라이팬{12652250{00361112652250{http://image.hnsmall.com/images/goods/250/12652250_g.jpg{35,000{http://www.hnsmall.com/display/goods.do?goods_code=12652250
2017/06/19 04:35:00{2017/06/19 05:15:00{홈&쇼핑{14{07{로벤탈 궁중팬 28cm{생활/건강{주방용품{프라이팬{궁중팬/튀김팬{12652251{00361112652251{http://image.hnsmall.com/images/goods/251/12652251_g.jpg{38,000{http://www.hnsmall.com/display/goods.do?goods_code=12652251
2017/06/19 04:35:00{2017/06/19 05:15:00{홈&쇼핑{14{07{로벤탈 양수웍 28cm{생활/건강{주방용품{냄비/솥{{12652253{00361112652253{http://image.hnsmall.com/images/goods/253/12652253_g.jpg{42,000{http://www.hnsmall.com/display/goods.do?goods_code=12652253
2017/06/19 05:15:00{2017/06/19 06:10:00{홈&쇼핑{14{07{왁스(WOX) - 코튼 배쏙티(여성){패션의류{여성언더웨어/잠옷{보정속옷{기타보정속옷{12573330{00361112573330{http://image.hnsmall.com/images/goods/330/12573330_g.jpg{89,000{http://www.hnsmall.com/display/goods.do?goods_code=12573330
2017/06/19 05:15:00{2017/06/19 06:10:00{홈&쇼핑{14{07{왁스(WOX) - 코튼 배쏙티(남성){패션의류{남성언더웨어/잠옷{보정속옷{{12573352{00361112573352{http://image.hnsmall.com/images/goods/352/12573352_g.jpg{89,000{http://www.hnsmall.com/display/goods.do?goods_code=12573352
2017/06/19 05:15:00{2017/06/19 06:10:00{홈&쇼핑{14{07{왁스(WOX) - 반팔 배쏙티(여성){패션의류{여성언더웨어/잠옷{러닝/캐미솔{{12648378{00361112648378{http://image.hnsmall.com/images/goods/378/12648378_g.jpg{89,000{http://www.hnsmall.com/display/goods.do?goods_code=12648378
2017/06/19 05:15:00{2017/06/19 06:10:00{홈&쇼핑{14{07{[1종] 왁스(WOX) - 여성 코튼 배쏙티 택1(색상 4가지){패션의류{여성언더웨어/잠옷{보정속옷{기타보정속옷{12592098{00361112592098{http://image.hnsmall.com/images/goods/098/12592098_g.jpg{45,000{http://www.hnsmall.com/display/goods.do?goods_code=12592098
2017/06/19 05:15:00{2017/06/19 06:10:00{홈&쇼핑{14{07{[1종] 왁스(WOX) - 남성 코튼 배쏙티 택1(색상 4가지){패션의류{남성언더웨어/잠옷{보정속옷{보정상의{12592149{00361112592149{http://image.hnsmall.com/images/goods/149/12592149_g.jpg{55,000{http://www.hnsmall.com/display/goods.do?goods_code=12592149
2017/06/19 05:15:00{2017/06/19 06:10:00{홈&쇼핑{14{07{[1종] 왁스(WOX) - 여성 반팔 배쏙티 택1(색상 4가지){패션의류{여성언더웨어/잠옷{러닝/캐미솔{{12648536{00361112648536{http://image.hnsmall.com/images/goods/536/12648536_g.jpg{45,000{http://www.hnsmall.com/display/goods.do?goods_code=12648536
2017/06/19 06:10:00{2017/06/19 06:50:00{홈&쇼핑{14{07{언더그루브 여성 보정 안심 팬티 7종 패키지{패션의류{여성언더웨어/잠옷{팬티{{12668703{00361112668703{http://image.hnsmall.com/images/goods/703/12668703_g.jpg{69,900{http://www.hnsmall.com/display/goods.do?goods_code=12668703
2017/06/19 06:10:00{2017/06/19 06:50:00{홈&쇼핑{14{07{언더그루브 남성 분리형 안심 드로즈 7종 패키지{패션의류{남성언더웨어/잠옷{팬티{{12668763{00361112668763{http://image.hnsmall.com/images/goods/763/12668763_g.jpg{69,900{http://www.hnsmall.com/display/goods.do?goods_code=12668763
2017/06/19 06:10:00{2017/06/19 06:50:00{홈&쇼핑{14{07{언더그루브 여성 보정 안심 팬티 1종{패션의류{여성언더웨어/잠옷{팬티{{12680298{00361112680298{http://image.hnsmall.com/images/goods/298/12680298_g.jpg{27,000{http://www.hnsmall.com/display/goods.do?goods_code=12680298
2017/06/19 06:10:00{2017/06/19 06:50:00{홈&쇼핑{14{07{언더그루브 남성 분리형 안심 드로즈 1종{패션의류{남성언더웨어/잠옷{팬티{{12676912{00361112676912{http://image.hnsmall.com/images/goods/912/12676912_g.jpg{27,000{http://www.hnsmall.com/display/goods.do?goods_code=12676912
2017/06/19 06:50:00{2017/06/19 07:30:00{홈&쇼핑{14{07{100% 핀란드 자일리톨 크리스탈(100gX5통+휴대용스틱 2gX30포X3박스){  {{{{12680811{00361112680811{http://image.hnsmall.com/images/goods/811/12680811_g.jpg{99,000{http://www.hnsmall.com/display/goods.do?goods_code=12680811
2017/06/19 06:50:00{2017/06/19 07:30:00{홈&쇼핑{14{07{100% 핀란드 자일리톨 크리스탈1+1 (100gX10통+휴대용스틱 2gX30포X6박스){  {{{{12729487{00361112729487{http://image.hnsmall.com/images/goods/487/12729487_g.jpg{188,000{http://www.hnsmall.com/display/goods.do?goods_code=12729487
2017/06/19 07:30:00{2017/06/19 08:10:00{홈&쇼핑{14{07{[비버리힐즈폴로클럽](여성)소가죽 스트랩 샌들{패션잡화{여성신발{샌들{스트랩샌들{12716994{00361112716994{http://image.hnsmall.com/images/goods/994/12716994_g.jpg{44,000{http://www.hnsmall.com/display/goods.do?goods_code=12716994
2017/06/19 08:10:00{2017/06/19 08:50:00{홈&쇼핑{14{07{끌레드벨 골드 리프팅 찬스(올리비아하슬러 여행가방증정){화장품/미용{색조메이크업{립스틱{{12741284{00361112741284{http://image.hnsmall.com/images/goods/284/12741284_g.jpg{99,000{http://www.hnsmall.com/display/goods.do?goods_code=12741284
2017/06/19 08:10:00{2017/06/19 08:50:00{홈&쇼핑{14{07{끌레드벨 골드 리프팅 찬스(대용량 콜라겐세럼 90ml){화장품/미용{스킨케어{에센스{{12687722{00361112687722{http://image.hnsmall.com/images/goods/722/12687722_g.jpg{99,000{http://www.hnsmall.com/display/goods.do?goods_code=12687722
2017/06/19 08:50:00{2017/06/19 09:30:00{홈&쇼핑{14{07{끼아라 여성 쿨스킨 파워 쉐이핑 팬티패키지 3차{패션의류{여성언더웨어/잠옷{팬티{{12713703{00361112713703{http://image.hnsmall.com/images/goods/703/12713703_g.jpg{69,900{http://www.hnsmall.com/display/goods.do?goods_code=12713703
2017/06/19 08:50:00{2017/06/19 09:30:00{홈&쇼핑{14{07{끼아라 여성 쿨스킨 파워 쉐이핑 팬티패키지 3차(1종){  {{{{12654259{00361112654259{http://image.hnsmall.com/images/goods/259/12654259_g.jpg{32,000{http://www.hnsmall.com/display/goods.do?goods_code=12654259
2017/06/19 09:30:00{2017/06/19 10:50:00{홈&쇼핑{14{07{[쏠리에] 리얼 쿨 썸머 팬츠 4종{패션의류{여성의류{바지{{12705740{00361112705740{http://image.hnsmall.com/images/goods/740/12705740_g.jpg{59,900{http://www.hnsmall.com/display/goods.do?goods_code=12705740
2017/06/19 09:30:00{2017/06/19 10:50:00{홈&쇼핑{14{07{[쏠리에] 리얼 린넨 아이스 티 컬렉션 6종{패션의류{남성의류{티셔츠{{12721099{00361112721099{http://image.hnsmall.com/images/goods/099/12721099_g.jpg{59,900{http://www.hnsmall.com/display/goods.do?goods_code=12721099
2017/06/19 10:50:00{2017/06/19 11:30:00{홈&쇼핑{14{07{[오리팬] 골드비누 특별패키지{화장품/미용{클렌징{클렌징비누{{12682415{00361112682415{http://image.hnsmall.com/images/goods/415/12682415_g.jpg{59,900{http://www.hnsmall.com/display/goods.do?goods_code=12682415
2017/06/19 10:50:00{2017/06/19 11:30:00{홈&쇼핑{14{07{[오리팬] 골드비누 VIP패키지{화장품/미용{클렌징{클렌징비누{{12705242{00361112705242{http://image.hnsmall.com/images/goods/242/12705242_g.jpg{79,900{http://www.hnsmall.com/display/goods.do?goods_code=12705242
2017/06/19 11:30:00{2017/06/19 12:10:00{홈&쇼핑{14{07{[샴푸세트/숄더백+트래블파우치] 댕기머리 들애수 퓨어 특별구성{화장품/미용{헤어케어{헤어케어세트{{12728896{00361112728896{http://image.hnsmall.com/images/goods/896/12728896_g.jpg{119,000{http://www.hnsmall.com/display/goods.do?goods_code=12728896
2017/06/19 11:30:00{2017/06/19 12:10:00{홈&쇼핑{14{07{[샴푸+트리트먼트/숄더백+트래블파우치] 댕기머리 들애수 퓨어 특별구성{화장품/미용{헤어케어{헤어케어세트{{12728898{00361112728898{http://image.hnsmall.com/images/goods/898/12728898_g.jpg{119,000{http://www.hnsmall.com/display/goods.do?goods_code=12728898
2017/06/19 11:30:00{2017/06/19 12:10:00{홈&쇼핑{14{07{[샴푸실속세트] 댕기머리 들애수 퓨어 특별구성{화장품/미용{헤어케어{샴푸{{12713937{00361112713937{http://image.hnsmall.com/images/goods/937/12713937_g.jpg{88,000{http://www.hnsmall.com/display/goods.do?goods_code=12713937
2017/06/19 12:10:00{2017/06/19 12:50:00{홈&쇼핑{14{07{[2017년보솜이특집]신생아용팩키지 오가닉 천연코튼 new 디오가닉 프리미엄 밴드형 (8팩+1팩더+물티슈8팩)+포토상품평 촉앤감세트{  {{{{12498594{00361112498594{http://image.hnsmall.com/images/goods/594/12498594_g.jpg{106,200{http://www.hnsmall.com/display/goods.do?goods_code=12498594
2017/06/19 12:10:00{2017/06/19 12:50:00{홈&쇼핑{14{07{[2017년보솜이특집]소형팩키지 오가닉 천연코튼 new 디오가닉 프리미엄 밴드형 (8팩+1팩더+물티슈8팩)+포토상품평 촉앤감세트{  {{{{12498597{00361112498597{http://image.hnsmall.com/images/goods/597/12498597_g.jpg{118,000{http://www.hnsmall.com/display/goods.do?goods_code=12498597
2017/06/19 12:10:00{2017/06/19 12:50:00{홈&쇼핑{14{07{[2017년보솜이특집]중형팩키지 오가닉 천연코튼 new 디오가닉 프리미엄 밴드형 (8팩+1팩더+물티슈8팩)+포토상품평 촉앤감세트{  {{{{12498598{00361112498598{http://image.hnsmall.com/images/goods/598/12498598_g.jpg{118,000{http://www.hnsmall.com/display/goods.do?goods_code=12498598
2017/06/19 12:10:00{2017/06/19 12:50:00{홈&쇼핑{14{07{[2017년보솜이특집]대형팩키지 오가닉 천연코튼 new 디오가닉 프리미엄 밴드형 (8팩+1팩더+물티슈8팩)+포토상품평 촉앤감세트{  {{{{12498603{00361112498603{http://image.hnsmall.com/images/goods/603/12498603_g.jpg{118,000{http://www.hnsmall.com/display/goods.do?goods_code=12498603
2017/06/19 12:10:00{2017/06/19 12:50:00{홈&쇼핑{14{07{[2017년보솜이특집]특대형팩키지 오가닉 천연코튼 new 디오가닉 프리미엄 밴드형 (8팩+1팩더+물티슈8팩)+포토상품평 촉앤감세트{  {{{{12498607{00361112498607{http://image.hnsmall.com/images/goods/607/12498607_g.jpg{118,000{http://www.hnsmall.com/display/goods.do?goods_code=12498607
2017/06/19 12:10:00{2017/06/19 12:50:00{홈&쇼핑{14{07{[2017년보솜이특집]팬티형남아대형팩키지 오가닉 천연코튼 new 디오가닉 프리미엄 (8팩+1팩더+물티슈8팩)+포토상품평 촉앤감세트{  {{{{12498609{00361112498609{http://image.hnsmall.com/images/goods/609/12498609_g.jpg{118,000{http://www.hnsmall.com/display/goods.do?goods_code=12498609
2017/06/19 12:10:00{2017/06/19 12:50:00{홈&쇼핑{14{07{[2017년보솜이특집]팬티형여아대형팩키지 오가닉 천연코튼 new 디오가닉 프리미엄 (8팩+1팩더+물티슈8팩)+포토상품평 촉앤감세트{  {{{{12498610{00361112498610{http://image.hnsmall.com/images/goods/610/12498610_g.jpg{118,000{http://www.hnsmall.com/display/goods.do?goods_code=12498610
2017/06/19 12:10:00{2017/06/19 12:50:00{홈&쇼핑{14{07{[2017년보솜이특집]팬티형남아특대형팩키지 오가닉 천연코튼 new 디오가닉 프리미엄 (8팩+1팩더+물티슈8팩)+포토상품평 촉앤감세트{  {{{{12498614{00361112498614{http://image.hnsmall.com/images/goods/614/12498614_g.jpg{118,000{http://www.hnsmall.com/display/goods.do?goods_code=12498614
2017/06/19 12:10:00{2017/06/19 12:50:00{홈&쇼핑{14{07{[2017년보솜이특집]팬티형여아특대형팩키지 오가닉 천연코튼 new 디오가닉 프리미엄 (8팩+1팩더+물티슈8팩)+포토상품평 촉앤감세트{  {{{{12498618{00361112498618{http://image.hnsmall.com/images/goods/618/12498618_g.jpg{118,000{http://www.hnsmall.com/display/goods.do?goods_code=12498618
2017/06/19 12:10:00{2017/06/19 12:50:00{홈&쇼핑{14{07{(초특가)릴리안 순수한면 생리대 중형1박스(16P x 12팩){생활/건강{생활용품{생리대{일반생리대{12542561{00361112542561{http://image.hnsmall.com/images/goods/561/12542561_g.jpg{29,900{http://www.hnsmall.com/display/goods.do?goods_code=12542561
2017/06/19 12:10:00{2017/06/19 12:50:00{홈&쇼핑{14{07{깨끗한나라 보솜이 아기물티슈(60롤*8팩){출산/육아{물티슈{캡형{{12093753{00361112093753{http://image.hnsmall.com/images/goods/753/12093753_g.jpg{36,000{http://www.hnsmall.com/display/goods.do?goods_code=12093753
2017/06/19 12:10:00{2017/06/19 12:50:00{홈&쇼핑{14{07{데일리 키친타올 4롤 x 4팩(S){생활/건강{생활용품{화장지{키친타월{12523030{00361112523030{http://image.hnsmall.com/images/goods/030/12523030_g.jpg{14,800{http://www.hnsmall.com/display/goods.do?goods_code=12523030
2017/06/19 12:50:00{2017/06/19 13:30:00{홈&쇼핑{14{07{헨젤과그레텔 콤비 블라인드 특대형(185cm X 240cm) 1+1{  {{{{12431597{00361112431597{http://image.hnsmall.com/images/goods/597/12431597_g.jpg{109,900{http://www.hnsmall.com/display/goods.do?goods_code=12431597
2017/06/19 12:50:00{2017/06/19 13:30:00{홈&쇼핑{14{07{헨젤과그레텔 콤비 블라인드 대형(155cm X 240cm) 1+1{가구/인테리어{커튼/블라인드{콤비블라인드{{12431596{00361112431596{http://image.hnsmall.com/images/goods/596/12431596_g.jpg{89,900{http://www.hnsmall.com/display/goods.do?goods_code=12431596
2017/06/19 12:50:00{2017/06/19 13:30:00{홈&쇼핑{14{07{헨젤과그레텔 콤비 블라인드 중형(125cm X 240cm) 1+1{가구/인테리어{커튼/블라인드{콤비블라인드{{12431598{00361112431598{http://image.hnsmall.com/images/goods/598/12431598_g.jpg{79,900{http://www.hnsmall.com/display/goods.do?goods_code=12431598
2017/06/19 12:50:00{2017/06/19 13:30:00{홈&쇼핑{14{07{헨젤과그레텔 콤비 블라인드 소형(95cm X 240cm) 1+1{가구/인테리어{커튼/블라인드{콤비블라인드{{12431599{00361112431599{http://image.hnsmall.com/images/goods/599/12431599_g.jpg{69,900{http://www.hnsmall.com/display/goods.do?goods_code=12431599
2017/06/19 13:30:00{2017/06/19 14:10:00{홈&쇼핑{14{07{황성주 발아 약콩 두유 총 100팩!!{식품{가공식품{두유{{12367921{00361112367921{http://image.hnsmall.com/images/goods/921/12367921_g.jpg{54,900{http://www.hnsmall.com/display/goods.do?goods_code=12367921
2017/06/19 14:10:00{2017/06/19 14:50:00{홈&쇼핑{14{07{(퀸+슈퍼싱글)에어룸 에어리즘 항균 인견 시어서커 메쉬 토퍼{가구/인테리어{침구단품{패드{싱글/슈퍼싱글패드{12736942{00361112736942{http://image.hnsmall.com/images/goods/942/12736942_g.jpg{69,900{http://www.hnsmall.com/display/goods.do?goods_code=12736942
2017/06/19 14:10:00{2017/06/19 14:50:00{홈&쇼핑{14{07{(슈퍼킹+슈퍼싱글)에어룸 에어리즘 항균 인견 시어서커 메쉬 토퍼{가구/인테리어{침구단품{패드{싱글/슈퍼싱글패드{12736943{00361112736943{http://image.hnsmall.com/images/goods/943/12736943_g.jpg{79,900{http://www.hnsmall.com/display/goods.do?goods_code=12736943
2017/06/19 14:10:00{2017/06/19 14:50:00{홈&쇼핑{14{07{(슈퍼싱글+슈퍼싱글)에어룸 에어리즘 항균 인견 시어서커 메쉬 토퍼{가구/인테리어{침구단품{패드{싱글/슈퍼싱글패드{12736944{00361112736944{http://image.hnsmall.com/images/goods/944/12736944_g.jpg{59,900{http://www.hnsmall.com/display/goods.do?goods_code=12736944
2017/06/19 14:50:00{2017/06/19 15:30:00{홈&쇼핑{14{07{북유럽 티볼리 건조대{생활/건강{세탁용품{빨래건조대{이동접이식{12146216{00361112146216{http://image.hnsmall.com/images/goods/216/12146216_g.jpg{50,270{http://www.hnsmall.com/display/goods.do?goods_code=12146216
2017/06/19 14:50:00{2017/06/19 15:30:00{홈&쇼핑{14{07{맘스오피스 논슬립 옷걸이 50종{생활/건강{수납/정리용품{옷걸이{일반옷걸이{12301282{00361112301282{http://image.hnsmall.com/images/goods/282/12301282_g.jpg{29,800{http://www.hnsmall.com/display/goods.do?goods_code=12301282
2017/06/19 15:30:00{2017/06/19 16:10:00{홈&쇼핑{14{07{아이스 애플망고 23봉{식품{농산물{과일{망고{12695166{00361112695166{http://image.hnsmall.com/images/goods/166/12695166_g.jpg{40,900{http://www.hnsmall.com/display/goods.do?goods_code=12695166
2017/06/19 16:10:00{2017/06/19 16:50:00{홈&쇼핑{14{07{[초가집옛골] 순메밀면 16팩 + 동치미육수 8팩 + 비빔소스 8팩{  {{{{12719334{00361112719334{http://image.hnsmall.com/images/goods/334/12719334_g.jpg{49,900{http://www.hnsmall.com/display/goods.do?goods_code=12719334
2017/06/19 16:50:00{2017/06/19 17:30:00{홈&쇼핑{14{07{[자연애벗] 발효육포 세트 쇠고기육포 51봉{식품{축산{축산가공식품{육포{12559029{00361112559029{http://image.hnsmall.com/images/goods/029/12559029_g.jpg{43,900{http://www.hnsmall.com/display/goods.do?goods_code=12559029
2017/06/19 17:30:00{2017/06/19 18:10:00{홈&쇼핑{14{07{세븐 견과 & 후르츠 세트 총 115봉 (세븐 견과&후르츠 75봉 + 유산균치즈아몬드 견과 35봉 +무료체험 5봉){식품{다이어트식품{유산균{{12661957{00361112661957{http://image.hnsmall.com/images/goods/957/12661957_g.jpg{59,900{http://www.hnsmall.com/display/goods.do?goods_code=12661957
2017/06/19 18:10:00{2017/06/19 18:50:00{홈&쇼핑{14{07{[역대최다 62장] 이현우의 일품 떡갈비{식품{축산{축산가공식품{떡갈비{12595845{00361112595845{http://image.hnsmall.com/images/goods/845/12595845_g.jpg{59,900{http://www.hnsmall.com/display/goods.do?goods_code=12595845
2017/06/19 18:50:00{2017/06/19 20:10:00{홈&쇼핑{14{07{해피콜 초고속 블렌더 엑슬림{디지털/가전{주방가전{믹서기{{12646986{00361112646986{http://image.hnsmall.com/images/goods/986/12646986_g.jpg{359,000{http://www.hnsmall.com/display/goods.do?goods_code=12646986
2017/06/19 18:50:00{2017/06/19 20:10:00{홈&쇼핑{14{07{해피콜 IH 후라이팬 세트{생활/건강{주방용품{프라이팬{프라이팬세트{12691744{00361112691744{http://image.hnsmall.com/images/goods/744/12691744_g.jpg{169,000{http://www.hnsmall.com/display/goods.do?goods_code=12691744
2017/06/19 20:10:00{2017/06/19 20:50:00{홈&쇼핑{14{07{[KT] 삼성 갤럭시 S7 32G{디지털/가전{휴대폰{KT{{12742587{00361112742587{http://image.hnsmall.com/images/goods/587/12742587_g.jpg{0{http://www.hnsmall.com/display/goods.do?goods_code=12742587
2017/06/19 20:10:00{2017/06/19 20:50:00{홈&쇼핑{14{07{[KT] 삼성 갤럭시 S7엣지 64G{디지털/가전{휴대폰{KT{{12742599{00361112742599{http://image.hnsmall.com/images/goods/599/12742599_g.jpg{0{http://www.hnsmall.com/display/goods.do?goods_code=12742599
2017/06/19 20:50:00{2017/06/19 21:30:00{홈&쇼핑{14{07{[18+6형] 삼성 스마트에어컨 Q9000+삼성공기청정기{디지털/가전{계절가전{에어컨{멀티형에어컨{12710304{00361112710304{http://image.hnsmall.com/images/goods/304/12710304_g.jpg{2,399,000{http://www.hnsmall.com/display/goods.do?goods_code=12710304
2017/06/19 20:50:00{2017/06/19 21:30:00{홈&쇼핑{14{07{[18형] 삼성 스마트에어컨 Q9000+삼성공기청정기{디지털/가전{계절가전{에어컨{멀티형에어컨{12710312{00361112710312{http://image.hnsmall.com/images/goods/312/12710312_g.jpg{1,999,000{http://www.hnsmall.com/display/goods.do?goods_code=12710312
2017/06/19 20:50:00{2017/06/19 21:30:00{홈&쇼핑{14{07{[삼성] 블루스카이 공기청정기{디지털/가전{계절가전{공기정화기{공기청정기{12716848{00361112716848{http://image.hnsmall.com/images/goods/848/12716848_g.jpg{319,000{http://www.hnsmall.com/display/goods.do?goods_code=12716848
2017/06/19 21:30:00{2017/06/19 22:30:00{홈&쇼핑{14{07{[특집] 고래사 어우동 세트(어우동 6+어짬뽕 3){생활/건강{원예/식물{씨앗/모종{{12586454{00361112586454{http://image.hnsmall.com/images/goods/454/12586454_g.jpg{42,900{http://www.hnsmall.com/display/goods.do?goods_code=12586454
2017/06/19 21:30:00{2017/06/19 22:30:00{홈&쇼핑{14{07{[특집] 고래사 어우동 9봉{생활/건강{원예/식물{씨앗/모종{{12591849{00361112591849{http://image.hnsmall.com/images/goods/849/12591849_g.jpg{42,900{http://www.hnsmall.com/display/goods.do?goods_code=12591849
2017/06/19 21:30:00{2017/06/19 22:30:00{홈&쇼핑{14{07{[특집] 고래사 어짬뽕 9봉{식품{냉동/간편조리식품{어묵{{12591853{00361112591853{http://image.hnsmall.com/images/goods/853/12591853_g.jpg{42,900{http://www.hnsmall.com/display/goods.do?goods_code=12591853
2017/06/19 22:30:00{2017/06/19 23:30:00{홈&쇼핑{14{07{WOX(왁스) - 쿨 배쏙티(여성){패션의류{여성언더웨어/잠옷{{{12738540{00361112738540{http://image.hnsmall.com/images/goods/540/12738540_g.jpg{89,000{http://www.hnsmall.com/display/goods.do?goods_code=12738540
2017/06/19 22:30:00{2017/06/19 23:30:00{홈&쇼핑{14{07{WOX(왁스) - 쿨 배쏙티(남성){패션의류{남성언더웨어/잠옷{보정속옷{{12738601{00361112738601{http://image.hnsmall.com/images/goods/601/12738601_g.jpg{89,000{http://www.hnsmall.com/display/goods.do?goods_code=12738601
2017/06/19 22:30:00{2017/06/19 23:30:00{홈&쇼핑{14{07{왁스(WOX) - 코튼 배쏙티(여성){패션의류{여성언더웨어/잠옷{보정속옷{기타보정속옷{12718797{00361112718797{http://image.hnsmall.com/images/goods/797/12718797_g.jpg{89,000{http://www.hnsmall.com/display/goods.do?goods_code=12718797
2017/06/19 22:30:00{2017/06/19 23:30:00{홈&쇼핑{14{07{왁스(WOX) - 코튼 배쏙티(남성){패션의류{남성언더웨어/잠옷{보정속옷{{12718923{00361112718923{http://image.hnsmall.com/images/goods/923/12718923_g.jpg{89,000{http://www.hnsmall.com/display/goods.do?goods_code=12718923
2017/06/19 22:30:00{2017/06/19 23:30:00{홈&쇼핑{14{07{[왁스(WOX)] - 반팔 배쏙티(여성){패션의류{여성언더웨어/잠옷{러닝/캐미솔{{12736539{00361112736539{http://image.hnsmall.com/images/goods/539/12736539_g.jpg{89,000{http://www.hnsmall.com/display/goods.do?goods_code=12736539
2017/06/19 22:30:00{2017/06/19 23:30:00{홈&쇼핑{14{07{[1종] 왁스(WOX) - 여성 쿨 배쏙티 택1(색상 4가지){패션의류{여성언더웨어/잠옷{러닝/캐미솔{{12704230{00361112704230{http://image.hnsmall.com/images/goods/230/12704230_g.jpg{48,000{http://www.hnsmall.com/display/goods.do?goods_code=12704230
2017/06/19 22:30:00{2017/06/19 23:30:00{홈&쇼핑{14{07{[1종] 왁스(WOX) - 남성 쿨 배쏙티 택1(색상 4가지){패션의류{남성언더웨어/잠옷{보정속옷{보정상의{12704297{00361112704297{http://image.hnsmall.com/images/goods/297/12704297_g.jpg{58,000{http://www.hnsmall.com/display/goods.do?goods_code=12704297
2017/06/19 23:30:00{2017/06/19 00:10:00{홈&쇼핑{14{07{[사각모던화분] 인테리어 공기정화식물 8종 풀세트{생활/건강{원예/식물{공기정화식물{{12734035{00361112734035{http://image.hnsmall.com/images/goods/035/12734035_g.jpg{139,000{http://www.hnsmall.com/display/goods.do?goods_code=12734035
2017/06/19 01:00:00{2017/06/19 02:00:00{롯데홈쇼핑{6{07{[SNP CLINIC] 밀크샷 화이트 클레이 마스크팩 50g×5 + 대용량 워터샷 밀크 크림 100g×1{화장품/미용{마스크/팩{마스크시트{{12542867{00361112542867{http://image2.lotteimall.com/goods/67/28/54/12542867_H.jpg{69,900원{http://www.lotteimall.com/goods/viewGoodsDetail.lotte?goods_no=12542867
2017/06/19 02:00:00{2017/06/19 02:30:00{롯데홈쇼핑{6{07{Thyren Lovee 티렌러비 윈드점퍼 1종+파우치{패션의류{여성의류{점퍼{{12537288{00361112537288{http://image2.lotteimall.com/goods/88/72/53/12537288_H.jpg{59,000원{http://www.lotteimall.com/goods/viewGoodsDetail.lotte?goods_no=12537288
2017/06/19 02:30:00{2017/06/19 03:10:00{롯데홈쇼핑{6{07{[SANS COMPLEXE] 상콤플렉스 미엔느 브라팬티 컬렉션{패션의류{여성언더웨어/잠옷{브라팬티세트{{12529592{00361112529592{http://image2.lotteimall.com/goods/92/95/52/12529592_H.jpg{159,000원{http://www.lotteimall.com/goods/viewGoodsDetail.lotte?goods_no=12529592
2017/06/19 03:10:00{2017/06/19 03:30:00{롯데홈쇼핑{6{07{ARTICO 아르티코 미니멀 롱자켓{패션의류{남성의류{재킷{{12535595{00361112535595{http://image2.lotteimall.com/goods/95/55/53/12535595_H.jpg{69,000원{http://www.lotteimall.com/goods/viewGoodsDetail.lotte?goods_no=12535595
2017/06/19 03:30:00{2017/06/19 03:45:00{롯데홈쇼핑{6{07{보니스팍스 썸머 테일러드 쟈켓+티셔츠{패션의류{여성의류{티셔츠{{12538097{00361112538097{http://image2.lotteimall.com/goods/97/80/53/12538097_H.jpg{69,000원{http://www.lotteimall.com/goods/viewGoodsDetail.lotte?goods_no=12538097
2017/06/19 03:45:00{2017/06/19 04:05:00{롯데홈쇼핑{6{07{[must.be] 머스트비 디스트로이드 숏데님 팬츠 2pcs{패션의류{여성의류{청바지{{12541576{00361112541576{http://image2.lotteimall.com/goods/76/15/54/12541576_H.jpg{59,000원{http://www.lotteimall.com/goods/viewGoodsDetail.lotte?goods_no=12541576
2017/06/19 04:05:00{2017/06/19 04:35:00{롯데홈쇼핑{6{07{{  {{{{img{003611img{http://image2.lotteimall.com/goods///g/img_H.jpg{{http://www.lotteimall.com/goods/viewGoodsDetail.lotte?goods_no=img
2017/06/19 04:35:00{2017/06/19 05:15:00{롯데홈쇼핑{6{07{[러브코티지][K] 플리츠 사커 침구 풀세트{가구/인테리어{침구세트{이불베개세트{더블/퀸이불베개세트{12539155{00361112539155{http://image2.lotteimall.com/goods/55/91/53/12539155_H.jpg{89,900원{http://www.lotteimall.com/goods/viewGoodsDetail.lotte?goods_no=12539155
2017/06/19 05:15:00{2017/06/19 06:15:00{롯데홈쇼핑{6{07{가이거 데일리 컴포트화{패션잡화{여성신발{기능화{컴포트화{12534340{00361112534340{http://image2.lotteimall.com/goods/40/43/53/12534340_H.jpg{139,000원{http://www.lotteimall.com/goods/viewGoodsDetail.lotte?goods_no=12534340
2017/06/19 06:15:00{2017/06/19 07:15:00{롯데홈쇼핑{6{07{◆ [8팩] 종근당건강 어스투어스 브라질너트 120g×8팩 (총 960g){식품{농산물{견과류{기타견과류{12540670{00361112540670{http://image2.lotteimall.com/goods/70/06/54/12540670_H.jpg{79,000원{http://www.lotteimall.com/goods/viewGoodsDetail.lotte?goods_no=12540670
2017/06/19 07:15:00{2017/06/19 08:17:00{롯데홈쇼핑{6{07{[기미절대크림] 슈멜츠EX 테카 기미크림 24시간 기미케어 스페셜 패키지!{화장품/미용{스킨케어{크림{{12542900{00361112542900{http://image2.lotteimall.com/goods/00/29/54/12542900_H.jpg{89,900원{http://www.lotteimall.com/goods/viewGoodsDetail.lotte?goods_no=12542900
2017/06/19 08:17:00{2017/06/19 09:25:00{롯데홈쇼핑{6{07{[CULTURE CALL] 컬쳐콜 비스코스 썸머 롱 가디건 2종 + 베스트 1종{패션의류{여성의류{카디건{{12538033{00361112538033{http://image2.lotteimall.com/goods/33/80/53/12538033_H.jpg{49,000원{http://www.lotteimall.com/goods/viewGoodsDetail.lotte?goods_no=12538033
2017/06/19 09:25:00{2017/06/19 10:25:00{롯데홈쇼핑{6{07{[마마인하우스by박홍근][K]자수 쿨사커 자카드 침구풀세트{가구/인테리어{침구세트{매트커버세트{더블/퀸매트커버세트{12541836{00361112541836{http://image2.lotteimall.com/goods/36/18/54/12541836_H.jpg{99,900원{http://www.lotteimall.com/goods/viewGoodsDetail.lotte?goods_no=12541836
2017/06/19 10:25:00{2017/06/19 11:35:00{롯데홈쇼핑{6{07{[GEIGER] 럭셔리 다이아몬드 오벌 워치{패션잡화{시계{패션시계{메탈밴드시계{12542541{00361112542541{http://image2.lotteimall.com/goods/41/25/54/12542541_H.jpg{170,000원{http://www.lotteimall.com/goods/viewGoodsDetail.lotte?goods_no=12542541
2017/06/19 11:35:00{2017/06/19 12:40:00{롯데홈쇼핑{6{07{이브라 시스템 렌탈{  {{{{12538680{00361112538680{http://image2.lotteimall.com/goods/80/86/53/12538680_H.jpg{{http://www.lotteimall.com/goods/viewGoodsDetail.lotte?goods_no=12538680
2017/06/19 12:40:00{2017/06/19 13:40:00{롯데홈쇼핑{6{07{라이나생명 THE건강한치아보험4(프리미엄)(일반){  {{{{12540551{00361112540551{http://image2.lotteimall.com/goods/51/05/54/12540551_H.jpg{{http://www.lotteimall.com/goods/viewGoodsDetail.lotte?goods_no=12540551
2017/06/19 13:40:00{2017/06/19 14:40:00{롯데홈쇼핑{6{07{[100L] 딤채 소형 김치냉장고 쁘띠 칵테일 레드 (DS107PACR){디지털/가전{주방가전{김치냉장고{스탠드형{12534598{00361112534598{http://image2.lotteimall.com/goods/98/45/53/12534598_H.jpg{699,000원{http://www.lotteimall.com/goods/viewGoodsDetail.lotte?goods_no=12534598
2017/06/19 14:40:00{2017/06/19 15:40:00{롯데홈쇼핑{6{07{2017 최신형 스타일리스 에어쿨러 (SSCF-1701R){디지털/가전{계절가전{공기정화기{공기순환기{12542583{00361112542583{http://image2.lotteimall.com/goods/83/25/54/12542583_H.jpg{179,000원{http://www.lotteimall.com/goods/viewGoodsDetail.lotte?goods_no=12542583
2017/06/19 15:40:00{2017/06/19 16:25:00{롯데홈쇼핑{6{07{아이그로우 탈모치료기 렌탈{생활/건강{건강관리용품{기타건강관리용품{{12542209{00361112542209{http://image2.lotteimall.com/goods/09/22/54/12542209_H.jpg{{http://www.lotteimall.com/goods/viewGoodsDetail.lotte?goods_no=12542209
2017/06/19 16:25:00{2017/06/19 17:10:00{롯데홈쇼핑{6{07{깨끗한 나라 화장지(3겹) 30롤 3팩{생활/건강{생활용품{화장지{롤화장지{12512871{00361112512871{http://image2.lotteimall.com/goods/71/28/51/12512871_H.jpg{35,900원{http://www.lotteimall.com/goods/viewGoodsDetail.lotte?goods_no=12512871
2017/06/19 17:10:00{2017/06/19 17:50:00{롯데홈쇼핑{6{07{2017 신일 에어 서큘레이터 터보 (SIF-TBK15){디지털/가전{계절가전{공기정화기{공기순환기{12540152{00361112540152{http://image2.lotteimall.com/goods/52/01/54/12540152_H.jpg{99,000원{http://www.lotteimall.com/goods/viewGoodsDetail.lotte?goods_no=12540152
2017/06/19 17:50:00{2017/06/19 18:40:00{롯데홈쇼핑{6{07{라이나생명 THE건강한치아보험4(프리미엄)(일반){  {{{{12540551{00361112540551{http://image2.lotteimall.com/goods/51/05/54/12540551_H.jpg{{http://www.lotteimall.com/goods/viewGoodsDetail.lotte?goods_no=12540551
2017/06/19 18:40:00{2017/06/19 19:40:00{롯데홈쇼핑{6{07{오브엠 투웨이 헤븐 샌들{패션잡화{여성신발{샌들{스트랩샌들{12539417{00361112539417{http://image2.lotteimall.com/goods/17/94/53/12539417_H.jpg{79,000원{http://www.lotteimall.com/goods/viewGoodsDetail.lotte?goods_no=12539417
2017/06/19 19:40:00{2017/06/19 20:40:00{롯데홈쇼핑{6{07{교원라이프 상조 다드림 프리미엄 299{  {{{{12539859{00361112539859{http://image2.lotteimall.com/goods/59/98/53/12539859_H.jpg{{http://www.lotteimall.com/goods/viewGoodsDetail.lotte?goods_no=12539859
2017/06/19 20:40:00{2017/06/19 21:45:00{롯데홈쇼핑{6{07{[4인] 까로네 까사 헤드레스트 틸팅-리클라이너 소파{가구/인테리어{거실가구{소파{가죽소파{12537630{00361112537630{http://image2.lotteimall.com/goods/30/76/53/12537630_H.jpg{1,998,000원{http://www.lotteimall.com/goods/viewGoodsDetail.lotte?goods_no=12537630
2017/06/19 21:45:00{2017/06/19 22:45:00{롯데홈쇼핑{6{07{롯데손보 운전자 보험(종합){  {{{{12488113{00361112488113{http://image2.lotteimall.com/goods/13/81/48/12488113_H.jpg{{http://www.lotteimall.com/goods/viewGoodsDetail.lotte?goods_no=12488113
2017/06/19 22:45:00{2017/06/19 23:50:00{롯데홈쇼핑{6{07{JOCKEY 쟈키 레이디 ZERO 브라팬티{패션의류{여성언더웨어/잠옷{브라팬티세트{{12542741{00361112542741{http://image2.lotteimall.com/goods/41/27/54/12542741_H.jpg{169,000원{http://www.lotteimall.com/goods/viewGoodsDetail.lotte?goods_no=12542741
2017/06/19 23:50:00{2017/06/19 01:00:00{롯데홈쇼핑{6{07{나무하나 Dr.TAGGING 스니커즈{패션잡화{남성신발{슬립온{{12534273{00361112534273{http://image2.lotteimall.com/goods/73/42/53/12534273_H.jpg{299,000원{http://www.lotteimall.com/goods/viewGoodsDetail.lotte?goods_no=12534273
2017/06/19 09:22:00{2017/06/19 10:22:00{K쇼핑{20{07{풍기인견 여성 블라우스+배기팬츠 세트{패션의류{여성의류{블라우스/셔츠{{355842{003711355842{http://imgs.kshop.co.kr/goods/842/355842_g_20170529105415.jpg{87900{http://www.kshop.co.kr/goods/355842
2017/06/19 10:22:00{2017/06/19 11:22:00{K쇼핑{20{07{(방송_세일)센스맘 에어매트리스 프리미엄 10 퀸+바디필로우{  {{{{354777{003711354777{http://imgs.kshop.co.kr/goods/777/354777_g_20170615165715.jpg{107000{http://www.kshop.co.kr/goods/354777
2017/06/19 10:22:00{2017/06/19 11:22:00{K쇼핑{20{07{(방송_세일)센스맘 에어매트리스 프리미엄 10 싱글+바디필로우{  {{{{354778{003711354778{http://imgs.kshop.co.kr/goods/778/354778_g_20170520192139.jpg{87000{http://www.kshop.co.kr/goods/354778
2017/06/19 10:22:00{2017/06/19 11:22:00{K쇼핑{20{07{(방송_세일)센스맘 에어매트리스 프리미엄 10 퀸+꿀잠베이직 베개 2개{  {{{{354779{003711354779{http://imgs.kshop.co.kr/goods/779/354779_g_20170520192957.jpg{107000{http://www.kshop.co.kr/goods/354779
2017/06/19 10:22:00{2017/06/19 11:22:00{K쇼핑{20{07{(방송_세일)센스맘 에어매트리스 프리미엄 10 싱글+꿀잠베이직 베개 1개{  {{{{354781{003711354781{http://imgs.kshop.co.kr/goods/781/354781_g_20170609140300.jpg{87000{http://www.kshop.co.kr/goods/354781
2017/06/19 11:24:00{2017/06/19 12:24:00{K쇼핑{20{07{지나송 마리샤 암막 이중커튼 특대형{  {{{{354547{003711354547{http://imgs.kshop.co.kr/goods/547/354547_g_20170530144408.jpg{137000{http://www.kshop.co.kr/goods/354547
2017/06/19 11:24:00{2017/06/19 12:24:00{K쇼핑{20{07{지나송 마리샤 암막 이중커튼 슈퍼특대형{  {{{{354546{003711354546{http://imgs.kshop.co.kr/goods/546/354546_g_20170530144233.jpg{167000{http://www.kshop.co.kr/goods/354546
2017/06/19 11:24:00{2017/06/19 12:24:00{K쇼핑{20{07{지나송 마리샤 암막 이중커튼 대형{가구/인테리어{커튼/블라인드{커튼{거실용커튼{354548{003711354548{http://imgs.kshop.co.kr/goods/548/354548_g_20170530144538.jpg{117000{http://www.kshop.co.kr/goods/354548
2017/06/19 11:24:00{2017/06/19 12:24:00{K쇼핑{20{07{지나송 마리샤 암막 이중커튼 중형{가구/인테리어{커튼/블라인드{커튼{거실용커튼{354549{003711354549{http://imgs.kshop.co.kr/goods/549/354549_g_20170530144714.jpg{97000{http://www.kshop.co.kr/goods/354549
2017/06/19 12:24:00{2017/06/19 13:24:00{K쇼핑{20{07{엘르선글라스 2017{패션잡화{선글라스/안경테{선글라스{{355860{003711355860{http://imgs.kshop.co.kr/goods/860/355860_g_20170530144921.jpg{66000{http://www.kshop.co.kr/goods/355860
2017/06/19 13:25:00{2017/06/19 14:25:00{K쇼핑{20{07{(방송중)샤밀리앙 런닝형 패키지 11종{패션의류{남성언더웨어/잠옷{러닝{{329337{003711329337{http://imgs.kshop.co.kr/goods/337/329337_g_20170210093707.jpg{57900{http://www.kshop.co.kr/goods/329337
2017/06/19 14:27:00{2017/06/19 15:27:00{K쇼핑{20{07{2017 풍기인견 남성 트렁크 5차{패션의류{남성언더웨어/잠옷{팬티{{337939{003711337939{http://imgs.kshop.co.kr/goods/939/337939_g_20170428145452.jpg{67900{http://www.kshop.co.kr/goods/337939
2017/06/19 14:27:00{2017/06/19 15:27:00{K쇼핑{20{07{2017 풍기인견 남성 런닝 5차{패션의류{남성언더웨어/잠옷{러닝{{337937{003711337937{http://imgs.kshop.co.kr/goods/937/337937_g_20170428145355.jpg{67900{http://www.kshop.co.kr/goods/337937
2017/06/19 14:27:00{2017/06/19 15:27:00{K쇼핑{20{07{2017 풍기인견 남성 드로즈 5차{패션의류{남성언더웨어/잠옷{팬티{{337938{003711337938{http://imgs.kshop.co.kr/goods/938/337938_g_20170428145424.jpg{67900{http://www.kshop.co.kr/goods/337938
2017/06/19 15:28:00{2017/06/19 16:28:00{K쇼핑{20{07{(TV)특약_변정수 V케어 미라팩 최다구성 (리프팅밴드+하이드로겔팩+앰플마스크+미라클크림x2){  {{{{358132{003711358132{http://imgs.kshop.co.kr/goods/132/358132_g_20170328182735.jpg{67900{http://www.kshop.co.kr/goods/358132
2017/06/19 16:29:00{2017/06/19 17:29:00{K쇼핑{20{07{(TV_특) 아놀드파마 아이스 쿨매트 (특대형){  {{{{354498{003711354498{http://imgs.kshop.co.kr/goods/498/354498_g_20170531112331.jpg{57800{http://www.kshop.co.kr/goods/354498
2017/06/19 16:29:00{2017/06/19 17:29:00{K쇼핑{20{07{(TV_특) 아놀드파마 아이스 쿨매트 (중형){가구/인테리어{카페트/러그{쿨매트{{354497{003711354497{http://imgs.kshop.co.kr/goods/497/354497_g_20170531112426.jpg{37800{http://www.kshop.co.kr/goods/354497
2017/06/19 17:30:00{2017/06/19 18:30:00{K쇼핑{20{07{(방송)벽창호 콤비 블라인드(대형)_SALE{가구/인테리어{커튼/블라인드{콤비블라인드{{362736{003711362736{http://imgs.kshop.co.kr/goods/736/362736_g_20170616162110.png{105900{http://www.kshop.co.kr/goods/362736
2017/06/19 17:30:00{2017/06/19 18:30:00{K쇼핑{20{07{(방송)벽창호 콤비 블라인드(중형)_SALE{가구/인테리어{커튼/블라인드{콤비블라인드{{362734{003711362734{http://imgs.kshop.co.kr/goods/734/362734_g_20170616162004.png{87900{http://www.kshop.co.kr/goods/362734
2017/06/19 17:30:00{2017/06/19 18:30:00{K쇼핑{20{07{(방송)벽창호 콤비 블라인드(소형)_SALE{가구/인테리어{커튼/블라인드{콤비블라인드{{362735{003711362735{http://imgs.kshop.co.kr/goods/735/362735_g_20170616162040.png{69900{http://www.kshop.co.kr/goods/362735
2017/06/19 17:30:00{2017/06/19 18:30:00{K쇼핑{20{07{(방송)벽창호 콤비 블라인드(특대형)_SALE{  {{{{362737{003711362737{http://imgs.kshop.co.kr/goods/737/362737_g_20170616162144.png{132900{http://www.kshop.co.kr/goods/362737
2017/06/19 18:30:00{2017/06/19 19:30:00{K쇼핑{20{07{(TV)어스투어스 브라질너트 8봉 (총 960g){  {{{{361467{003711361467{http://imgs.kshop.co.kr/goods/467/361467_g_20170616114854.jpg{77000{http://www.kshop.co.kr/goods/361467
2017/06/19 18:30:00{2017/06/19 19:30:00{K쇼핑{20{07{(TV)어스투어스 브라질너트 16봉 (총 1,920g){  {{{{361468{003711361468{http://imgs.kshop.co.kr/goods/468/361468_g_20170616115002.jpg{147000{http://www.kshop.co.kr/goods/361468
2017/06/19 19:32:00{2017/06/19 20:32:00{K쇼핑{20{07{(TV) 매직슈퍼플러스 패키지{생활/건강{욕실용품{비데/비데용품{렌탈비데{353567{003711353567{http://imgs.kshop.co.kr/goods/567/353567_g_20170515113746.jpg{0{http://www.kshop.co.kr/goods/353567
2017/06/19 20:32:00{2017/06/19 21:32:00{K쇼핑{20{07{(직매입)잭필드 여름 숨쉬는바지 3종{패션의류{남성의류{바지{{354968{003711354968{http://imgs.kshop.co.kr/goods/968/354968_g_20170510181421.jpg{57800{http://www.kshop.co.kr/goods/354968
2017/06/19 21:33:00{2017/06/19 22:33:00{K쇼핑{20{07{(TV) 넥센 타이어 렌탈 NEXT LEVEL{  {{{{354842{003711354842{http://imgs.kshop.co.kr/goods/842/354842_g_20170522114134.jpg{0{http://www.kshop.co.kr/goods/354842
2017/06/19 22:34:00{2017/06/19 23:34:00{K쇼핑{20{07{엠포리오 아르마니_가죽{패션잡화{시계{패션시계{가죽밴드시계{357098{003711357098{http://imgs.kshop.co.kr/goods/098/357098_g_20170613101143.jpg{196000{http://www.kshop.co.kr/goods/357098
2017/06/19 22:34:00{2017/06/19 23:34:00{K쇼핑{20{07{엠포리오 아르마니_메탈{패션잡화{시계{패션시계{메탈밴드시계{357097{003711357097{http://imgs.kshop.co.kr/goods/097/357097_g_20170613100928.jpg{256000{http://www.kshop.co.kr/goods/357097
2017/06/19 23:35:00{2017/06/19 23:55:00{K쇼핑{20{07{(TV)Dole 후룻앤넛츠 레드라벨_직택{식품{농산물{견과류{기타견과류{346824{003711346824{http://imgs.kshop.co.kr/goods/824/346824_g_20170412092052.jpg{36900{http://www.kshop.co.kr/goods/346824
2017/06/19 23:55:00{2017/06/19 00:55:00{K쇼핑{20{07{(TV) 롯데렌터카_신차장기 6월조건{  {{{{356506{003711356506{http://imgs.kshop.co.kr/goods/506/356506_g_20170531102219.jpg{0{http://www.kshop.co.kr/goods/356506
2017/06/19 23:57:00{2017/06/19 00:57:00{K쇼핑{20{07{(TV)모비스 컬쿠션 카매트_승용차(전열){생활/건강{자동차용품{차량실내용품{바닥매트{334953{003711334953{http://imgs.kshop.co.kr/goods/953/334953_g_20170310133703.jpg{68900{http://www.kshop.co.kr/goods/334953
2017/06/19 00:57:00{2017/06/19 01:57:00{K쇼핑{20{07{(직_리2)라텍스코 라텍스 실버트리Q세트{가구/인테리어{침실가구{매트리스{퀸매트리스{335763{003711335763{http://imgs.kshop.co.kr/goods/763/335763_g_20160823174812.jpg{487000{http://www.kshop.co.kr/goods/335763
2017/06/19 00:57:00{2017/06/19 01:57:00{K쇼핑{20{07{(직_리2)라텍스코 라텍스 실버트리K세트{가구/인테리어{침구세트{이불베개세트{슈퍼싱글이불베개세트{335762{003711335762{http://imgs.kshop.co.kr/goods/762/335762_g_20160823180200.jpg{547000{http://www.kshop.co.kr/goods/335762
2017/06/19 00:57:00{2017/06/19 01:57:00{K쇼핑{20{07{(직_리2)라텍스코 라텍스 실버트리SS세트{가구/인테리어{침실가구{매트리스{슈퍼싱글매트리스{335764{003711335764{http://imgs.kshop.co.kr/goods/764/335764_g_20160823181330.jpg{437000{http://www.kshop.co.kr/goods/335764
2017/06/19 01:57:00{2017/06/19 02:57:00{K쇼핑{20{07{(TV_직)카스 빅버튼 저주파 자극기_더블구성{생활/건강{물리치료/저주파용품{저주파자극기{{323980{003711323980{http://imgs.kshop.co.kr/goods/980/323980_g_20170106173902.jpg{77600{http://www.kshop.co.kr/goods/323980
2017/06/19 01:57:00{2017/06/19 02:57:00{K쇼핑{20{07{(TV_직)카스 빅버튼 저주파 자극기_기본구성{생활/건강{물리치료/저주파용품{저주파자극기{{323983{003711323983{http://imgs.kshop.co.kr/goods/983/323983_g_20170302110101.jpg{47800{http://www.kshop.co.kr/goods/323983
2017/06/19 02:58:00{2017/06/19 03:18:00{K쇼핑{20{07{프라우스_매화 자수 시어서커 침구 세트 Q{가구/인테리어{침구세트{이불베개세트{더블/퀸이불베개세트{354555{003711354555{http://imgs.kshop.co.kr/goods/555/354555_g_20170519162111.jpg{72900{http://www.kshop.co.kr/goods/354555
2017/06/19 02:58:00{2017/06/19 03:18:00{K쇼핑{20{07{프라우스_매화 자수 시어서커 침구 세트 S{  {{{{354552{003711354552{http://imgs.kshop.co.kr/goods/552/354552_g_20170614160218.jpg{62900{http://www.kshop.co.kr/goods/354552
2017/06/19 02:58:00{2017/06/19 03:18:00{K쇼핑{20{07{프라우스_매화 자수 시어서커 침구 세트 K{가구/인테리어{침구세트{이불베개세트{{354554{003711354554{http://imgs.kshop.co.kr/goods/554/354554_g_20170519161919.jpg{82900{http://www.kshop.co.kr/goods/354554
2017/06/19 03:18:00{2017/06/19 04:18:00{K쇼핑{20{07{(TV_방송) 씨밀레 샤워기 3종 세트{생활/건강{욕실용품{샤워기/수전용품{샤워기{354496{003711354496{http://imgs.kshop.co.kr/goods/496/354496_g_20170602165211.jpg{47800{http://www.kshop.co.kr/goods/354496
2017/06/19 04:19:00{2017/06/19 05:19:00{K쇼핑{20{07{(TV_직)이즈미 전기면도기_블루에디션+코털정리기{  {{{{355884{003711355884{http://imgs.kshop.co.kr/goods/884/355884_g_20170602174911.jpg{98000{http://www.kshop.co.kr/goods/355884
2017/06/19 05:19:00{2017/06/19 06:19:00{K쇼핑{20{07{프로스펙스 대박 드로즈 10종{패션의류{남성언더웨어/잠옷{팬티{{346752{003711346752{http://imgs.kshop.co.kr/goods/752/346752_g_20170410163032.jpg{47900{http://www.kshop.co.kr/goods/346752
2017/06/19 05:19:00{2017/06/19 06:19:00{K쇼핑{20{07{프로스펙스 대박 런닝 10종{패션의류{남성언더웨어/잠옷{러닝{{346750{003711346750{http://imgs.kshop.co.kr/goods/750/346750_g_20170410162824.jpg{47900{http://www.kshop.co.kr/goods/346750
2017/06/19 05:19:00{2017/06/19 06:19:00{K쇼핑{20{07{프로스펙스 대박 트렁크 10종{패션의류{남성언더웨어/잠옷{팬티{{346751{003711346751{http://imgs.kshop.co.kr/goods/751/346751_g_20170410162854.jpg{47900{http://www.kshop.co.kr/goods/346751
2017/06/19 06:20:00{2017/06/19 07:20:00{K쇼핑{20{07{빠올라로씨 와이어 베스트 앙상블 세트_초특가{패션의류{여성의류{조끼{{358532{003711358532{http://imgs.kshop.co.kr/goods/532/358532_g_20170504132832.jpg{47000{http://www.kshop.co.kr/goods/358532
2017/06/19 07:20:00{2017/06/19 08:20:00{K쇼핑{20{07{티나쉐 라이크라 쿨데님 3종_초특가{패션의류{여성의류{청바지{{362647{003711362647{http://imgs.kshop.co.kr/goods/647/362647_g_20170410141227.jpg{47000{http://www.kshop.co.kr/goods/362647
2017/06/19 08:21:00{2017/06/19 09:21:00{K쇼핑{20{07{(TV)SALE_센스맘 캐리어 1+1세트{  {{{{354976{003711354976{http://imgs.kshop.co.kr/goods/976/354976_g_20170523095619.jpg{77800{http://www.kshop.co.kr/goods/354976
2017/06/19 08:21:00{2017/06/19 09:21:00{K쇼핑{20{07{(TV)SALE_센스맘 캐리어 기본세트{생활/건강{생활용품{생활잡화{핸드카트{354975{003711354975{http://imgs.kshop.co.kr/goods/975/354975_g_20170523095456.jpg{47800{http://www.kshop.co.kr/goods/354975
