2017/04/09 02:00:00{2017/04/09 03:00:00{gsshop{[여행]{큐슈/힐튼+아소팜/성인아동[5/8.22.29.6/5.7.12.19.2박3일]인천.아시아나항공{  {25246225{http://image.gsshop.com/image/25/24/25246225_L1.jpg{549,000{http://with.gsshop.com/prd/prd.gs?prdid=25246225
2017/04/09 02:00:00{2017/04/09 03:00:00{gsshop{[여행]{큐슈/힐튼+아소팜/성인아동[4/17.24.5/15.17.24.31.6/14.26.2박3일]인천.아시아나항공{  {25246260{http://image.gsshop.com/image/25/24/25246260_L1.jpg{599,000{http://with.gsshop.com/prd/prd.gs?prdid=25246260
2017/04/09 02:00:00{2017/04/09 03:00:00{gsshop{[여행]{큐슈/힐튼+아소팜/성인아동[4/19.26.5/10.18.6/8.15.21.28.2박3일]인천.아시아나항공{  {25246314{http://image.gsshop.com/image/25/24/25246314_L1.jpg{649,000{http://with.gsshop.com/prd/prd.gs?prdid=25246314
2017/04/09 02:00:00{2017/04/09 03:00:00{gsshop{[여행]{큐슈/힐튼+아소팜/성인아동[4/20.27.5/11.25.6/1.22.29.7/3.10.2박3일]인천.아시아나항공{  {25247382{http://image.gsshop.com/image/25/24/25247382_L1.jpg{699,000{http://with.gsshop.com/prd/prd.gs?prdid=25247382
2017/04/09 02:00:00{2017/04/09 03:00:00{gsshop{[여행]{큐슈/힐튼+아소팜/성인아동[4/22.29.5/13.20.27.6/10.24.7/6.13.17.24.31.2박3일]인천.아시아나항공{  {25247599{http://image.gsshop.com/image/25/24/25247599_L1.jpg{749,000{http://with.gsshop.com/prd/prd.gs?prdid=25247599
2017/04/09 02:00:00{2017/04/09 03:00:00{gsshop{[여행]{큐슈/힐튼+아소팜/성인아동[7/1.8.20.22.27.2박3일]인천.아시아나항공{  {25247668{http://image.gsshop.com/image/25/24/25247668_L1.jpg{799,000{http://with.gsshop.com/prd/prd.gs?prdid=25247668
2017/04/09 03:00:00{2017/04/09 04:04:00{gsshop{[생활가전]{오쿠)NEW 스마트 OC-S1000(방송){['디지털/가전', '주방가전', '홍삼제조기']{19166395{http://image.gsshop.com/image/19/16/19166395_L1.jpg{368,000{http://with.gsshop.com/prd/prd.gs?prdid=19166395
2017/04/09 04:05:00{2017/04/09 04:30:00{gsshop{[의류]{(블랙 NEW 시즌컬러추가) 2만원 최초 SALE나네트 플리츠스커트 1종{  {24052970{http://image.gsshop.com/image/24/05/24052970_L1.jpg{49,000{http://with.gsshop.com/prd/prd.gs?prdid=24052970
2017/04/09 04:30:00{2017/04/09 05:30:00{gsshop{[건강식품]{17년 핫이슈 [보이차다이어트] 총 12주분{['식품', '다이어트식품', '기타다이어트식품']{24157764{http://image.gsshop.com/image/24/15/24157764_L1.jpg{168,000{http://with.gsshop.com/prd/prd.gs?prdid=24157764
2017/04/09 06:00:00{2017/04/09 06:50:00{gsshop{[주방용품]{[스타픽스] 특허받은 원터치 실리텐 주방선반(화이트/블랙 선택){['생활/건강', '주방용품', '주방수납용품', '싱크선반']{24094177{http://image.gsshop.com/image/24/09/24094177_L1.jpg{108,000{http://with.gsshop.com/prd/prd.gs?prdid=24094177
2017/04/09 06:50:00{2017/04/09 07:50:00{gsshop{[건강식품]{최다구성프리바이오틱스FOS 플러스 5개월+6개월+무료체험10포{  {25212953{http://image.gsshop.com/image/25/21/25212953_L1.jpg{158,000{http://with.gsshop.com/prd/prd.gs?prdid=25212953
2017/04/09 07:50:00{2017/04/09 08:50:00{gsshop{[렌탈]{★무료체험 14일★ 쓰면 납니다~[헤어빔 탈모 치료 의료기기 상담예약]{  {24100404{http://image.gsshop.com/image/24/10/24100404_L1.jpg{{http://with.gsshop.com/prd/prd.gs?prdid=24100404
2017/04/09 08:50:00{2017/04/09 10:00:00{gsshop{[레포츠의류]{★2017 봄 최신상★ 푸마 오리지널 정품!![PUMA] 푸마 남성용 AIR-FLEX 수트 상,하의 총 2종{  {24134254{http://image.gsshop.com/image/24/13/24134254_L1.jpg{88,000{http://with.gsshop.com/prd/prd.gs?prdid=24134254
2017/04/09 08:50:00{2017/04/09 10:00:00{gsshop{[레포츠의류]{★2017 봄 최신상★ 푸마 오리지널 정품!![PUMA] 푸마 여성용 AIR-FLEX 수트 총 2종{  {24134286{http://image.gsshop.com/image/24/13/24134286_L1.jpg{88,000{http://with.gsshop.com/prd/prd.gs?prdid=24134286
2017/04/09 08:50:00{2017/04/09 10:00:00{gsshop{[레포츠의류]{[PUMA] 남성용 테크쉴드 항공점퍼+맨투맨 ★17년 봄 최신상★{['패션의류', '남성의류', '티셔츠']{24134338{http://image.gsshop.com/image/24/13/24134338_L1.jpg{78,000{http://with.gsshop.com/prd/prd.gs?prdid=24134338
2017/04/09 08:50:00{2017/04/09 10:00:00{gsshop{[레포츠의류]{[PUMA] 여성용 테크쉴드 보머재킷+티셔츠 ★17년 봄 최신상★{['패션의류', '여성의류']{24134350{http://image.gsshop.com/image/24/13/24134350_L1.jpg{98,000{http://with.gsshop.com/prd/prd.gs?prdid=24134350
2017/04/09 10:00:00{2017/04/09 11:15:00{gsshop{[이미용]{★최초공개★ 제대혈 배양액[GD11]어드밴스드 랩 에너지 앰플{['화장품/미용', '스킨케어', '에센스']{25112706{http://image.gsshop.com/image/25/11/25112706_L1.jpg{138,000{http://with.gsshop.com/prd/prd.gs?prdid=25112706
2017/04/09 11:15:00{2017/04/09 12:30:00{gsshop{[헤어/미용기구]{[실큰] 플래시앤고 프리덤 IPL 제모기+5천회+30만회 카트리지 더{['디지털/가전', '이미용가전', '피부케어기기']{24791578{http://image.gsshop.com/image/24/79/24791578_L1.jpg{299,000{http://with.gsshop.com/prd/prd.gs?prdid=24791578
2017/04/09 11:15:00{2017/04/09 12:30:00{gsshop{[헤어/미용기구]{[실큰] 플래시앤고 프리덤 IPL 제모기+5천회 카트리지{['디지털/가전', '이미용가전', '피부케어기기']{24794821{http://image.gsshop.com/image/24/79/24794821_L1.jpg{229,000{http://with.gsshop.com/prd/prd.gs?prdid=24794821
2017/04/09 13:45:00{2017/04/09 15:00:00{gsshop{[건강식품]{[식약처 개별인정형] 리미티드 벚꽃패키지 에버 콜라겐 2+1병{['식품', '건강식품', '영양제', '콜라겐']{24826120{http://image.gsshop.com/image/24/82/24826120_L1.jpg{119,000{http://with.gsshop.com/prd/prd.gs?prdid=24826120
2017/04/09 13:45:00{2017/04/09 15:00:00{gsshop{[건강식품]{[식약처 개별인정형]리미티드 벚꽃패키지 에버 콜라겐 3+3병{['식품', '건강식품', '영양제', '콜라겐']{24827084{http://image.gsshop.com/image/24/82/24827084_L1.jpg{239,000{http://with.gsshop.com/prd/prd.gs?prdid=24827084
2017/04/09 13:45:00{2017/04/09 15:00:00{gsshop{[건강식품]{[식약처 개별인정형]리미티드 벚꽃패키지 에버 콜라겐 13병{['식품', '건강식품', '영양제', '콜라겐']{24827700{http://image.gsshop.com/image/24/82/24827700_L1.jpg{449,000{http://with.gsshop.com/prd/prd.gs?prdid=24827700
2017/04/09 15:00:00{2017/04/09 16:15:00{gsshop{[생활용품]{인투모 헤어블루머 세트 (기기 + 헤어파우더 2개 + 파인픽서){['화장품/미용', '헤어케어', '헤어미스트']{24061272{http://image.gsshop.com/image/24/06/24061272_L1.jpg{189,000{http://with.gsshop.com/prd/prd.gs?prdid=24061272
2017/04/09 16:15:00{2017/04/09 17:20:00{gsshop{[일반가전]{LG휘센듀얼디럭스에어컨 2in1 62.6(19평)+18.7(6평) FQ19D7DWA2{['디지털/가전', '계절가전', '에어컨']{25217864{http://image.gsshop.com/image/25/21/25217864_L1.jpg{2,809,000{http://with.gsshop.com/prd/prd.gs?prdid=25217864
2017/04/09 16:15:00{2017/04/09 17:20:00{gsshop{[일반가전]{LG 휘센 듀얼 에어컨 2in1 56.9㎡(17)+18.7㎡(6) FQ17D7DWA2{['디지털/가전', '계절가전', '에어컨', '벽걸이형에어컨']{25218159{http://image.gsshop.com/image/25/21/25218159_L1.jpg{2,599,000{http://with.gsshop.com/prd/prd.gs?prdid=25218159
2017/04/09 16:15:00{2017/04/09 17:20:00{gsshop{[일반가전]{LG 휘센 듀얼 디럭스 에어컨 스탠드 62.6㎡(19평형) FQ19D7DWA{['디지털/가전', '계절가전', '에어컨']{25218308{http://image.gsshop.com/image/25/21/25218308_L1.jpg{2,409,000{http://with.gsshop.com/prd/prd.gs?prdid=25218308
2017/04/09 16:15:00{2017/04/09 17:20:00{gsshop{[일반가전]{LG 휘센 듀얼 디럭스 에어컨 스탠드형 56.9㎡(17) FQ17D7DWA{['디지털/가전', '계절가전', '에어컨', '스탠드형에어컨']{25218578{http://image.gsshop.com/image/25/21/25218578_L1.jpg{2,199,000{http://with.gsshop.com/prd/prd.gs?prdid=25218578
2017/04/09 17:40:00{2017/04/09 19:25:00{gsshop{[여행]{북유럽+발틱 7국[6/6.11.18.9/3.5.10.특정일출발.성인/아동]7박10일.터키항공{  {25243012{http://image.gsshop.com/image/25/24/25243012_L1.jpg{2,590,000{http://with.gsshop.com/prd/prd.gs?prdid=25243012
2017/04/09 17:40:00{2017/04/09 19:25:00{gsshop{[여행]{북유럽+발틱 7국[5/2.28.6/4.13.20.25.28.7/4.9.11.16.8/20.22.27.29.특정일출발.성인/아동]7박10일{  {25243057{http://image.gsshop.com/image/25/24/25243057_L1.jpg{2,690,000{http://with.gsshop.com/prd/prd.gs?prdid=25243057
2017/04/09 17:40:00{2017/04/09 19:25:00{gsshop{[여행]{북유럽+발틱 7국[7/18.25.8/6.8.13.15.특정일출발.성인/아동]7박10일.터키항공{  {25243182{http://image.gsshop.com/image/25/24/25243182_L1.jpg{2,790,000{http://with.gsshop.com/prd/prd.gs?prdid=25243182
2017/04/09 17:40:00{2017/04/09 19:25:00{gsshop{[여행]{스페인 8일[성.아4/17,24.5/6~7/15(월목토)8/19,21,28,29,31.9/2~10/30(월목토)*제외일있음]{  {25245073{http://image.gsshop.com/image/25/24/25245073_L1.jpg{1,590,000{http://with.gsshop.com/prd/prd.gs?prdid=25245073
2017/04/09 19:25:00{2017/04/09 20:35:00{gsshop{[렌탈]{바디프랜드 렌탈 안마의자 무료 상담예약{  {22707746{http://image.gsshop.com/image/22/70/22707746_L1.jpg{{http://with.gsshop.com/prd/prd.gs?prdid=22707746
2017/04/09 20:35:00{2017/04/09 21:35:00{gsshop{[렌탈]{라클라우드 라텍스 매트리스 상담예약{  {25241259{http://image.gsshop.com/image/25/24/25241259_L1.jpg{{http://with.gsshop.com/prd/prd.gs?prdid=25241259
2017/04/09 21:35:00{2017/04/09 22:40:00{gsshop{[일반가전]{LG휘센듀얼디럭스에어컨 2in1 62.6(19평)+18.7(6평) FQ19D7DWA2{['디지털/가전', '계절가전', '에어컨']{25217864{http://image.gsshop.com/image/25/21/25217864_L1.jpg{2,809,000{http://with.gsshop.com/prd/prd.gs?prdid=25217864
2017/04/09 21:35:00{2017/04/09 22:40:00{gsshop{[일반가전]{LG 휘센 듀얼 에어컨 2in1 56.9㎡(17)+18.7㎡(6) FQ17D7DWA2{['디지털/가전', '계절가전', '에어컨', '벽걸이형에어컨']{25218159{http://image.gsshop.com/image/25/21/25218159_L1.jpg{2,599,000{http://with.gsshop.com/prd/prd.gs?prdid=25218159
2017/04/09 21:35:00{2017/04/09 22:40:00{gsshop{[일반가전]{LG 휘센 듀얼 디럭스 에어컨 스탠드 62.6㎡(19평형) FQ19D7DWA{['디지털/가전', '계절가전', '에어컨']{25218308{http://image.gsshop.com/image/25/21/25218308_L1.jpg{2,409,000{http://with.gsshop.com/prd/prd.gs?prdid=25218308
2017/04/09 21:35:00{2017/04/09 22:40:00{gsshop{[일반가전]{LG 휘센 듀얼 디럭스 에어컨 스탠드형 56.9㎡(17) FQ17D7DWA{['디지털/가전', '계절가전', '에어컨', '스탠드형에어컨']{25218578{http://image.gsshop.com/image/25/21/25218578_L1.jpg{2,199,000{http://with.gsshop.com/prd/prd.gs?prdid=25218578
2017/04/09 23:50:00{2017/04/09 01:00:00{gsshop{[렌탈]{2017년 LG 최신 퓨리케어 슬림업다운 정수기{  {25139865{http://image.gsshop.com/image/25/13/25139865_L1.jpg{{http://with.gsshop.com/prd/prd.gs?prdid=25139865
2017/04/09 02:00:00{2017/04/09 06:15:00{hmall{다시보는 인기상품(재)(ZONE a.m.){조이너스 페미닌 쉬폰 블라우스 4종{['패션의류', '여성의류', '블라우스/셔츠']{47114853{http://image.hyundaihmall.com/static/8/4/11/47/2047114853_0_170.jpg{69,900{http://www.hyundaihmall.com/front/pda/itemPtc.do?slitmCd=2047114853
2017/04/09 02:00:00{2017/04/09 06:15:00{hmall{다시보는 인기상품(재)(ZONE a.m.){조이너스 NO스트레스 모던 팬츠 4종{['패션의류', '여성의류', '바지']{47115248{http://image.hyundaihmall.com/static/2/5/11/47/2047115248_0_170.jpg{69,900{http://www.hyundaihmall.com/front/pda/itemPtc.do?slitmCd=2047115248
2017/04/09 02:00:00{2017/04/09 06:15:00{hmall{다시보는 인기상품(재)(ZONE a.m.){(직)이연복 칠리새우+동파육세트{['식품', '냉동/간편조리식품', '기타냉동/간편조리식품']{36701155{http://image.hyundaihmall.com/static/1/1/70/36/2036701155_0_170.jpg{69,900{http://www.hyundaihmall.com/front/pda/itemPtc.do?slitmCd=2036701155
2017/04/09 02:00:00{2017/04/09 06:15:00{hmall{다시보는 인기상품(재)(ZONE a.m.){쿨트 프렌치 아트웍 스웻 여성 4종{  {48745263{http://image.hyundaihmall.com/static/2/5/74/48/2048745263_0_170.jpg{49,000{http://www.hyundaihmall.com/front/pda/itemPtc.do?slitmCd=2048745263
2017/04/09 02:00:00{2017/04/09 06:15:00{hmall{다시보는 인기상품(재)(ZONE a.m.){쿨트 프렌치 아트웍 스웻 남성 4종{  {48802995{http://image.hyundaihmall.com/static/9/2/80/48/2048802995_0_170.jpg{49,000{http://www.hyundaihmall.com/front/pda/itemPtc.do?slitmCd=2048802995
2017/04/09 02:00:00{2017/04/09 06:15:00{hmall{다시보는 인기상품(재)(ZONE a.m.){(직) 하우동천 질경이 1세트{['화장품/미용', '바디케어', '여성청결제']{48199787{http://image.hyundaihmall.com/static/7/9/19/48/2048199787_0_170.jpg{75,900{http://www.hyundaihmall.com/front/pda/itemPtc.do?slitmCd=2048199787
2017/04/09 02:00:00{2017/04/09 06:15:00{hmall{다시보는 인기상품(재)(ZONE a.m.){(직) 하우동천 질경이 1+1세트{['화장품/미용', '바디케어', '여성청결제']{48200326{http://image.hyundaihmall.com/static/3/0/20/48/2048200326_0_170.jpg{146,800{http://www.hyundaihmall.com/front/pda/itemPtc.do?slitmCd=2048200326
2017/04/09 02:00:00{2017/04/09 06:15:00{hmall{다시보는 인기상품(재)(ZONE a.m.){미니멈 [MINIMUM] 울트라 라이트 컴포트 슈즈 - 여성용{['패션잡화', '여성신발', '기능화', '컴포트화']{47783869{http://image.hyundaihmall.com/static/8/3/78/47/2047783869_0_170.jpg{59,800{http://www.hyundaihmall.com/front/pda/itemPtc.do?slitmCd=2047783869
2017/04/09 02:00:00{2017/04/09 06:15:00{hmall{다시보는 인기상품(재)(ZONE a.m.){미니멈 [MINIMUM] 옴므 울트라 라이트 컴포트 슈즈 - 남성용{['패션잡화', '남성신발', '정장구두']{47783900{http://image.hyundaihmall.com/static/9/3/78/47/2047783900_0_170.jpg{79,800{http://www.hyundaihmall.com/front/pda/itemPtc.do?slitmCd=2047783900
2017/04/09 01:00:00{2017/04/09 02:00:00{hmall{레포츠{킨록앤더슨 남성화 2종(옥스퍼드화+ 컴포트화)+ 소가죽 리버시블 벨트{['패션잡화', '남성신발', '정장구두']{40433136{http://image.hyundaihmall.com/static/1/3/43/40/2040433136_0_170.jpg{129,000{http://www.hyundaihmall.com/front/pda/itemPtc.do?slitmCd=2040433136
2017/04/09 01:00:00{2017/04/09 02:00:00{hmall{레포츠{[단품] 킨록앤더슨 컴포트화 1종{['패션잡화', '남성신발', '정장구두']{40446449{http://image.hyundaihmall.com/static/4/6/44/40/2040446449_0_170.jpg{109,000{http://www.hyundaihmall.com/front/pda/itemPtc.do?slitmCd=2040446449
2017/04/09 23:50:00{2017/04/09 01:00:00{hmall{미용{알롱제 바디 브러쉬 세트{  {48812115{http://image.hyundaihmall.com/static/1/2/81/48/2048812115_0_170.jpg{99,000{http://www.hyundaihmall.com/front/pda/itemPtc.do?slitmCd=2048812115
2017/04/09 23:50:00{2017/04/09 01:00:00{hmall{미용{알롱제 바디 브러쉬 연장핸들{['화장품/미용', '뷰티소품', '바디소품']{48812690{http://image.hyundaihmall.com/static/6/2/81/48/2048812690_0_170.jpg{49,000{http://www.hyundaihmall.com/front/pda/itemPtc.do?slitmCd=2048812690
2017/04/09 23:50:00{2017/04/09 01:00:00{hmall{미용{알롱제 바디쉐이핑 샤워젤 400ml{['화장품/미용', '바디케어', '바디클렌저']{48813489{http://image.hyundaihmall.com/static/4/3/81/48/2048813489_0_170.jpg{43,000{http://www.hyundaihmall.com/front/pda/itemPtc.do?slitmCd=2048813489
2017/04/09 21:30:00{2017/04/09 23:50:00{hmall{렌터카{SK렌터카{['여행/문화', '여행/항공권', '렌터카']{38700447{http://image.hyundaihmall.com/static/4/0/70/38/2038700447_0_170.jpg{{http://www.hyundaihmall.com/front/pda/itemPtc.do?slitmCd=2038700447
2017/04/09 20:25:00{2017/04/09 21:30:00{hmall{생활용품{하우동천 질경이 1세트{['화장품/미용', '바디케어', '여성청결제']{47321523{http://image.hyundaihmall.com/static/5/1/32/47/2047321523_0_170.jpg{75,900{http://www.hyundaihmall.com/front/pda/itemPtc.do?slitmCd=2047321523
2017/04/09 20:25:00{2017/04/09 21:30:00{hmall{생활용품{하우동천 질경이 1+1세트{['화장품/미용', '바디케어', '여성청결제']{47321552{http://image.hyundaihmall.com/static/5/1/32/47/2047321552_0_170.jpg{146,800{http://www.hyundaihmall.com/front/pda/itemPtc.do?slitmCd=2047321552
2017/04/09 20:25:00{2017/04/09 21:30:00{hmall{생활용품{[단품]질경이 페미닌티슈 1박스 (10매){['화장품/미용', '바디케어', '여성청결제']{47322240{http://image.hyundaihmall.com/static/2/2/32/47/2047322240_0_170.jpg{15,000{http://www.hyundaihmall.com/front/pda/itemPtc.do?slitmCd=2047322240
2017/04/09 19:20:00{2017/04/09 20:25:00{hmall{대형가전{LG 트롬 스타일러 최고급형 S3RF (브라운){['디지털/가전', '생활가전', '건조기/탈수기', '의류건조기']{48722559{http://image.hyundaihmall.com/static/5/2/72/48/2048722559_0_170.jpg{1,530,000{http://www.hyundaihmall.com/front/pda/itemPtc.do?slitmCd=2048722559
2017/04/09 19:20:00{2017/04/09 20:25:00{hmall{대형가전{LG 트롬 스타일러 고급형 S3WF (화이트){['디지털/가전', '생활가전', '건조기/탈수기', '의류건조기']{48722648{http://image.hyundaihmall.com/static/6/2/72/48/2048722648_0_170.jpg{1,330,000{http://www.hyundaihmall.com/front/pda/itemPtc.do?slitmCd=2048722648
2017/04/09 18:30:00{2017/04/09 19:20:00{hmall{렌탈{[헤어빔] 홈케어 탈모치료 의료기기{['화장품/미용', '헤어케어', '탈모케어']{43747635{http://image.hyundaihmall.com/static/6/7/74/43/2043747635_0_170.jpg{{http://www.hyundaihmall.com/front/pda/itemPtc.do?slitmCd=2043747635
2017/04/09 17:20:00{2017/04/09 18:30:00{hmall{여행{[레드캡투어][여행] 서유럽 4국 8박10일{  {48803178{http://image.hyundaihmall.com/static/1/3/80/48/2048803178_0_170.jpg{2,890,000{http://www.hyundaihmall.com/front/pda/itemPtc.do?slitmCd=2048803178
2017/04/09 17:20:00{2017/04/09 18:30:00{hmall{여행{[레드캡투어][여행] 서유럽 4국 8박10일{  {48803349{http://image.hyundaihmall.com/static/3/3/80/48/2048803349_0_170.jpg{2,990,000{http://www.hyundaihmall.com/front/pda/itemPtc.do?slitmCd=2048803349
2017/04/09 17:20:00{2017/04/09 18:30:00{hmall{여행{[레드캡투어][여행] 서유럽 4국 8박10일{  {48803481{http://image.hyundaihmall.com/static/4/3/80/48/2048803481_0_170.jpg{3,290,000{http://www.hyundaihmall.com/front/pda/itemPtc.do?slitmCd=2048803481
2017/04/09 17:20:00{2017/04/09 18:30:00{hmall{여행{[레드캡투어][여행] 서유럽 4국 8박10일{  {48803639{http://image.hyundaihmall.com/static/6/3/80/48/2048803639_0_170.jpg{3,790,000{http://www.hyundaihmall.com/front/pda/itemPtc.do?slitmCd=2048803639
2017/04/09 16:10:00{2017/04/09 17:20:00{hmall{대형가전{LG 디오스 매직스페이스 V8700 [F878S31]{['디지털/가전', '주방가전', '냉장고', '양문형냉장고']{47789700{http://image.hyundaihmall.com/static/7/9/78/47/2047789700_0_170.jpg{2,160,000{http://www.hyundaihmall.com/front/pda/itemPtc.do?slitmCd=2047789700
2017/04/09 14:55:00{2017/04/09 16:10:00{hmall{의류{마르엘라 로사티 스프링 쉬폰 블라우스 4종 (with 김혜수){['패션의류', '여성의류', '블라우스/셔츠']{47322255{http://image.hyundaihmall.com/static/2/2/32/47/2047322255_0_170.jpg{69,900{http://www.hyundaihmall.com/front/pda/itemPtc.do?slitmCd=2047322255
2017/04/09 14:55:00{2017/04/09 16:10:00{hmall{의류{마르엘라 로사티 스프링 시그니처 데님 3종 (with 김혜수){['패션의류', '여성의류', '청바지']{47172332{http://image.hyundaihmall.com/static/3/2/17/47/2047172332_0_170.jpg{69,900{http://www.hyundaihmall.com/front/pda/itemPtc.do?slitmCd=2047172332
2017/04/09 14:55:00{2017/04/09 16:10:00{hmall{의류{마르엘라 로사티 컴피 골지 티블라우스 3종 + 비숍 티블라우스 3종 (with 김혜수){['패션의류', '여성의류', '블라우스/셔츠']{47519450{http://image.hyundaihmall.com/static/4/9/51/47/2047519450_0_170.jpg{49,900{http://www.hyundaihmall.com/front/pda/itemPtc.do?slitmCd=2047519450
2017/04/09 12:30:00{2017/04/09 14:55:00{hmall{속옷/미용{신영와코루 아네타 2017 최신상 프리컷 라이크라-텐셀탑{['패션의류', '여성언더웨어/잠옷', '브라팬티세트']{46902800{http://image.hyundaihmall.com/static/8/2/90/46/2046902800_0_170.jpg{109,000{http://www.hyundaihmall.com/front/pda/itemPtc.do?slitmCd=2046902800
2017/04/09 12:30:00{2017/04/09 14:55:00{hmall{속옷/미용{[단품]신영와코루 아네타 2017 최신상 프리컷 라이크라-텐셀탑 (핑크){['패션의류', '여성언더웨어/잠옷', '브라팬티세트']{47460131{http://image.hyundaihmall.com/static/1/0/46/47/2047460131_0_170.jpg{75,000{http://www.hyundaihmall.com/front/pda/itemPtc.do?slitmCd=2047460131
2017/04/09 12:30:00{2017/04/09 14:55:00{hmall{속옷/미용{[단품]신영와코루 아네타 2017 최신상 프리컷 라이크라-텐셀탑 (블랙){['패션의류', '여성언더웨어/잠옷', '브라팬티세트']{47463598{http://image.hyundaihmall.com/static/5/3/46/47/2047463598_0_170.jpg{75,000{http://www.hyundaihmall.com/front/pda/itemPtc.do?slitmCd=2047463598
2017/04/09 12:30:00{2017/04/09 14:55:00{hmall{속옷/미용{[단품]신영와코루 아네타 2017 최신상 프리컷 라이크라-텐셀탑 (그레이){['패션의류', '여성언더웨어/잠옷', '브라팬티세트']{47463721{http://image.hyundaihmall.com/static/7/3/46/47/2047463721_0_170.jpg{75,000{http://www.hyundaihmall.com/front/pda/itemPtc.do?slitmCd=2047463721
2017/04/09 12:30:00{2017/04/09 14:55:00{hmall{속옷/미용{[단품]신영와코루 아네타 2017 최신상 프리컷 라이크라-텐셀탑 (스킨){['패션의류', '여성언더웨어/잠옷', '브라팬티세트']{47463773{http://image.hyundaihmall.com/static/7/3/46/47/2047463773_0_170.jpg{75,000{http://www.hyundaihmall.com/front/pda/itemPtc.do?slitmCd=2047463773
2017/04/09 12:30:00{2017/04/09 14:55:00{hmall{속옷/미용{NEW미키모토 코스메틱 골드라벨 에센스 마스크팩LX 스페셜 패키지{['화장품/미용', '마스크/팩', '마스크시트']{46378513{http://image.hyundaihmall.com/static/5/8/37/46/2046378513_0_170.jpg{128,000{http://www.hyundaihmall.com/front/pda/itemPtc.do?slitmCd=2046378513
2017/04/09 10:00:00{2017/04/09 12:30:00{hmall{미용{누페이스 트리니티 세트{['디지털/가전', '이미용가전', '피부케어기기']{47689703{http://image.hyundaihmall.com/static/7/9/68/47/2047689703_0_170.jpg{398,000{http://www.hyundaihmall.com/front/pda/itemPtc.do?slitmCd=2047689703
2017/04/09 10:00:00{2017/04/09 12:30:00{hmall{미용{누페이스 엘르(국소부위 집중관리 헤드){  {46649124{http://image.hyundaihmall.com/static/1/9/64/46/2046649124_0_170.jpg{148,000{http://www.hyundaihmall.com/front/pda/itemPtc.do?slitmCd=2046649124
2017/04/09 10:00:00{2017/04/09 12:30:00{hmall{미용{누페이스 젤 프라이머{['디지털/가전', '이미용가전', '피부케어기기']{38335938{http://image.hyundaihmall.com/static/9/5/33/38/2038335938_0_170.jpg{38,000{http://www.hyundaihmall.com/front/pda/itemPtc.do?slitmCd=2038335938
2017/04/09 10:00:00{2017/04/09 12:30:00{hmall{미용{누페이스 젤 프라이머 특별 패키지{['디지털/가전', '이미용가전', '피부케어기기']{39119374{http://image.hyundaihmall.com/static/3/9/11/39/2039119374_0_170.jpg{150,000{http://www.hyundaihmall.com/front/pda/itemPtc.do?slitmCd=2039119374
2017/04/09 10:00:00{2017/04/09 12:30:00{hmall{미용{누페이스 젤 프라이머 3개입{['화장품/미용', '베이스메이크업', '프라이머']{40942679{http://image.hyundaihmall.com/static/6/2/94/40/2040942679_0_170.jpg{99,000{http://www.hyundaihmall.com/front/pda/itemPtc.do?slitmCd=2040942679
2017/04/09 10:00:00{2017/04/09 12:30:00{hmall{미용{누페이스 엘르(국소부위 집중관리 헤드){  {46478171{http://image.hyundaihmall.com/static/1/8/47/46/2046478171_0_170.jpg{198,000{http://www.hyundaihmall.com/front/pda/itemPtc.do?slitmCd=2046478171
2017/04/09 08:45:00{2017/04/09 10:00:00{hmall{레포츠{랜드마스터 정말 편한 쿠션 홀릭 컴포트화 1종 [여성용]{['패션잡화', '여성신발', '기능화', '컴포트화']{47646766{http://image.hyundaihmall.com/static/7/6/64/47/2047646766_0_170.jpg{79,000{http://www.hyundaihmall.com/front/pda/itemPtc.do?slitmCd=2047646766
2017/04/09 08:45:00{2017/04/09 10:00:00{hmall{레포츠{랜드마스터 정말 편한 쿠션 홀릭  컴포트화 1종 [남성용]{['패션잡화', '남성신발', '스니커즈']{47646947{http://image.hyundaihmall.com/static/9/6/64/47/2047646947_0_170.jpg{79,000{http://www.hyundaihmall.com/front/pda/itemPtc.do?slitmCd=2047646947
2017/04/09 06:50:00{2017/04/09 07:45:00{hmall{레포츠{[직][내 차안의 목격자] 캐치온 블랙박스 팬텀(2CH)(32G){['패션잡화', '여성가방', '숄더백']{47858147{http://image.hyundaihmall.com/static/1/8/85/47/2047858147_0_170.jpg{169,000{http://www.hyundaihmall.com/front/pda/itemPtc.do?slitmCd=2047858147
2017/04/09 06:50:00{2017/04/09 07:45:00{hmall{레포츠{[직][내 차안의 목격자] 캐치온 블랙박스 팬텀(2CH)(16G){['패션잡화', '여성가방', '숄더백']{47858153{http://image.hyundaihmall.com/static/1/8/85/47/2047858153_0_170.jpg{159,000{http://www.hyundaihmall.com/front/pda/itemPtc.do?slitmCd=2047858153
2017/04/09 06:50:00{2017/04/09 07:45:00{hmall{레포츠{［직］[초초특가] 캐치온 블랙박스 프라임(16G){  {42302288{http://image.hyundaihmall.com/static/2/2/30/42/2042302288_0_170.jpg{65,000{http://www.hyundaihmall.com/front/pda/itemPtc.do?slitmCd=2042302288
2017/04/09 06:50:00{2017/04/09 07:45:00{hmall{레포츠{［직］[초초특가] 캐치온 블랙박스 프라임(8G){  {42302323{http://image.hyundaihmall.com/static/3/2/30/42/2042302323_0_170.jpg{59,000{http://www.hyundaihmall.com/front/pda/itemPtc.do?slitmCd=2042302323
2017/04/09 06:50:00{2017/04/09 07:45:00{hmall{레포츠{［직/기획전］[내 차안의 목격자] 캐치온 블랙박스 프라임(16G){['디지털/가전', '자동차기기', '블랙박스/액세서리', '블랙박스']{47255669{http://image.hyundaihmall.com/static/6/5/25/47/2047255669_0_170.jpg{61,000{http://www.hyundaihmall.com/front/pda/itemPtc.do?slitmCd=2047255669
2017/04/09 06:50:00{2017/04/09 07:45:00{hmall{레포츠{［직/기획전] [내 차안의 목격자] 캐치온 블랙박스 프로나인(32G){['생활/건강', '공구', '포장용품']{47255729{http://image.hyundaihmall.com/static/7/5/25/47/2047255729_0_170.jpg{67,000{http://www.hyundaihmall.com/front/pda/itemPtc.do?slitmCd=2047255729
2017/04/09 06:50:00{2017/04/09 07:45:00{hmall{레포츠{［직/기획전] [내 차안의 목격자] 캐치온 블랙박스 프로나인(16G){['디지털/가전', '자동차기기', '블랙박스/액세서리', '블랙박스']{47255785{http://image.hyundaihmall.com/static/7/5/25/47/2047255785_0_170.jpg{61,000{http://www.hyundaihmall.com/front/pda/itemPtc.do?slitmCd=2047255785
2017/04/09 06:50:00{2017/04/09 07:45:00{hmall{레포츠{［직/기획전] [내 차안의 목격자] 캐치온 블랙박스 프로나인(8G){  {47255799{http://image.hyundaihmall.com/static/7/5/25/47/2047255799_0_170.jpg{55,000{http://www.hyundaihmall.com/front/pda/itemPtc.do?slitmCd=2047255799
2017/04/09 06:00:00{2017/04/09 06:50:00{hmall{레포츠{버팔로 여성 메모리 루즈핏 트렌치코트{['패션의류', '여성의류', '코트']{47687443{http://image.hyundaihmall.com/static/4/7/68/47/2047687443_0_170.jpg{79,900{http://www.hyundaihmall.com/front/pda/itemPtc.do?slitmCd=2047687443
2017/04/09 06:00:00{2017/04/09 06:50:00{hmall{레포츠{버팔로 남성 메모리 필드 재킷{['패션의류', '남성의류', '재킷']{47710427{http://image.hyundaihmall.com/static/4/0/71/47/2047710427_0_170.jpg{79,900{http://www.hyundaihmall.com/front/pda/itemPtc.do?slitmCd=2047710427
2017/04/09 00:25:00{2017/04/09 01:05:00{hnsmall{{[렌탈] 이브라 가슴확대 의료기기{  {12615546{http://image.hnsmall.com/images/goods/546/12615546_g.png{0{http://www.hnsmall.com/display/goods.do?goods_code=12615546
2017/04/09 01:05:00{2017/04/09 02:25:00{hnsmall{{북해도 3박4일 (4/18,25,26)(5/8,9,10,15,16,21,22,23,24) [아시아나항공+전일정온천호텔+무제한게요리 포함]{  {12654551{http://image.hnsmall.com/images/goods/551/12654551_g.png{749,000{http://www.hnsmall.com/display/goods.do?goods_code=12654551
2017/04/09 01:05:00{2017/04/09 02:25:00{hnsmall{{북해도 3박4일 (4/17,19,23,24)(5/7,14,17,28,29,30,31)(6/7,14,21,28) [아시아나항공+전일정온천호텔+무제한게요리 포함]{  {12654557{http://image.hnsmall.com/images/goods/557/12654557_g.png{799,000{http://www.hnsmall.com/display/goods.do?goods_code=12654557
2017/04/09 01:05:00{2017/04/09 02:25:00{hnsmall{{북해도 3박4일 (4/21,22)(5/12,13,19,20,26,27)(6/4,5,6,11,12,13,18,19,20,25,26,27) [아시아나항공+전일정온천호텔+무제한게요리 포함]{  {12654564{http://image.hnsmall.com/images/goods/564/12654564_g.png{849,000{http://www.hnsmall.com/display/goods.do?goods_code=12654564
2017/04/09 01:05:00{2017/04/09 02:25:00{hnsmall{{북해도 3박4일 (4/20)(5/11,18,25)(6/9,10,16,17,23 30) [아시아나항공+전일정온천호텔+무제한게요리 포함]{  {12654567{http://image.hnsmall.com/images/goods/567/12654567_g.png{899,000{http://www.hnsmall.com/display/goods.do?goods_code=12654567
2017/04/09 01:05:00{2017/04/09 02:25:00{hnsmall{{북해도 3박4일 (6/1,8,22,29), (7/1,2,3,4,5,7,8,9,10) [아시아나항공+전일정온천호텔+무제한게요리 포함]{  {12654569{http://image.hnsmall.com/images/goods/569/12654569_g.png{949,000{http://www.hnsmall.com/display/goods.do?goods_code=12654569
2017/04/09 02:25:00{2017/04/09 03:05:00{hnsmall{{스테프핫도그+사우어덕 세트 (핫도그 총23개+소스 2종+구운양파+렐리쉬피클){['식품', '수산', '생선', '기타생선']{12421958{http://image.hnsmall.com/images/goods/958/12421958_g.png{43,900{http://www.hnsmall.com/display/goods.do?goods_code=12421958
2017/04/09 03:05:00{2017/04/09 03:45:00{hnsmall{{센스맘 매직롤클리너(매직롤20개+밀대1개+핸디형롤러2개){['생활/건강', '욕실용품', '욕실잡화']{12621739{http://image.hnsmall.com/images/goods/739/12621739_g.png{43,900{http://www.hnsmall.com/display/goods.do?goods_code=12621739
2017/04/09 03:05:00{2017/04/09 03:45:00{hnsmall{{센스맘 매직롤클리너(매직롤31개+롱청소기){  {12621740{http://image.hnsmall.com/images/goods/740/12621740_g.png{43,900{http://www.hnsmall.com/display/goods.do?goods_code=12621740
2017/04/09 03:45:00{2017/04/09 04:40:00{hnsmall{{[샴푸세트/드라이기] 댕기머리 프레스티지 들애수 특별구성{['화장품/미용', '헤어케어', '샴푸']{12522694{http://image.hnsmall.com/images/goods/694/12522694_g.png{119,000{http://www.hnsmall.com/display/goods.do?goods_code=12522694
2017/04/09 03:45:00{2017/04/09 04:40:00{hnsmall{{[샴푸+트리트먼트/드라이기] 댕기머리 프레스티지 들애수 특별구성{['화장품/미용', '헤어케어', '샴푸']{12522702{http://image.hnsmall.com/images/goods/702/12522702_g.png{119,000{http://www.hnsmall.com/display/goods.do?goods_code=12522702
2017/04/09 04:40:00{2017/04/09 05:20:00{hnsmall{{휴스톰 무선 물걸레청소기 듀얼라이팅 HS-9000{['생활/건강', '청소용품', '회전청소기']{12641047{http://image.hnsmall.com/images/goods/047/12641047_g.png{198,000{http://www.hnsmall.com/display/goods.do?goods_code=12641047
2017/04/09 05:20:00{2017/04/09 06:00:00{hnsmall{{리더스링클 완벽 최다최다 스페셜 패키지{['화장품/미용', '스킨케어', '화장품세트']{12526445{http://image.hnsmall.com/images/goods/445/12526445_g.png{148,000{http://www.hnsmall.com/display/goods.do?goods_code=12526445
2017/04/09 06:00:00{2017/04/09 07:20:00{hnsmall{{[렌탈] 탄다승마운동기{['스포츠/레저', '헬스', '승마운동기']{12646616{http://image.hnsmall.com/images/goods/616/12646616_g.png{0{http://www.hnsmall.com/display/goods.do?goods_code=12646616
2017/04/09 07:20:00{2017/04/09 08:20:00{hnsmall{{Premium Rosa 유기농 블랙엘더베리(삼부커스 니그라){  {12580771{http://image.hnsmall.com/images/goods/771/12580771_g.png{159,000{http://www.hnsmall.com/display/goods.do?goods_code=12580771
2017/04/09 08:20:00{2017/04/09 09:20:00{hnsmall{{에드워드권 아보카도 오일 250ml X 6병{['식품', '가공식품', '식용유/오일', '기타기름']{12541900{http://image.hnsmall.com/images/goods/900/12541900_g.png{109,000{http://www.hnsmall.com/display/goods.do?goods_code=12541900
2017/04/09 09:20:00{2017/04/09 10:20:00{hnsmall{{[맥스클리닉] 맥스체인지 선쿠션 패키지{['화장품/미용', '베이스메이크업', '파운데이션']{12649977{http://image.hnsmall.com/images/goods/977/12649977_g.png{79,900{http://www.hnsmall.com/display/goods.do?goods_code=12649977
2017/04/09 10:20:00{2017/04/09 11:20:00{hnsmall{{은나노스텝 다용도세정제 1+1세트{['생활/건강', '생활용품', '세제/세정제', '일반주방세제']{12247809{http://image.hnsmall.com/images/goods/809/12247809_g.png{50,800{http://www.hnsmall.com/display/goods.do?goods_code=12247809
2017/04/09 10:20:00{2017/04/09 11:20:00{hnsmall{{은나노스텝 다용도세정제 1세트{['생활/건강', '청소용품', '기타청소용품']{12615457{http://image.hnsmall.com/images/goods/457/12615457_g.png{39,800{http://www.hnsmall.com/display/goods.do?goods_code=12615457
2017/04/09 10:20:00{2017/04/09 11:20:00{hnsmall{{미라클 곰팡이젤 세트{['생활/건강', '생활용품', '세제/세정제', '곰팡이제거제']{12289826{http://image.hnsmall.com/images/goods/826/12289826_g.png{29,800{http://www.hnsmall.com/display/goods.do?goods_code=12289826
2017/04/09 11:20:00{2017/04/09 12:00:00{hnsmall{{[스와로브스키 한정판] 더블에스샤이니 다이아몬드 골드 세라믹 무선 고데기 1+1세트{['디지털/가전', '이미용가전', '고데기']{12652308{http://image.hnsmall.com/images/goods/308/12652308_g.png{84,000{http://www.hnsmall.com/display/goods.do?goods_code=12652308
2017/04/09 12:00:00{2017/04/09 12:40:00{hnsmall{{티볼리 5단 수납장 1+1+1세트 (아이보리){['가구/인테리어', '침실가구', '서랍장', '5/6단 서랍장']{12321515{http://image.hnsmall.com/images/goods/515/12321515_g.png{149,600{http://www.hnsmall.com/display/goods.do?goods_code=12321515
2017/04/09 12:00:00{2017/04/09 12:40:00{hnsmall{{티볼리 5단 수납장 1+1+1세트 (초코브라운){  {12321516{http://image.hnsmall.com/images/goods/516/12321516_g.png{149,600{http://www.hnsmall.com/display/goods.do?goods_code=12321516
2017/04/09 12:00:00{2017/04/09 12:40:00{hnsmall{{티볼리 5단 수납장 1개 (아이보리){['가구/인테리어', '수납가구']{12613576{http://image.hnsmall.com/images/goods/576/12613576_g.png{79,800{http://www.hnsmall.com/display/goods.do?goods_code=12613576
2017/04/09 12:00:00{2017/04/09 12:40:00{hnsmall{{티볼리 5단 수납장 1개 (브라운){['생활/건강', '청소용품']{12615455{http://image.hnsmall.com/images/goods/455/12615455_g.png{79,800{http://www.hnsmall.com/display/goods.do?goods_code=12615455
2017/04/09 12:00:00{2017/04/09 12:40:00{hnsmall{{티볼리 서랍장 상단커버 1개 + 하단 캡4개 (조립부품){['생활/건강', '청소용품', '기타청소용품']{12328746{http://image.hnsmall.com/images/goods/746/12328746_g.png{15,900{http://www.hnsmall.com/display/goods.do?goods_code=12328746
2017/04/09 12:40:00{2017/04/09 13:20:00{hnsmall{{[미국직수입] 양키캔들 워머스탠드 5종 패키지 (바로크시리즈){  {12613323{http://image.hnsmall.com/images/goods/323/12613323_g.png{109,000{http://www.hnsmall.com/display/goods.do?goods_code=12613323
2017/04/09 13:20:00{2017/04/09 14:00:00{hnsmall{{[농협]블랙라벨 세척사과 12kg(4kg x3박스){['식품', '농산물', '과일']{12530807{http://image.hnsmall.com/images/goods/807/12530807_g.png{59,900{http://www.hnsmall.com/display/goods.do?goods_code=12530807
2017/04/09 14:00:00{2017/04/09 14:40:00{hnsmall{{아이오페 에어쿠션 에센스커버 쿠션 세트{['화장품/미용', '베이스메이크업', '파운데이션']{12651395{http://image.hnsmall.com/images/goods/395/12651395_g.png{84,000{http://www.hnsmall.com/display/goods.do?goods_code=12651395
2017/04/09 14:40:00{2017/04/09 16:00:00{hnsmall{{[쏠리에] 17년 S/S 신상 라운드 엣지 재킷{['패션의류', '남성의류', '재킷']{12644367{http://image.hnsmall.com/images/goods/367/12644367_g.png{59,900{http://www.hnsmall.com/display/goods.do?goods_code=12644367
2017/04/09 14:40:00{2017/04/09 16:00:00{hnsmall{{[쏠리에] 스프링 고은핏 슬림 팬츠 5종{['패션의류', '남성의류', '바지']{12644046{http://image.hnsmall.com/images/goods/046/12644046_g.png{59,900{http://www.hnsmall.com/display/goods.do?goods_code=12644046
2017/04/09 16:00:00{2017/04/09 16:40:00{hnsmall{{홍진경 천연다시팩 30팩+30팩+30팩 총90팩{['화장품/미용', '마스크/팩', '마스크시트']{12492101{http://image.hnsmall.com/images/goods/101/12492101_g.png{69,900{http://www.hnsmall.com/display/goods.do?goods_code=12492101
2017/04/09 16:00:00{2017/04/09 16:40:00{hnsmall{{[홍진경]치즈돈가스2팩+마늘돈가스2팩+소스1병{['식품', '축산', '축산가공식품', '돈가스']{12497397{http://image.hnsmall.com/images/goods/397/12497397_g.png{25,900{http://www.hnsmall.com/display/goods.do?goods_code=12497397
2017/04/09 16:00:00{2017/04/09 16:40:00{hnsmall{{[홍진경더죽] 단팥죽 6봉 패키지{  {12518458{http://image.hnsmall.com/images/goods/458/12518458_g.png{21,900{http://www.hnsmall.com/display/goods.do?goods_code=12518458
2017/04/09 16:00:00{2017/04/09 16:40:00{hnsmall{{[홍진경] 된장 450g + 간장 500ml{['', '식품']{12496839{http://image.hnsmall.com/images/goods/839/12496839_g.png{24,900{http://www.hnsmall.com/display/goods.do?goods_code=12496839
2017/04/09 16:40:00{2017/04/09 17:35:00{hnsmall{{[썬키스트] 캘리포니아 고당도 오렌지 24과x3박스 (총 72과){['식품', '농산물', '과일', '오렌지']{12583413{http://image.hnsmall.com/images/goods/413/12583413_g.png{43,900{http://www.hnsmall.com/display/goods.do?goods_code=12583413
2017/04/09 17:35:00{2017/04/09 18:35:00{hnsmall{{[디키즈] 17SS 최신상 바람막이 점퍼 1종{['패션의류', '남성의류', '점퍼']{12605976{http://image.hnsmall.com/images/goods/976/12605976_g.png{49,000{http://www.hnsmall.com/display/goods.do?goods_code=12605976
2017/04/09 17:35:00{2017/04/09 18:35:00{hnsmall{{[뱅뱅]17SS 뉴프리미엄 데님팬츠2종{['패션의류', '여성의류', '청바지']{12606081{http://image.hnsmall.com/images/goods/081/12606081_g.png{69,900{http://www.hnsmall.com/display/goods.do?goods_code=12606081
2017/04/09 18:35:00{2017/04/09 19:35:00{hnsmall{{세부 5일 5/9~6/30(토/일/월/화) 성인 [특급리조트+아시아나항공+호핑투어 포함]{  {12654426{http://image.hnsmall.com/images/goods/426/12654426_g.png{499,000{http://www.hnsmall.com/display/goods.do?goods_code=12654426
2017/04/09 18:35:00{2017/04/09 19:35:00{hnsmall{{세부 5일 5/9~6/30(토/일/월/화) 아동 [특급리조트+아시아나항공+호핑투어 포함]{  {12654434{http://image.hnsmall.com/images/goods/434/12654434_g.png{349,000{http://www.hnsmall.com/display/goods.do?goods_code=12654434
2017/04/09 18:35:00{2017/04/09 19:35:00{hnsmall{{세부 5일 5/9~6/30(수/목/금) 성인 [특급리조트+아시아나항공+호핑투어 포함]{  {12654443{http://image.hnsmall.com/images/goods/443/12654443_g.png{549,000{http://www.hnsmall.com/display/goods.do?goods_code=12654443
2017/04/09 18:35:00{2017/04/09 19:35:00{hnsmall{{세부 5일 5/9~6/30(수/목/금) 아동 [특급리조트+아시아나항공+호핑투어 포함]{  {12654447{http://image.hnsmall.com/images/goods/447/12654447_g.png{399,000{http://www.hnsmall.com/display/goods.do?goods_code=12654447
2017/04/09 18:35:00{2017/04/09 19:35:00{hnsmall{{세부 5일 7/1~20(토/일/월/화) 성인 [특급리조트+아시아나항공+호핑투어 포함]{  {12654462{http://image.hnsmall.com/images/goods/462/12654462_g.png{599,000{http://www.hnsmall.com/display/goods.do?goods_code=12654462
2017/04/09 18:35:00{2017/04/09 19:35:00{hnsmall{{세부 5일 7/1~20(토/일/월/화) 아동 [특급리조트+아시아나항공+호핑투어 포함]{  {12654466{http://image.hnsmall.com/images/goods/466/12654466_g.png{449,000{http://www.hnsmall.com/display/goods.do?goods_code=12654466
2017/04/09 18:35:00{2017/04/09 19:35:00{hnsmall{{세부 5일 7/1~20(수/목/금) 성인 [특급리조트+아시아나항공+호핑투어 포함]{  {12654469{http://image.hnsmall.com/images/goods/469/12654469_g.png{649,000{http://www.hnsmall.com/display/goods.do?goods_code=12654469
2017/04/09 18:35:00{2017/04/09 19:35:00{hnsmall{{세부 5일 7/1~20(수/목/금) 아동 [특급리조트+아시아나항공+호핑투어 포함]{  {12654470{http://image.hnsmall.com/images/goods/470/12654470_g.png{499,000{http://www.hnsmall.com/display/goods.do?goods_code=12654470
2017/04/09 19:35:00{2017/04/09 20:55:00{hnsmall{{AHC 더 퓨어 리얼 아이크림 포 페이스(시즌5){['화장품/미용', '스킨케어', '아이케어']{12632403{http://image.hnsmall.com/images/goods/403/12632403_g.png{99,000{http://www.hnsmall.com/display/goods.do?goods_code=12632403
2017/04/09 20:55:00{2017/04/09 21:35:00{hnsmall{{[W.베일]17년 S/S Spring 수트컬렉션 4종(재킷+베스트+블라우스2종){['패션의류', '여성의류', '블라우스/셔츠']{12613305{http://image.hnsmall.com/images/goods/305/12613305_g.png{109,000{http://www.hnsmall.com/display/goods.do?goods_code=12613305
2017/04/09 21:35:00{2017/04/09 22:15:00{hnsmall{{더블앤더블 화장품정리대(3단 타워형){['생활/건강', '수납/정리용품', '정리함', '신발정리대']{12622682{http://image.hnsmall.com/images/goods/682/12622682_g.png{39,800{http://www.hnsmall.com/display/goods.do?goods_code=12622682
2017/04/09 21:35:00{2017/04/09 22:15:00{hnsmall{{더블앤더블 화장품정리대(기본형){['화장품/미용', '뷰티소품', '메이크업정리함']{12636431{http://image.hnsmall.com/images/goods/431/12636431_g.png{29,800{http://www.hnsmall.com/display/goods.do?goods_code=12636431
2017/04/09 22:15:00{2017/04/09 22:55:00{hnsmall{{[퍼실 밀리언 파워] 정품 2.7리터 4병 + 1.8리터 5팩 + 프릴 주방세제 1병 + 버넬 8weeks 1병 + 브레프 변기세정제 3팩{  {12539412{http://image.hnsmall.com/images/goods/412/12539412_g.png{86,800{http://www.hnsmall.com/display/goods.do?goods_code=12539412
2017/04/09 22:55:00{2017/04/09 00:15:00{hnsmall{{해피콜 초고속 블렌더 엑슬림{['디지털/가전', '주방가전', '믹서기']{12646986{http://image.hnsmall.com/images/goods/986/12646986_g.png{359,000{http://www.hnsmall.com/display/goods.do?goods_code=12646986
2017/04/09 22:55:00{2017/04/09 00:15:00{hnsmall{{해피콜 브런치 & 스낵팬 세트 (브레드나이프 2종){['생활/건강', '주방용품', '프라이팬', '프라이팬세트']{12647127{http://image.hnsmall.com/images/goods/127/12647127_g.png{69,000{http://www.hnsmall.com/display/goods.do?goods_code=12647127
2017/04/09 01:00:00{2017/04/09 02:00:00{lotte{{이브라 시스템 렌탈{  {12538680{http://image2.lotteimall.com/goods/80/86/53/12538680_H1.jpg{{http://www.lotteimall.com/goods/viewGoodsDetail.lotte?goods_no=12538680
2017/04/09 02:00:00{2017/04/09 03:00:00{lotte{{[CHANTY] 샹티 란제리 14차 브라팬티 19종{['패션의류', '여성언더웨어/잠옷', '브라팬티세트']{12534738{http://image2.lotteimall.com/goods/38/47/53/12534738_H1.jpg{179,000원{http://www.lotteimall.com/goods/viewGoodsDetail.lotte?goods_no=12534738
2017/04/09 03:00:00{2017/04/09 03:30:00{lotte{{{  {img{http://image2.lotteimall.com/goods///g/img_H1.jpg{{http://www.lotteimall.com/goods/viewGoodsDetail.lotte?goods_no=img
2017/04/09 03:30:00{2017/04/09 04:15:00{lotte{{●두쏠뷰티 컬앤볼륨크림 (컬앤볼륨크림 120ml*3ea+컬앤볼륨크림 50ml*3ea+키친아트 스텐 반찬통 3종){['화장품/미용', '헤어케어']{12537925{http://image2.lotteimall.com/goods/25/79/53/12537925_H1.jpg{69,800원{http://www.lotteimall.com/goods/viewGoodsDetail.lotte?goods_no=12537925
2017/04/09 04:15:00{2017/04/09 05:05:00{lotte{{스텐하우스 스텐밀폐용기 핸디형 1+1 세트(총18개) (사은품: 도마3종){['생활/건강', '주방용품', '보관/밀폐용기', '스텐용기']{12534053{http://image2.lotteimall.com/goods/53/40/53/12534053_H1.jpg{149,000원{http://www.lotteimall.com/goods/viewGoodsDetail.lotte?goods_no=12534053
2017/04/09 05:05:00{2017/04/09 06:15:00{lotte{{이경제 녹용진액 3병(100g*3병, 총 300g, 약 4개월분){['식품', '건강식품', '건강즙']{12513572{http://image2.lotteimall.com/goods/72/35/51/12513572_H1.jpg{300,000원{http://www.lotteimall.com/goods/viewGoodsDetail.lotte?goods_no=12513572
2017/04/09 06:15:00{2017/04/09 07:35:00{lotte{{[FILA][남성] 17년 휠라 프리모션 썸머셔츠 3종{['패션의류', '남성의류', '티셔츠']{12538043{http://image2.lotteimall.com/goods/43/80/53/12538043_H1.jpg{119,000원{http://www.lotteimall.com/goods/viewGoodsDetail.lotte?goods_no=12538043
2017/04/09 07:35:00{2017/04/09 08:50:00{lotte{{W 정수기 / 탄산수기 렌탈{['디지털/가전', '주방가전', '정수기', '냉온정수기']{12512243{http://image2.lotteimall.com/goods/43/22/51/12512243_H1.jpg{{http://www.lotteimall.com/goods/viewGoodsDetail.lotte?goods_no=12512243
2017/04/09 08:50:00{2017/04/09 10:00:00{lotte{{[엘지생활건강] 핑크에디션 수려한 진생녹용 콜라겐 세트{['화장품/미용', '스킨케어', '화장품세트']{12539107{http://image2.lotteimall.com/goods/07/91/53/12539107_H1.jpg{158,000원{http://www.lotteimall.com/goods/viewGoodsDetail.lotte?goods_no=12539107
2017/04/09 10:00:00{2017/04/09 11:15:00{lotte{{발로 파워젤 (세제 2L*4ea + 세제 1.8L*4ea + 주방세제500ml*2개  + 세제 39ml*8개){['생활/건강', '생활용품', '세제/세정제', '일반주방세제']{12538605{http://image2.lotteimall.com/goods/05/86/53/12538605_H1.jpg{82,800원{http://www.lotteimall.com/goods/viewGoodsDetail.lotte?goods_no=12538605
2017/04/09 11:15:00{2017/04/09 12:30:00{lotte{{||한샘 유로||올인원 하이클래스 시스템 키친 2.4m{['가구/인테리어', '주방가구', '싱크대']{12538008{http://image2.lotteimall.com/goods/08/80/53/12538008_H1.jpg{2,299,000원{http://www.lotteimall.com/goods/viewGoodsDetail.lotte?goods_no=12538008
2017/04/09 12:30:00{2017/04/09 13:45:00{lotte{{[DermaFix] 더마픽스 콜라겐 프로그램 (리얼 콜라겐100×60pcs + 콜라겐 액티베이터 20ml×10){['화장품/미용', '마스크/팩', '마스크시트']{12538341{http://image2.lotteimall.com/goods/41/83/53/12538341_H1.jpg{149,000원{http://www.lotteimall.com/goods/viewGoodsDetail.lotte?goods_no=12538341
2017/04/09 13:45:00{2017/04/09 16:10:00{lotte{{ARTICO 아르티코 썸머 윈디 셔링 자켓{['패션의류', '여성의류', '재킷']{12537663{http://image2.lotteimall.com/goods/63/76/53/12537663_H1.jpg{79,000원{http://www.lotteimall.com/goods/viewGoodsDetail.lotte?goods_no=12537663
2017/04/09 16:10:00{2017/04/09 17:10:00{lotte{{에이스화재 나만의 맞춤 암보험(일반){  {12536047{http://image2.lotteimall.com/goods/47/60/53/12536047_H1.jpg{{http://www.lotteimall.com/goods/viewGoodsDetail.lotte?goods_no=12536047
2017/04/09 17:10:00{2017/04/09 17:30:00{lotte{{{  {img{http://image2.lotteimall.com/goods///g/img_H1.jpg{{http://www.lotteimall.com/goods/viewGoodsDetail.lotte?goods_no=img
2017/04/09 17:30:00{2017/04/09 18:25:00{lotte{{[코타키나발루][5/7 - 5/31, 6/7 - 6/30 (토일월화)출발]초특급호텔+호핑투어+키나발루국립공원 코타키나발루 5일(성인){['여행/문화', '여행/항공권', '해외여행']{12539179{http://image2.lotteimall.com/goods/79/91/53/12539179_H1.jpg{499,000원{http://www.lotteimall.com/goods/viewGoodsDetail.lotte?goods_no=12539179
2017/04/09 18:25:00{2017/04/09 19:25:00{lotte{{[하노이][5/8 - 5/31(매일),   6/5 - 6/30 (매일),  9/1 - 9/26 (매일)출발]특급호텔+닌빈번농+스트릿카 하노이/닌빈/하롱베이5일(성인/아동){['여행/문화', '여행/항공권', '해외여행']{12539075{http://image2.lotteimall.com/goods/75/90/53/12539075_H1.jpg{379,000원{http://www.lotteimall.com/goods/viewGoodsDetail.lotte?goods_no=12539075
2017/04/09 19:25:00{2017/04/09 20:25:00{lotte{{대한민국 No.1 롯데렌터카{  {12538621{http://image2.lotteimall.com/goods/21/86/53/12538621_H1.jpg{{http://www.lotteimall.com/goods/viewGoodsDetail.lotte?goods_no=12538621
2017/04/09 20:25:00{2017/04/09 21:30:00{lotte{{[푸마][남성] 17 썸머 쿨맥스-프로 100 셔츠 3종{['패션의류', '남성의류', '티셔츠']{12538559{http://image2.lotteimall.com/goods/59/85/53/12538559_H1.jpg{119,000원{http://www.lotteimall.com/goods/viewGoodsDetail.lotte?goods_no=12538559
2017/04/09 21:30:00{2017/04/09 22:35:00{lotte{{[FILA][남성] 17년 썸머 FILA 프리모션 Cool-Flex 팬츠 3종 SET{['스포츠/레저', '수영', '비치웨어']{12538011{http://image2.lotteimall.com/goods/11/80/53/12538011_H1.jpg{159,000원{http://www.lotteimall.com/goods/viewGoodsDetail.lotte?goods_no=12538011
2017/04/09 22:35:00{2017/04/09 23:50:00{lotte{{나무하나 MASTER TROLLEY 스니커즈{['패션잡화', '여성신발', '단화', '스니커즈']{12534166{http://image2.lotteimall.com/goods/66/41/53/12534166_H1.jpg{199,000원{http://www.lotteimall.com/goods/viewGoodsDetail.lotte?goods_no=12534166
2017/04/09 23:50:00{2017/04/09 01:00:00{lotte{{JOCKEY 쟈키 슈퍼볼륨 브라팬티{['패션의류', '여성언더웨어/잠옷', '브라팬티세트']{12539219{http://image2.lotteimall.com/goods/19/92/53/12539219_H1.jpg{169,000원{http://www.lotteimall.com/goods/viewGoodsDetail.lotte?goods_no=12539219
2017/04/10 01:00:00{2017/04/10 02:00:00{gsshop{[의류]{17년 최신상 XESS 울혼방 에디션핏 남성 정장 수트 2종택1{['패션의류', '남성의류', '정장세트']{24930689{http://image.gsshop.com/image/24/93/24930689_L1.jpg{99,000{http://with.gsshop.com/prd/prd.gs?prdid=24930689
2017/04/10 03:11:00{2017/04/10 04:10:00{gsshop{[건강식품]{[라이프에버] 와일드 링곤베리 다이어트 1 1, 총 2세트 (총56포){['식품', '다이어트식품', '기타다이어트식품']{24228106{http://image.gsshop.com/image/24/22/24228106_L1.jpg{139,000{http://with.gsshop.com/prd/prd.gs?prdid=24228106
2017/04/10 04:10:00{2017/04/10 04:40:00{gsshop{[생활용품]{주방,욕실,운동화 찌든때 모두 OK !프로닥스 멀티클리너 1+1 세트 (멀티클리너 6+기능성매직폼 6){  {21632948{http://image.gsshop.com/image/21/63/21632948_L1.jpg{59,800{http://with.gsshop.com/prd/prd.gs?prdid=21632948
2017/04/10 04:40:00{2017/04/10 05:30:00{gsshop{[속옷]{[원더브라]원더브라95 Perfect Line 패키지{['패션의류', '여성언더웨어/잠옷', '브라팬티세트']{25013430{http://image.gsshop.com/image/25/01/25013430_L1.jpg{159,000{http://with.gsshop.com/prd/prd.gs?prdid=25013430
2017/04/10 06:00:00{2017/04/10 07:15:00{gsshop{[헤어/미용기구]{[유토렉스]자바스 고데기 세트 (고데기 1개+볼륨에센스 1개){['디지털/가전', '이미용가전', '매직기']{25239490{http://image.gsshop.com/image/25/23/25239490_L1.jpg{59,900{http://with.gsshop.com/prd/prd.gs?prdid=25239490
2017/04/10 07:15:00{2017/04/10 08:15:00{gsshop{[생활용품]{특허받은 알칼리이온수! 세정/탈취/살균을 한번에!동국제약 저스트워터 세정탈취제{  {24799093{http://image.gsshop.com/image/24/79/24799093_L1.jpg{59,800{http://with.gsshop.com/prd/prd.gs?prdid=24799093
2017/04/10 08:15:00{2017/04/10 09:25:00{gsshop{[트렌드의류]{4/20 13:40 방송중 ARS5천,일시불5천>BREAL 데님 팬츠 2종{['패션의류', '여성의류', '청바지']{24561259{http://image.gsshop.com/image/24/56/24561259_L1.jpg{59,000{http://with.gsshop.com/prd/prd.gs?prdid=24561259
2017/04/10 08:15:00{2017/04/10 09:25:00{gsshop{[트렌드의류]{BREAL 수트 4종 세트 (재킷+팬츠+티블라우스+스커트){['패션의류', '여성의류', '코디세트']{24561792{http://image.gsshop.com/image/24/56/24561792_L1.jpg{99,000{http://with.gsshop.com/prd/prd.gs?prdid=24561792
2017/04/10 08:15:00{2017/04/10 09:25:00{gsshop{[잡화]{[Breal] 집업 플랫폼 로퍼{['패션잡화', '여성신발', '단화', '옥스퍼드화']{25012379{http://image.gsshop.com/image/25/01/25012379_L1.jpg{68,000{http://with.gsshop.com/prd/prd.gs?prdid=25012379
2017/04/10 09:25:00{2017/04/10 10:25:00{gsshop{[보험]{[KDB]연금-미래설계연금보험{  {{{{
2017/04/10 11:35:00{2017/04/10 12:40:00{gsshop{[의류]{[17SS 최신상]리차드차이 밀라노 원피스 셋업{['패션의류', '여성의류', '원피스']{24812342{http://image.gsshop.com/image/24/81/24812342_L1.jpg{89,100{http://with.gsshop.com/prd/prd.gs?prdid=24812342
2017/04/10 11:35:00{2017/04/10 12:40:00{gsshop{[의류]{디자이너가 선택한 NEW소재![17SS 최신상]리차드차이  플레어블라우스 3종{  {24731340{http://image.gsshop.com/image/24/73/24731340_L1.jpg{49,900{http://with.gsshop.com/prd/prd.gs?prdid=24731340
2017/04/10 12:40:00{2017/04/10 13:40:00{gsshop{[침구]{아이시스] 보니서커 침구세트Q{  {24966181{http://image.gsshop.com/image/24/96/24966181_L1.jpg{69,900{http://with.gsshop.com/prd/prd.gs?prdid=24966181
2017/04/10 12:40:00{2017/04/10 13:40:00{gsshop{[침구]{아이시스] 보니서커 침구세트K{  {24966116{http://image.gsshop.com/image/24/96/24966116_L1.jpg{89,900{http://with.gsshop.com/prd/prd.gs?prdid=24966116
2017/04/10 12:40:00{2017/04/10 13:40:00{gsshop{[침구]{아이시스] 보니서커 침구세트SS{['가구/인테리어', '침구세트', '이불베개세트', '슈퍼싱글이불베개세트']{24965979{http://image.gsshop.com/image/24/96/24965979_L1.jpg{65,900{http://with.gsshop.com/prd/prd.gs?prdid=24965979
2017/04/10 13:40:00{2017/04/10 14:40:00{gsshop{[보험]{[AIA]간편심사-꼭필요한암보험II{  {{{{
2017/04/10 14:40:00{2017/04/10 15:10:00{gsshop{[생활가전]{에브리봇 물걸레 무선로봇청소기 RS500 / GS단독 물걸래패드 8장 증정!!{['디지털/가전', '생활가전', '청소기', '로봇청소기']{23856345{http://image.gsshop.com/image/23/85/23856345_L1.jpg{197,000{http://with.gsshop.com/prd/prd.gs?prdid=23856345
2017/04/10 15:10:00{2017/04/10 16:10:00{gsshop{[레포츠의류]{17년 봄 팬츠 최신상품 // GS단독[ADIDAS GOLF] 남성 아디퍼펙트 팬츠 3종 ★17년 봄 최신상!★{  {24131632{http://image.gsshop.com/image/24/13/24131632_L1.jpg{159,000{http://with.gsshop.com/prd/prd.gs?prdid=24131632
2017/04/10 15:10:00{2017/04/10 16:10:00{gsshop{[레포츠의류]{17년 봄 팬츠 최신상품 // GS단독[ADIDAS GOLF] 여성 아디퍼펙트 팬츠 3종 ★17년 봄 최신상!★{  {24568877{http://image.gsshop.com/image/24/56/24568877_L1.jpg{159,000{http://with.gsshop.com/prd/prd.gs?prdid=24568877
2017/04/10 15:10:00{2017/04/10 16:10:00{gsshop{[레포츠의류]{[썬밸리] 키높이 스니커즈_여{['패션잡화', '여성신발', '단화', '스니커즈']{22181226{http://image.gsshop.com/image/22/18/22181226_L1.jpg{38,900{http://with.gsshop.com/prd/prd.gs?prdid=22181226
2017/04/10 15:10:00{2017/04/10 16:10:00{gsshop{[레포츠의류]{[썬밸리] 데일리키높이 스니커즈_남{['패션잡화', '남성신발', '스니커즈']{22181243{http://image.gsshop.com/image/22/18/22181243_L1.jpg{38,900{http://with.gsshop.com/prd/prd.gs?prdid=22181243
2017/04/10 16:40:00{2017/04/10 17:40:00{gsshop{[이미용]{★자외선 차단  손상 케어를 하나로★ 동국제약 마데카 선크림{['화장품/미용', '선케어', '선크림']{25187189{http://image.gsshop.com/image/25/18/25187189_L1.jpg{59,000{http://with.gsshop.com/prd/prd.gs?prdid=25187189
2017/04/10 17:40:00{2017/04/10 18:40:00{gsshop{[보험]{[ACE]주택-홈가드보험{  {{{{
2017/04/10 18:40:00{2017/04/10 19:35:00{gsshop{[렌탈]{쿠쿠 정수기 렌탈{['디지털/가전', '주방가전', '정수기', '냉온정수기']{23015423{http://image.gsshop.com/image/23/01/23015423_L1.jpg{{http://with.gsshop.com/prd/prd.gs?prdid=23015423
2017/04/10 20:40:00{2017/04/10 21:40:00{gsshop{[일반가전]{삼성무풍에어컨 메탈골드 홈멀티형[스탠드 16형+벽걸이 6형]{['디지털/가전', '계절가전', '에어컨', '멀티형에어컨']{25150875{http://image.gsshop.com/image/25/15/25150875_L1.jpg{2,499,000{http://with.gsshop.com/prd/prd.gs?prdid=25150875
2017/04/10 20:40:00{2017/04/10 21:40:00{gsshop{[일반가전]{삼성무풍에어컨 메탈화이트 홈멀티형[스탠드 16형+벽걸이 6형]{['디지털/가전', '계절가전', '에어컨', '멀티형에어컨']{25150874{http://image.gsshop.com/image/25/15/25150874_L1.jpg{2,399,000{http://with.gsshop.com/prd/prd.gs?prdid=25150874
2017/04/10 20:40:00{2017/04/10 21:40:00{gsshop{[일반가전]{삼성무풍에어컨 메탈골드 스탠드[16형/52.8㎡]{['디지털/가전', '계절가전', '에어컨', '스탠드형에어컨']{25150877{http://image.gsshop.com/image/25/15/25150877_L1.jpg{2,099,000{http://with.gsshop.com/prd/prd.gs?prdid=25150877
2017/04/10 20:40:00{2017/04/10 21:40:00{gsshop{[일반가전]{삼성무풍에어컨 메탈화이트 스탠드[16형/52.8㎡]{['디지털/가전', '계절가전', '에어컨', '스탠드형에어컨']{25150876{http://image.gsshop.com/image/25/15/25150876_L1.jpg{1,999,000{http://with.gsshop.com/prd/prd.gs?prdid=25150876
2017/04/10 21:40:00{2017/04/10 22:40:00{gsshop{[보험]{[동양]암-실속암보험(2배체증형){  {{{{
2017/04/10 22:40:00{2017/04/10 23:40:00{gsshop{[렌탈]{넥센 타이어 렌탈 상담예약{  {23180135{http://image.gsshop.com/image/23/18/23180135_L1.jpg{{http://with.gsshop.com/prd/prd.gs?prdid=23180135
2017/04/10 23:40:00{2017/04/10 00:10:00{gsshop{[컴퓨터]{[삼성] 노트북9 메탈 NT900X5L-L24S/W/P{['디지털/가전', '노트북']{25095208{http://image.gsshop.com/image/25/09/25095208_L1.jpg{1,199,000{http://with.gsshop.com/prd/prd.gs?prdid=25095208
2017/04/10 02:00:00{2017/04/10 06:15:00{hmall{다시보는 인기상품(재)(ZONE a.m.){생쥴랑 14K 이태리 골드볼 컬렉션 (총5종){['패션잡화', '주얼리', '목걸이']{47786590{http://image.hyundaihmall.com/static/5/6/78/47/2047786590_0_170.jpg{159,000{http://www.hyundaihmall.com/front/pda/itemPtc.do?slitmCd=2047786590
2017/04/10 02:00:00{2017/04/10 06:15:00{hmall{다시보는 인기상품(재)(ZONE a.m.){(직)엘렌실라 달팽이크림 방송패키지{['화장품/미용', '스킨케어', '화장품세트']{46877288{http://image.hyundaihmall.com/static/2/7/87/46/2046877288_0_170.jpg{79,000{http://www.hyundaihmall.com/front/pda/itemPtc.do?slitmCd=2046877288
2017/04/10 02:00:00{2017/04/10 06:15:00{hmall{다시보는 인기상품(재)(ZONE a.m.){(상)코라코르 CORACOR 여성 더블에어 데일리 스웻셔츠 4종{['패션의류', '여성의류', '블라우스/셔츠']{48651094{http://image.hyundaihmall.com/static/0/1/65/48/2048651094_0_170.jpg{79,000{http://www.hyundaihmall.com/front/pda/itemPtc.do?slitmCd=2048651094
2017/04/10 02:00:00{2017/04/10 06:15:00{hmall{다시보는 인기상품(재)(ZONE a.m.){(상)코라코르 CORACOR 남성 더블에어 데일리 스웻셔츠 4종{['패션의류', '남성의류', '티셔츠']{48651126{http://image.hyundaihmall.com/static/1/1/65/48/2048651126_0_170.jpg{79,000{http://www.hyundaihmall.com/front/pda/itemPtc.do?slitmCd=2048651126
2017/04/10 02:00:00{2017/04/10 06:15:00{hmall{다시보는 인기상품(재)(ZONE a.m.){아키 리프팅 조끼 노와이어 실속패키지{['패션의류', '여성언더웨어/잠옷', '보정속옷', '보정속옷세트']{48272111{http://image.hyundaihmall.com/static/1/2/27/48/2048272111_0_170.jpg{89,900{http://www.hyundaihmall.com/front/pda/itemPtc.do?slitmCd=2048272111
2017/04/10 02:00:00{2017/04/10 06:15:00{hmall{다시보는 인기상품(재)(ZONE a.m.){일명 김지선 다이어트 휴럼 황후의 보이차 다이어트 (800mg*56정*3박스 총 12주분){['식품', '음료', '차류', '보이차']{47271142{http://image.hyundaihmall.com/static/1/1/27/47/2047271142_0_170.jpg{168,000{http://www.hyundaihmall.com/front/pda/itemPtc.do?slitmCd=2047271142
2017/04/10 02:00:00{2017/04/10 06:15:00{hmall{다시보는 인기상품(재)(ZONE a.m.){일명 김지선 다이어트 휴럼 황후의 보이차 다이어트(800mg*56정 총 4주분){['식품', '다이어트식품', '기타다이어트식품']{46913396{http://image.hyundaihmall.com/static/3/3/91/46/2046913396_0_170.jpg{139,000{http://www.hyundaihmall.com/front/pda/itemPtc.do?slitmCd=2046913396
2017/04/10 02:00:00{2017/04/10 06:15:00{hmall{다시보는 인기상품(재)(ZONE a.m.){(직)세신퀸센스 S-MASTER 통5중 스테인레스 냄비세트{['생활/건강', '주방용품', '냄비/솥', '냄비세트']{43427475{http://image.hyundaihmall.com/static/4/7/42/43/2043427475_0_170.jpg{239,000{http://www.hyundaihmall.com/front/pda/itemPtc.do?slitmCd=2043427475
2017/04/10 01:00:00{2017/04/10 02:00:00{hmall{렌탈{[렌탈]체리쉬 모션 베드{  {45624085{http://image.hyundaihmall.com/static/0/4/62/45/2045624085_0_170.jpg{{http://www.hyundaihmall.com/front/pda/itemPtc.do?slitmCd=2045624085
2017/04/10 23:55:00{2017/04/10 01:00:00{hmall{금융{동부화재 다이렉트 참좋은운전자보험{  {45972644{http://image.hyundaihmall.com/static/6/2/97/45/2045972644_0_170.jpg{{http://www.hyundaihmall.com/front/pda/itemPtc.do?slitmCd=2045972644
2017/04/10 22:50:00{2017/04/10 23:55:00{hmall{미용{끌레드벨 골드 콜라겐 리프팅 마스크 방송패키지{['화장품/미용', '마스크/팩', '마스크/팩세트']{48581086{http://image.hyundaihmall.com/static/0/1/58/48/2048581086_0_170.jpg{99,000{http://www.hyundaihmall.com/front/pda/itemPtc.do?slitmCd=2048581086
2017/04/10 22:50:00{2017/04/10 23:55:00{hmall{미용{끌레드벨 플라센타 스페셜 마스크 방송패키지{['화장품/미용', '마스크/팩', '마스크시트']{43790759{http://image.hyundaihmall.com/static/7/0/79/43/2043790759_0_170.jpg{79,000{http://www.hyundaihmall.com/front/pda/itemPtc.do?slitmCd=2043790759
2017/04/10 21:45:00{2017/04/10 22:50:00{hmall{금융{신한생명 받고 또 받는 생활비 암보험{  {48869055{http://image.hyundaihmall.com/static/0/9/86/48/2048869055_0_170.jpg{{http://www.hyundaihmall.com/front/pda/itemPtc.do?slitmCd=2048869055
2017/04/10 19:35:00{2017/04/10 21:45:00{hmall{의류{COMPAGNA 꼼빠니아  슈퍼스트레치 릴렉스팬츠 4종{['패션의류', '여성의류', '바지']{48638600{http://image.hyundaihmall.com/static/6/8/63/48/2048638600_0_170.jpg{69,900{http://www.hyundaihmall.com/front/pda/itemPtc.do?slitmCd=2048638600
2017/04/10 19:35:00{2017/04/10 21:45:00{hmall{의류{라크레시아(LACRECIA) 베르가모 테일러 베스트{['패션의류', '여성의류', '조끼']{47351639{http://image.hyundaihmall.com/static/6/1/35/47/2047351639_0_170.jpg{49,900{http://www.hyundaihmall.com/front/pda/itemPtc.do?slitmCd=2047351639
2017/04/10 19:35:00{2017/04/10 21:45:00{hmall{의류{조이너스 튜닉 니트4종 + 헨리넥 니트 4종(총 8종){['패션의류', '여성의류', '니트/스웨터']{47128700{http://image.hyundaihmall.com/static/7/8/12/47/2047128700_0_170.jpg{59,900{http://www.hyundaihmall.com/front/pda/itemPtc.do?slitmCd=2047128700
2017/04/10 18:40:00{2017/04/10 19:35:00{hmall{식품{[헛개나무 줄기 열매 잎을 통째로]전체식 통헛개분말 100{['식품', '건강식품', '영양제']{48171887{http://image.hyundaihmall.com/static/8/1/17/48/2048171887_0_170.jpg{129,000{http://www.hyundaihmall.com/front/pda/itemPtc.do?slitmCd=2048171887
2017/04/10 18:40:00{2017/04/10 19:35:00{hmall{식품{[헛개나무 줄기 열매 잎을 통째로]전체식 통헛개분말 100{['식품', '건강식품', '영양제']{48874595{http://image.hyundaihmall.com/static/5/4/87/48/2048874595_0_170.jpg{30,000{http://www.hyundaihmall.com/front/pda/itemPtc.do?slitmCd=2048874595
2017/04/10 17:40:00{2017/04/10 18:40:00{hmall{가용{쿠쿠 풀스텐 분리형 커버 10인용 압력밥솥 CRP-PW107FR/FB{  {46688165{http://image.hyundaihmall.com/static/1/8/68/46/2046688165_0_170.jpg{228,000{http://www.hyundaihmall.com/front/pda/itemPtc.do?slitmCd=2046688165
2017/04/10 17:40:00{2017/04/10 18:40:00{hmall{가용{쿠쿠 풀스텐 분리형 커버 6인용 압력밥솥 CRP-P067FR/FD{['디지털/가전', '주방가전', '전기밥솥', '압력밥솥']{42777097{http://image.hyundaihmall.com/static/0/7/77/42/2042777097_0_170.jpg{208,000{http://www.hyundaihmall.com/front/pda/itemPtc.do?slitmCd=2042777097
2017/04/10 17:40:00{2017/04/10 18:40:00{hmall{가용{쿠쿠 전기 압력보온밥솥 CRP-HUXF103SR/SD{['디지털/가전', '주방가전', '전기밥솥', '압력밥솥']{42439033{http://image.hyundaihmall.com/static/0/9/43/42/2042439033_0_170.jpg{268,000{http://www.hyundaihmall.com/front/pda/itemPtc.do?slitmCd=2042439033
2017/04/10 17:40:00{2017/04/10 18:40:00{hmall{가용{쿠쿠 풀스텐 분리형 커버 10인용 압력밥솥 CRP-P107FR/FD{  {42798193{http://image.hyundaihmall.com/static/1/8/79/42/2042798193_0_170.jpg{228,000{http://www.hyundaihmall.com/front/pda/itemPtc.do?slitmCd=2042798193
2017/04/10 17:40:00{2017/04/10 18:40:00{hmall{가용{쿠쿠 풀스텐 10인용 IH 전기압력밥솥(CRP- HXXB1060FB/FR){['디지털/가전', '주방가전', '전기밥솥', '압력밥솥']{46250570{http://image.hyundaihmall.com/static/5/0/25/46/2046250570_0_170.jpg{298,000{http://www.hyundaihmall.com/front/pda/itemPtc.do?slitmCd=2046250570
2017/04/10 17:40:00{2017/04/10 18:40:00{hmall{가용{풀스테인리스 분리형 커버IH전기압력밥솥 CRP-HSB067FS{['디지털/가전', '주방가전', '전기밥솥', '압력밥솥']{46689858{http://image.hyundaihmall.com/static/8/9/68/46/2046689858_0_170.jpg{238,000{http://www.hyundaihmall.com/front/pda/itemPtc.do?slitmCd=2046689858
2017/04/10 17:40:00{2017/04/10 18:40:00{hmall{가용{쿠쿠 풀스텐 10인용 IH 3.0에코(CRP-GHS107FG/FD){['디지털/가전', '주방가전', '전기밥솥', '압력밥솥']{46966791{http://image.hyundaihmall.com/static/7/6/96/46/2046966791_0_170.jpg{498,000{http://www.hyundaihmall.com/front/pda/itemPtc.do?slitmCd=2046966791
2017/04/10 17:40:00{2017/04/10 18:40:00{hmall{가용{쿠쿠 풀스텐 6인용 IH 3.0에너지세이버(CRP-FHR065FD){['디지털/가전', '주방가전', '전기밥솥', '압력밥솥']{46966882{http://image.hyundaihmall.com/static/8/6/96/46/2046966882_0_170.jpg{478,000{http://www.hyundaihmall.com/front/pda/itemPtc.do?slitmCd=2046966882
2017/04/10 17:40:00{2017/04/10 18:40:00{hmall{가용{쿠쿠 풀스텐 분리형 커버 IH 전기압력밥솥(CRP-HWXB1020FB){['디지털/가전', '주방가전', '전기밥솥', '압력밥솥']{47246722{http://image.hyundaihmall.com/static/7/6/24/47/2047246722_0_170.jpg{338,000{http://www.hyundaihmall.com/front/pda/itemPtc.do?slitmCd=2047246722
2017/04/10 17:40:00{2017/04/10 18:40:00{hmall{가용{쿠쿠 풀스텐 에코 프리미엄 10인용 SMART IH 전기압력밥솥(CRP-AHS109FS/FB){['디지털/가전', '주방가전', '전기밥솥', '압력밥솥']{47519974{http://image.hyundaihmall.com/static/9/9/51/47/2047519974_0_170.jpg{408,000{http://www.hyundaihmall.com/front/pda/itemPtc.do?slitmCd=2047519974
2017/04/10 17:40:00{2017/04/10 18:40:00{hmall{가용{쿠쿠 에코 풀스텐 6인용 SMART IH 전기압력밥솥(CRP-BHS0610FB/FS){['디지털/가전', '주방가전', '전기밥솥', '압력밥솥']{47520026{http://image.hyundaihmall.com/static/0/0/52/47/2047520026_0_170.jpg{398,000{http://www.hyundaihmall.com/front/pda/itemPtc.do?slitmCd=2047520026
2017/04/10 16:40:00{2017/04/10 17:40:00{hmall{속옷{히미코 라이크라 올레이스 란쥬쉐이퍼 2차{  {48865544{http://image.hyundaihmall.com/static/5/5/86/48/2048865544_0_170.jpg{89,900{http://www.hyundaihmall.com/front/pda/itemPtc.do?slitmCd=2048865544
2017/04/10 15:35:00{2017/04/10 16:40:00{hmall{금융{(무)평생보장 암보험{  {45941706{http://image.hyundaihmall.com/static/7/1/94/45/2045941706_0_170.jpg{{http://www.hyundaihmall.com/front/pda/itemPtc.do?slitmCd=2045941706
2017/04/10 14:45:00{2017/04/10 15:35:00{hmall{식품{[천하일미] 홍석천 이원일의 치킨 콤보(불닭 치킨 7팩+데리야끼 치킨 7팩){['식품', '축산', '축산가공식품', '닭양념육']{48716803{http://image.hyundaihmall.com/static/8/6/71/48/2048716803_0_170.jpg{59,900{http://www.hyundaihmall.com/front/pda/itemPtc.do?slitmCd=2048716803
2017/04/10 14:45:00{2017/04/10 15:35:00{hmall{식품{[천하일미] 홍석천의 불닭 치킨 14팩{['화장품/미용', '마스크/팩', '워시오프팩']{48717420{http://image.hyundaihmall.com/static/4/7/71/48/2048717420_0_170.jpg{59,900{http://www.hyundaihmall.com/front/pda/itemPtc.do?slitmCd=2048717420
2017/04/10 14:45:00{2017/04/10 15:35:00{hmall{식품{[천하일미] 홍석천 불닭 치킨 7팩{['화장품/미용', '마스크/팩', '워시오프팩']{48721980{http://image.hyundaihmall.com/static/9/1/72/48/2048721980_0_170.jpg{49,900{http://www.hyundaihmall.com/front/pda/itemPtc.do?slitmCd=2048721980
2017/04/10 14:45:00{2017/04/10 15:35:00{hmall{식품{[천하일미] 이원일 데리야끼 치킨 7팩{['화장품/미용', '마스크/팩', '워시오프팩']{48722438{http://image.hyundaihmall.com/static/4/2/72/48/2048722438_0_170.jpg{49,900{http://www.hyundaihmall.com/front/pda/itemPtc.do?slitmCd=2048722438
2017/04/10 13:40:00{2017/04/10 14:45:00{hmall{렌탈{코웨이 공기청정기(AP-1016N){['디지털/가전', '계절가전', '공기정화기', '공기청정기']{46338986{http://image.hyundaihmall.com/static/9/8/33/46/2046338986_0_170.jpg{{http://www.hyundaihmall.com/front/pda/itemPtc.do?slitmCd=2046338986
2017/04/10 12:40:00{2017/04/10 13:40:00{hmall{금융{(무)플러스암보험(갱신형){  {45941724{http://image.hyundaihmall.com/static/7/1/94/45/2045941724_0_170.jpg{{http://www.hyundaihmall.com/front/pda/itemPtc.do?slitmCd=2045941724
2017/04/10 10:25:00{2017/04/10 12:40:00{hmall{식품/미용{일명 김지선 다이어트 휴럼 황후의 보이차 다이어트 (800mg*56정*3박스 총 12주분){['식품', '음료', '차류', '보이차']{46912925{http://image.hyundaihmall.com/static/9/2/91/46/2046912925_0_170.jpg{168,000{http://www.hyundaihmall.com/front/pda/itemPtc.do?slitmCd=2046912925
2017/04/10 10:25:00{2017/04/10 12:40:00{hmall{식품/미용{일명 김지선 다이어트 휴럼 황후의 보이차 다이어트(800mg*56정 총 4주분){['식품', '다이어트식품', '기타다이어트식품']{46913396{http://image.hyundaihmall.com/static/3/3/91/46/2046913396_0_170.jpg{139,000{http://www.hyundaihmall.com/front/pda/itemPtc.do?slitmCd=2046913396
2017/04/10 10:25:00{2017/04/10 12:40:00{hmall{식품/미용{고리1919(GORI1919) 이탈리아 토스카나 퍼퓸솝 특별 패키지{['화장품/미용', '클렌징', '클렌징비누']{48740720{http://image.hyundaihmall.com/static/7/0/74/48/2048740720_0_170.jpg{59,900{http://www.hyundaihmall.com/front/pda/itemPtc.do?slitmCd=2048740720
2017/04/10 08:15:00{2017/04/10 10:25:00{hmall{의류{J by 생폴 투피스{  {46545350{http://image.hyundaihmall.com/static/3/5/54/46/2046545350_0_170.jpg{79,000{http://www.hyundaihmall.com/front/pda/itemPtc.do?slitmCd=2046545350
2017/04/10 08:15:00{2017/04/10 10:25:00{hmall{의류{J by 마들렌 에코 레더자켓{['패션의류', '여성의류', '재킷']{46545200{http://image.hyundaihmall.com/static/2/5/54/46/2046545200_0_170.jpg{59,000{http://www.hyundaihmall.com/front/pda/itemPtc.do?slitmCd=2046545200
2017/04/10 08:15:00{2017/04/10 10:25:00{hmall{의류{J by 제이 시그니처 팬츠1종{  {46545244{http://image.hyundaihmall.com/static/2/5/54/46/2046545244_0_170.jpg{49,000{http://www.hyundaihmall.com/front/pda/itemPtc.do?slitmCd=2046545244
2017/04/10 08:15:00{2017/04/10 10:25:00{hmall{의류{J by 마레 블라우스 3종{  {46129023{http://image.hyundaihmall.com/static/0/9/12/46/2046129023_0_170.jpg{69,000{http://www.hyundaihmall.com/front/pda/itemPtc.do?slitmCd=2046129023
2017/04/10 08:15:00{2017/04/10 10:25:00{hmall{의류{J by 리츠 양가죽 베스트{['패션의류', '여성의류', '조끼']{47321011{http://image.hyundaihmall.com/static/0/1/32/47/2047321011_0_170.jpg{248,000{http://www.hyundaihmall.com/front/pda/itemPtc.do?slitmCd=2047321011
2017/04/10 08:15:00{2017/04/10 10:25:00{hmall{의류{J by 끌레 양가죽 와이드 팬츠{['패션의류', '여성의류', '바지']{47320839{http://image.hyundaihmall.com/static/8/0/32/47/2047320839_0_170.jpg{198,000{http://www.hyundaihmall.com/front/pda/itemPtc.do?slitmCd=2047320839
2017/04/10 07:15:00{2017/04/10 08:15:00{hmall{레포츠{험멜 17SS 남성용 멀티액션 트랙수트 패키지{['패션의류', '남성의류', '트레이닝복']{47077828{http://image.hyundaihmall.com/static/8/7/07/47/2047077828_0_170.jpg{89,000{http://www.hyundaihmall.com/front/pda/itemPtc.do?slitmCd=2047077828
2017/04/10 07:15:00{2017/04/10 08:15:00{hmall{레포츠{험멜 17SS 여성용 멀티액션 트랙수트 패키지{['패션의류', '여성의류', '트레이닝복']{47078316{http://image.hyundaihmall.com/static/3/8/07/47/2047078316_0_170.jpg{89,000{http://www.hyundaihmall.com/front/pda/itemPtc.do?slitmCd=2047078316
2017/04/10 06:15:00{2017/04/10 07:15:00{hmall{속옷{하나유메 란제리 실속패키지 헴런닝탑 (총3세트){['패션의류', '여성언더웨어/잠옷', '브라팬티세트']{48791951{http://image.hyundaihmall.com/static/9/1/79/48/2048791951_0_170.jpg{59,900{http://www.hyundaihmall.com/front/pda/itemPtc.do?slitmCd=2048791951
2017/04/10 06:15:00{2017/04/10 07:15:00{hmall{속옷{하나유메 란제리 실속패키지 라이크라조끼형 (총3세트){['패션의류', '여성언더웨어/잠옷', '브라팬티세트']{48791910{http://image.hyundaihmall.com/static/9/1/79/48/2048791910_0_170.jpg{59,900{http://www.hyundaihmall.com/front/pda/itemPtc.do?slitmCd=2048791910
2017/04/10 00:15:00{2017/04/10 00:55:00{hnsmall{{Milano#41 하이웨스트 레이시업 팬티 패키지 1차(8종){['패션의류', '여성언더웨어/잠옷', '팬티']{12567441{http://image.hnsmall.com/images/goods/441/12567441_g.png{79,900{http://www.hnsmall.com/display/goods.do?goods_code=12567441
2017/04/10 00:15:00{2017/04/10 00:55:00{hnsmall{{Milano#41 압박스타킹 패키지 1차(8종){['패션잡화', '패션소품', '스타킹', '압박보정스타킹']{12640287{http://image.hnsmall.com/images/goods/287/12640287_g.png{79,900{http://www.hnsmall.com/display/goods.do?goods_code=12640287
2017/04/10 00:15:00{2017/04/10 00:55:00{hnsmall{{Milano#41 하이웨스트 레이시업 팬티 패키지 1차(1종){['패션의류', '여성언더웨어/잠옷', '팬티']{12567783{http://image.hnsmall.com/images/goods/783/12567783_g.png{40,000{http://www.hnsmall.com/display/goods.do?goods_code=12567783
2017/04/10 00:55:00{2017/04/10 01:35:00{hnsmall{{아미니 NEW시크릿 뷰티 클린겔 세트{['화장품/미용', '바디케어', '여성청결제']{12617992{http://image.hnsmall.com/images/goods/992/12617992_g.png{69,000{http://www.hnsmall.com/display/goods.do?goods_code=12617992
2017/04/10 01:35:00{2017/04/10 02:15:00{hnsmall{{[소개] 초등공부 절대강자 아이스크림 홈런{  {12507109{http://image.hnsmall.com/images/goods/109/12507109_g.png{0{http://www.hnsmall.com/display/goods.do?goods_code=12507109
2017/04/10 02:15:00{2017/04/10 02:55:00{hnsmall{{신데렐라스토리 마스카라 시즌3{['화장품/미용', '색조메이크업', '마스카라']{12522867{http://image.hnsmall.com/images/goods/867/12522867_g.png{69,000{http://www.hnsmall.com/display/goods.do?goods_code=12522867
2017/04/10 02:55:00{2017/04/10 03:35:00{hnsmall{{[미키미알리] 엘도라 백 3종{['패션잡화', '남성신발']{12622411{http://image.hnsmall.com/images/goods/411/12622411_g.png{55,000{http://www.hnsmall.com/display/goods.do?goods_code=12622411
2017/04/10 03:35:00{2017/04/10 04:35:00{hnsmall{{[헤스떼벨] 퍼펙트 오픈업 올 지퍼 쉐이퍼 3세트{['패션의류', '여성언더웨어/잠옷', '브라팬티세트']{12639819{http://image.hnsmall.com/images/goods/819/12639819_g.png{139,900{http://www.hnsmall.com/display/goods.do?goods_code=12639819
2017/04/10 03:35:00{2017/04/10 04:35:00{hnsmall{{[헤스떼벨] 퍼펙트 오픈업 올 지퍼 쉐이퍼 1세트{['패션의류', '여성언더웨어/잠옷', '보정속옷', '보정속옷세트']{12651800{http://image.hnsmall.com/images/goods/800/12651800_g.png{90,000{http://www.hnsmall.com/display/goods.do?goods_code=12651800
2017/04/10 04:35:00{2017/04/10 05:15:00{hnsmall{{참존 디에이지 리미티드 블랙에디션 패키지{['화장품/미용', '스킨케어', '화장품세트']{12637627{http://image.hnsmall.com/images/goods/627/12637627_g.png{80,000{http://www.hnsmall.com/display/goods.do?goods_code=12637627
2017/04/10 05:15:00{2017/04/10 06:10:00{hnsmall{{(더블)홈수방 분리형 요패드{['가구/인테리어', '침구단품', '패드', '더블/퀸/킹패드']{12628655{http://image.hnsmall.com/images/goods/655/12628655_g.png{89,000{http://www.hnsmall.com/display/goods.do?goods_code=12628655
2017/04/10 05:15:00{2017/04/10 06:10:00{hnsmall{{(싱글)홈수방 분리형 요패드{['가구/인테리어', '침구단품', '패드', '싱글/슈퍼싱글패드']{12635558{http://image.hnsmall.com/images/goods/558/12635558_g.png{59,000{http://www.hnsmall.com/display/goods.do?goods_code=12635558
2017/04/10 06:10:00{2017/04/10 06:50:00{hnsmall{{(110P) 신개념 걸리버 논슬립 옷걸이{['생활/건강', '수납/정리용품', '옷걸이', '일반옷걸이']{12617287{http://image.hnsmall.com/images/goods/287/12617287_g.png{39,800{http://www.hnsmall.com/display/goods.do?goods_code=12617287
2017/04/10 06:10:00{2017/04/10 06:50:00{hnsmall{{(50P) 신개념 걸리버 논슬립 옷걸이{['생활/건강', '수납/정리용품', '옷걸이', '일반옷걸이']{12610394{http://image.hnsmall.com/images/goods/394/12610394_g.png{29,800{http://www.hnsmall.com/display/goods.do?goods_code=12610394
2017/04/10 06:10:00{2017/04/10 06:50:00{hnsmall{{(100P) 신개념 걸리버 논슬립 옷걸이{['생활/건강', '수납/정리용품', '옷걸이', '일반옷걸이']{12460475{http://image.hnsmall.com/images/goods/475/12460475_g.png{39,800{http://www.hnsmall.com/display/goods.do?goods_code=12460475
2017/04/10 06:50:00{2017/04/10 07:30:00{hnsmall{{[비버리힐즈폴로클럽](여성)소가죽 클래식 로퍼{['패션잡화', '여성신발', '단화', '로퍼']{12655389{http://image.hnsmall.com/images/goods/389/12655389_g.png{39,000{http://www.hnsmall.com/display/goods.do?goods_code=12655389
2017/04/10 06:50:00{2017/04/10 07:30:00{hnsmall{{[비버리힐즈폴로클럽](남성)소가죽 데일리 캐주얼화{['패션잡화', '남성신발', '정장구두']{12655475{http://image.hnsmall.com/images/goods/475/12655475_g.png{49,000{http://www.hnsmall.com/display/goods.do?goods_code=12655475
2017/04/10 07:30:00{2017/04/10 08:10:00{hnsmall{{(50%세일)세제혁명지엘(파격구성 1.3리터 X 10병){  {12532759{http://image.hnsmall.com/images/goods/759/12532759_g.png{39,900{http://www.hnsmall.com/display/goods.do?goods_code=12532759
2017/04/10 07:30:00{2017/04/10 08:10:00{hnsmall{{[유아전용세탁세제] 슈맘 750ml6통 총 4.5kg{  {12416720{http://image.hnsmall.com/images/goods/720/12416720_g.png{43,800{http://www.hnsmall.com/display/goods.do?goods_code=12416720
2017/04/10 07:30:00{2017/04/10 08:10:00{hnsmall{{무형광 세탁망 5종세트(세탁망3종 +수세미 2종){['생활/건강', '세탁용품', '세탁망']{12210346{http://image.hnsmall.com/images/goods/346/12210346_g.png{16,900{http://www.hnsmall.com/display/goods.do?goods_code=12210346
2017/04/10 07:30:00{2017/04/10 08:10:00{hnsmall{{[보온혁명] 겨울을 따뜻하게! 와이드 캡슐에어캡(1m×2m) 10롤+분무기까지!{['생활/건강', '생활용품', '생활잡화', '단열시트']{11971342{http://image.hnsmall.com/images/goods/342/11971342_g.png{15,900{http://www.hnsmall.com/display/goods.do?goods_code=11971342
2017/04/10 08:10:00{2017/04/10 09:30:00{hnsmall{{ign 프리지아 에디션 블라우스 4종 + 스카프 1종{['패션의류', '여성의류', '블라우스/셔츠']{12627270{http://image.hnsmall.com/images/goods/270/12627270_g.png{69,000{http://www.hnsmall.com/display/goods.do?goods_code=12627270
2017/04/10 08:10:00{2017/04/10 09:30:00{hnsmall{{ign 슬림핏 라이크라 데님팬츠 3종{['패션의류', '여성의류', '청바지']{12655321{http://image.hnsmall.com/images/goods/321/12655321_g.png{59,000{http://www.hnsmall.com/display/goods.do?goods_code=12655321
2017/04/10 09:30:00{2017/04/10 10:10:00{hnsmall{{(8종) 세렌셉텝버 리빙박스{['생활/건강', '청소용품', '기타청소용품']{12552427{http://image.hnsmall.com/images/goods/427/12552427_g.png{59,800{http://www.hnsmall.com/display/goods.do?goods_code=12552427
2017/04/10 09:30:00{2017/04/10 10:10:00{hnsmall{{(4종) 세렌셉텝버 리빙박스{['생활/건강', '청소용품', '기타청소용품']{12552426{http://image.hnsmall.com/images/goods/426/12552426_g.png{39,800{http://www.hnsmall.com/display/goods.do?goods_code=12552426
2017/04/10 10:10:00{2017/04/10 10:50:00{hnsmall{{(성인120매) 지앤코스 KF94 황사방역마스크{  {12628786{http://image.hnsmall.com/images/goods/786/12628786_g.png{74,600{http://www.hnsmall.com/display/goods.do?goods_code=12628786
2017/04/10 10:10:00{2017/04/10 10:50:00{hnsmall{{(성인60매+아동60매) 지앤코스 KF94 황사방역마스크{  {12628802{http://image.hnsmall.com/images/goods/802/12628802_g.png{74,600{http://www.hnsmall.com/display/goods.do?goods_code=12628802
2017/04/10 10:10:00{2017/04/10 10:50:00{hnsmall{{(성인60매) 지앤코스 KF94 황사방역마스크{  {12629299{http://image.hnsmall.com/images/goods/299/12629299_g.png{39,900{http://www.hnsmall.com/display/goods.do?goods_code=12629299
2017/04/10 10:50:00{2017/04/10 11:30:00{hnsmall{{아너스 물걸레청소기 (극세사걸레6장){['생활/건강', '청소용품', '회전청소기']{12485459{http://image.hnsmall.com/images/goods/459/12485459_g.png{159,000{http://www.hnsmall.com/display/goods.do?goods_code=12485459
2017/04/10 11:30:00{2017/04/10 12:10:00{hnsmall{{모나리자 화장지 세트 [천연펄프 108롤 모나리자 빅앤소프트 36롤X3팩]{['생활/건강', '생활용품', '화장지', '롤화장지']{12494442{http://image.hnsmall.com/images/goods/442/12494442_g.png{35,900{http://www.hnsmall.com/display/goods.do?goods_code=12494442
2017/04/10 11:30:00{2017/04/10 12:10:00{hnsmall{{모나리자 빅앤소프트 36롤{['생활/건강', '생활용품', '화장지', '롤화장지']{12494443{http://image.hnsmall.com/images/goods/443/12494443_g.png{21,900{http://www.hnsmall.com/display/goods.do?goods_code=12494443
2017/04/10 11:30:00{2017/04/10 12:10:00{hnsmall{{모나리자 미용티슈 세트 1박스(180매) X 24박스{['생활/건강', '생활용품', '화장지', '각티슈']{12534289{http://image.hnsmall.com/images/goods/289/12534289_g.png{22,900{http://www.hnsmall.com/display/goods.do?goods_code=12534289
2017/04/10 11:30:00{2017/04/10 12:10:00{hnsmall{{[인기 최다구성][100매X10팩 총 1,000매] 모나리자 소프트앤마일드 (10팩){['생활/건강', '생활용품', '화장지', '롤화장지']{12496473{http://image.hnsmall.com/images/goods/473/12496473_g.png{11,900{http://www.hnsmall.com/display/goods.do?goods_code=12496473
2017/04/10 11:30:00{2017/04/10 12:10:00{hnsmall{{모나리자 복합세트 [모나리자 빅앤소프트 36롤X2팩+ 미용티슈 6박스+키친타올 2팩+물티슈 5팩]{['생활/건강', '생활용품', '화장지', '각티슈']{12534804{http://image.hnsmall.com/images/goods/804/12534804_g.png{35,900{http://www.hnsmall.com/display/goods.do?goods_code=12534804
2017/04/10 12:10:00{2017/04/10 12:50:00{hnsmall{{이자녹스 셀레니엄 럭셔리패키지{  {12596389{http://image.hnsmall.com/images/goods/389/12596389_g.png{137,000{http://www.hnsmall.com/display/goods.do?goods_code=12596389
2017/04/10 12:50:00{2017/04/10 13:30:00{hnsmall{{[수납의 마법사] 자동 요술압축팩 (30종 - 이불용, 의류용 등 필수품목 포함){['생활/건강', '수납/정리용품', '압축팩']{12614074{http://image.hnsmall.com/images/goods/074/12614074_g.png{54,800{http://www.hnsmall.com/display/goods.do?goods_code=12614074
2017/04/10 13:30:00{2017/04/10 14:10:00{hnsmall{{올가 플러스 선스틱 패키지{['화장품/미용', '선케어']{12650567{http://image.hnsmall.com/images/goods/567/12650567_g.png{69,900{http://www.hnsmall.com/display/goods.do?goods_code=12650567
2017/04/10 14:10:00{2017/04/10 14:50:00{hnsmall{{[에꼴드파리] 봄 뉴베이직 모던 팬츠 4종{['패션의류', '여성의류', '바지']{12625491{http://image.hnsmall.com/images/goods/491/12625491_g.png{79,900{http://www.hnsmall.com/display/goods.do?goods_code=12625491
2017/04/10 14:50:00{2017/04/10 15:30:00{hnsmall{{셀럽바이재클린 단백질 트리트먼트 파이널 패키지{['화장품/미용', '헤어케어', '트리트먼트']{12574198{http://image.hnsmall.com/images/goods/198/12574198_g.png{76,800{http://www.hnsmall.com/display/goods.do?goods_code=12574198
2017/04/10 15:30:00{2017/04/10 16:10:00{hnsmall{{깔끄미 뜯어쓰는 수세미 1+1세트{['생활/건강', '주방용품', '주방잡화', '수세미']{12650974{http://image.hnsmall.com/images/goods/974/12650974_g.png{39,800{http://www.hnsmall.com/display/goods.do?goods_code=12650974
2017/04/10 15:30:00{2017/04/10 16:10:00{hnsmall{{깔끄미 뜯어쓰는 수세미 1세트{['생활/건강', '주방용품', '주방잡화', '수세미']{12572175{http://image.hnsmall.com/images/goods/175/12572175_g.png{29,800{http://www.hnsmall.com/display/goods.do?goods_code=12572175
2017/04/10 16:10:00{2017/04/10 16:50:00{hnsmall{{[무려 60장!] 미식가 이현우의 일품 떡갈비{['식품', '음료', '차류']{12334686{http://image.hnsmall.com/images/goods/686/12334686_g.png{59,900{http://www.hnsmall.com/display/goods.do?goods_code=12334686
2017/04/10 16:50:00{2017/04/10 17:30:00{hnsmall{{베리떼 오로라 커버 쿠션 세트{['화장품/미용', '베이스메이크업', '파운데이션', '쿠션형']{12645102{http://image.hnsmall.com/images/goods/102/12645102_g.png{80,000{http://www.hnsmall.com/display/goods.do?goods_code=12645102
2017/04/10 17:30:00{2017/04/10 18:10:00{hnsmall{{한우물 볶음밥 5종세트(총25팩) (랍스터5팩+소불고기5팩+잡채5팩+곤드레5팩+무교동식낙지5팩){['식품', '가공식품', '즉석밥']{12603224{http://image.hnsmall.com/images/goods/224/12603224_g.png{49,900{http://www.hnsmall.com/display/goods.do?goods_code=12603224
2017/04/10 18:10:00{2017/04/10 18:50:00{hnsmall{{본죽 장조림 15팩 (본쇠고기+본쇠고기메추리알){['식품', '반찬', '장조림']{12418979{http://image.hnsmall.com/images/goods/979/12418979_g.png{59,900{http://www.hnsmall.com/display/goods.do?goods_code=12418979
2017/04/10 18:10:00{2017/04/10 18:50:00{hnsmall{{[본죽] 전복버섯죽 8팩 + 오징어초무침 1팩{['식품', '가공식품', '죽']{12418992{http://image.hnsmall.com/images/goods/992/12418992_g.png{32,900{http://www.hnsmall.com/display/goods.do?goods_code=12418992
2017/04/10 18:10:00{2017/04/10 18:50:00{hnsmall{{[본죽] 쇠고기죽 8팩 + 오징어초무침 1팩{['식품', '가공식품', '죽']{12418985{http://image.hnsmall.com/images/goods/985/12418985_g.png{31,900{http://www.hnsmall.com/display/goods.do?goods_code=12418985
2017/04/10 18:10:00{2017/04/10 18:50:00{hnsmall{{[본죽] 통단팥죽 8팩 +오징어초무침 1팩{['식품', '가공식품', '죽']{12418999{http://image.hnsmall.com/images/goods/999/12418999_g.png{31,900{http://www.hnsmall.com/display/goods.do?goods_code=12418999
2017/04/10 18:50:00{2017/04/10 19:30:00{hnsmall{{[이누스] 안심 물청소 방수 비데 IS-H27C{  {12576363{http://image.hnsmall.com/images/goods/363/12576363_g.png{199,000{http://www.hnsmall.com/display/goods.do?goods_code=12576363
2017/04/10 18:50:00{2017/04/10 19:30:00{hnsmall{{[이누스] 안심 물청소 방수 비데 1+1{  {12576364{http://image.hnsmall.com/images/goods/364/12576364_g.png{388,000{http://www.hnsmall.com/display/goods.do?goods_code=12576364
2017/04/10 18:50:00{2017/04/10 19:30:00{hnsmall{{이누스 비데필터 (6개-3년분){['생활/건강', '욕실용품', '비데/비데용품', '전자식비데']{12592245{http://image.hnsmall.com/images/goods/245/12592245_g.png{30,000{http://www.hnsmall.com/display/goods.do?goods_code=12592245
2017/04/10 18:50:00{2017/04/10 19:30:00{hnsmall{{이누스 매직 폴더 샤워 헤드{['생활/건강', '욕실용품', '샤워기/수전용품', '샤워기']{12644536{http://image.hnsmall.com/images/goods/536/12644536_g.png{29,000{http://www.hnsmall.com/display/goods.do?goods_code=12644536
2017/04/10 19:30:00{2017/04/10 20:10:00{hnsmall{{NEW 아이오페 인텐스 모이스쳐 바이탈라이징 세트{['화장품/미용', '스킨케어', '화장품세트']{12645834{http://image.hnsmall.com/images/goods/834/12645834_g.png{136,000{http://www.hnsmall.com/display/goods.do?goods_code=12645834
2017/04/10 20:10:00{2017/04/10 20:50:00{hnsmall{{아미니 바디워시 (전고객 브러쉬 2종){['화장품/미용', '바디케어', '바디클렌저']{12656058{http://image.hnsmall.com/images/goods/058/12656058_g.png{79,000{http://www.hnsmall.com/display/goods.do?goods_code=12656058
2017/04/10 20:50:00{2017/04/10 21:30:00{hnsmall{{[페리젠슨]17년 S/S 스마트 린넨셔츠 3종(남){['패션의류', '남성의류', '셔츠/남방']{12654764{http://image.hnsmall.com/images/goods/764/12654764_g.png{79,000{http://www.hnsmall.com/display/goods.do?goods_code=12654764
2017/04/10 20:50:00{2017/04/10 21:30:00{hnsmall{{[페리젠슨]17년 S/S 스마트 블라우스 3종(여){['패션의류', '여성의류', '블라우스/셔츠']{12654769{http://image.hnsmall.com/images/goods/769/12654769_g.png{79,000{http://www.hnsmall.com/display/goods.do?goods_code=12654769
2017/04/10 21:30:00{2017/04/10 22:10:00{hnsmall{{[렌탈] 바디프랜드 안마의자(1702){  {12575511{http://image.hnsmall.com/images/goods/511/12575511_g.png{0{http://www.hnsmall.com/display/goods.do?goods_code=12575511
2017/04/10 22:10:00{2017/04/10 22:50:00{hnsmall{{황성주 국산콩 두유 세트 (총 100팩 / 검은콩고칼슘 + 호두아몬드 + 검은콩과17곡){['식품', '가공식품', '두유']{12529019{http://image.hnsmall.com/images/goods/019/12529019_g.png{50,900{http://www.hnsmall.com/display/goods.do?goods_code=12529019
2017/04/10 22:10:00{2017/04/10 22:50:00{hnsmall{{황성주 국산콩 두유 (검은콩 고칼슘 두유 100팩){['식품', '가공식품', '두유']{12597339{http://image.hnsmall.com/images/goods/339/12597339_g.png{50,900{http://www.hnsmall.com/display/goods.do?goods_code=12597339
2017/04/10 22:50:00{2017/04/10 23:30:00{hnsmall{{[해리메이슨] 선글라스 3종 세트 - 17년 SS 오션 컬렉션{['패션잡화', '선글라스/안경테', '선글라스']{12624410{http://image.hnsmall.com/images/goods/410/12624410_g.png{149,000{http://www.hnsmall.com/display/goods.do?goods_code=12624410
2017/04/10 22:50:00{2017/04/10 23:30:00{hnsmall{{[해리메이슨] 제롬 선글라스 - 17년 SS 오션 컬렉션{['패션잡화', '선글라스/안경테', '선글라스']{12646336{http://image.hnsmall.com/images/goods/336/12646336_g.png{129,000{http://www.hnsmall.com/display/goods.do?goods_code=12646336
2017/04/10 22:50:00{2017/04/10 23:30:00{hnsmall{{[해리메이슨] 셀리나 선글라스 - 17년 SS 오션 컬렉션{['패션잡화', '선글라스/안경테', '선글라스']{12646338{http://image.hnsmall.com/images/goods/338/12646338_g.png{129,000{http://www.hnsmall.com/display/goods.do?goods_code=12646338
2017/04/10 22:50:00{2017/04/10 23:30:00{hnsmall{{[해리메이슨] 린다 선글라스 - 17년 SS 오션 컬렉션{['패션잡화', '선글라스/안경테', '선글라스']{12646340{http://image.hnsmall.com/images/goods/340/12646340_g.png{129,000{http://www.hnsmall.com/display/goods.do?goods_code=12646340
2017/04/10 23:30:00{2017/04/10 00:10:00{hnsmall{{[렌탈]쿠쿠 공기청정기 2017형{  {12625708{http://image.hnsmall.com/images/goods/708/12625708_g.png{0{http://www.hnsmall.com/display/goods.do?goods_code=12625708
2017/04/10 01:00:00{2017/04/10 02:00:00{lotte{{이브라 시스템 렌탈{  {12538680{http://image2.lotteimall.com/goods/80/86/53/12538680_H1.jpg{{http://www.lotteimall.com/goods/viewGoodsDetail.lotte?goods_no=12538680
2017/04/10 02:00:00{2017/04/10 03:00:00{lotte{{[CHANTY] 샹티 란제리 14차 브라팬티 19종{['패션의류', '여성언더웨어/잠옷', '브라팬티세트']{12534738{http://image2.lotteimall.com/goods/38/47/53/12534738_H1.jpg{179,000원{http://www.lotteimall.com/goods/viewGoodsDetail.lotte?goods_no=12534738
2017/04/10 03:00:00{2017/04/10 03:30:00{lotte{{{  {img{http://image2.lotteimall.com/goods///g/img_H1.jpg{{http://www.lotteimall.com/goods/viewGoodsDetail.lotte?goods_no=img
2017/04/10 03:30:00{2017/04/10 04:15:00{lotte{{●두쏠뷰티 컬앤볼륨크림 (컬앤볼륨크림 120ml*3ea+컬앤볼륨크림 50ml*3ea+키친아트 스텐 반찬통 3종){['화장품/미용', '헤어케어']{12537925{http://image2.lotteimall.com/goods/25/79/53/12537925_H1.jpg{69,800원{http://www.lotteimall.com/goods/viewGoodsDetail.lotte?goods_no=12537925
2017/04/10 04:15:00{2017/04/10 05:05:00{lotte{{스텐하우스 스텐밀폐용기 핸디형 1+1 세트(총18개) (사은품: 도마3종){['생활/건강', '주방용품', '보관/밀폐용기', '스텐용기']{12534053{http://image2.lotteimall.com/goods/53/40/53/12534053_H1.jpg{149,000원{http://www.lotteimall.com/goods/viewGoodsDetail.lotte?goods_no=12534053
2017/04/10 05:05:00{2017/04/10 06:15:00{lotte{{이경제 녹용진액 3병(100g*3병, 총 300g, 약 4개월분){['식품', '건강식품', '건강즙']{12513572{http://image2.lotteimall.com/goods/72/35/51/12513572_H1.jpg{300,000원{http://www.lotteimall.com/goods/viewGoodsDetail.lotte?goods_no=12513572
2017/04/10 06:15:00{2017/04/10 07:35:00{lotte{{[FILA][남성] 17년 휠라 프리모션 썸머셔츠 3종{['패션의류', '남성의류', '티셔츠']{12538043{http://image2.lotteimall.com/goods/43/80/53/12538043_H1.jpg{119,000원{http://www.lotteimall.com/goods/viewGoodsDetail.lotte?goods_no=12538043
2017/04/10 07:35:00{2017/04/10 08:50:00{lotte{{W 정수기 / 탄산수기 렌탈{['디지털/가전', '주방가전', '정수기', '냉온정수기']{12512243{http://image2.lotteimall.com/goods/43/22/51/12512243_H1.jpg{{http://www.lotteimall.com/goods/viewGoodsDetail.lotte?goods_no=12512243
2017/04/10 08:50:00{2017/04/10 10:00:00{lotte{{[엘지생활건강] 핑크에디션 수려한 진생녹용 콜라겐 세트{['화장품/미용', '스킨케어', '화장품세트']{12539107{http://image2.lotteimall.com/goods/07/91/53/12539107_H1.jpg{158,000원{http://www.lotteimall.com/goods/viewGoodsDetail.lotte?goods_no=12539107
2017/04/10 10:00:00{2017/04/10 11:15:00{lotte{{발로 파워젤 (세제 2L*4ea + 세제 1.8L*4ea + 주방세제500ml*2개  + 세제 39ml*8개){['생활/건강', '생활용품', '세제/세정제', '일반주방세제']{12538605{http://image2.lotteimall.com/goods/05/86/53/12538605_H1.jpg{82,800원{http://www.lotteimall.com/goods/viewGoodsDetail.lotte?goods_no=12538605
2017/04/10 11:15:00{2017/04/10 12:30:00{lotte{{||한샘 유로||올인원 하이클래스 시스템 키친 2.4m{['가구/인테리어', '주방가구', '싱크대']{12538008{http://image2.lotteimall.com/goods/08/80/53/12538008_H1.jpg{2,299,000원{http://www.lotteimall.com/goods/viewGoodsDetail.lotte?goods_no=12538008
2017/04/10 12:30:00{2017/04/10 13:45:00{lotte{{[DermaFix] 더마픽스 콜라겐 프로그램 (리얼 콜라겐100×60pcs + 콜라겐 액티베이터 20ml×10){['화장품/미용', '마스크/팩', '마스크시트']{12538341{http://image2.lotteimall.com/goods/41/83/53/12538341_H1.jpg{149,000원{http://www.lotteimall.com/goods/viewGoodsDetail.lotte?goods_no=12538341
2017/04/10 13:45:00{2017/04/10 16:10:00{lotte{{ARTICO 아르티코 썸머 윈디 셔링 자켓{['패션의류', '여성의류', '재킷']{12537663{http://image2.lotteimall.com/goods/63/76/53/12537663_H1.jpg{79,000원{http://www.lotteimall.com/goods/viewGoodsDetail.lotte?goods_no=12537663
2017/04/10 16:10:00{2017/04/10 17:10:00{lotte{{에이스화재 나만의 맞춤 암보험(일반){  {12536047{http://image2.lotteimall.com/goods/47/60/53/12536047_H1.jpg{{http://www.lotteimall.com/goods/viewGoodsDetail.lotte?goods_no=12536047
2017/04/10 17:10:00{2017/04/10 17:30:00{lotte{{{  {img{http://image2.lotteimall.com/goods///g/img_H1.jpg{{http://www.lotteimall.com/goods/viewGoodsDetail.lotte?goods_no=img
2017/04/10 17:30:00{2017/04/10 18:25:00{lotte{{[코타키나발루][5/7 - 5/31, 6/7 - 6/30 (토일월화)출발]초특급호텔+호핑투어+키나발루국립공원 코타키나발루 5일(성인){['여행/문화', '여행/항공권', '해외여행']{12539179{http://image2.lotteimall.com/goods/79/91/53/12539179_H1.jpg{499,000원{http://www.lotteimall.com/goods/viewGoodsDetail.lotte?goods_no=12539179
2017/04/10 18:25:00{2017/04/10 19:25:00{lotte{{[하노이][5/8 - 5/31(매일),   6/5 - 6/30 (매일),  9/1 - 9/26 (매일)출발]특급호텔+닌빈번농+스트릿카 하노이/닌빈/하롱베이5일(성인/아동){['여행/문화', '여행/항공권', '해외여행']{12539075{http://image2.lotteimall.com/goods/75/90/53/12539075_H1.jpg{379,000원{http://www.lotteimall.com/goods/viewGoodsDetail.lotte?goods_no=12539075
2017/04/10 19:25:00{2017/04/10 20:25:00{lotte{{대한민국 No.1 롯데렌터카{  {12538621{http://image2.lotteimall.com/goods/21/86/53/12538621_H1.jpg{{http://www.lotteimall.com/goods/viewGoodsDetail.lotte?goods_no=12538621
2017/04/10 20:25:00{2017/04/10 21:30:00{lotte{{[푸마][남성] 17 썸머 쿨맥스-프로 100 셔츠 3종{['패션의류', '남성의류', '티셔츠']{12538559{http://image2.lotteimall.com/goods/59/85/53/12538559_H1.jpg{119,000원{http://www.lotteimall.com/goods/viewGoodsDetail.lotte?goods_no=12538559
2017/04/10 21:30:00{2017/04/10 22:35:00{lotte{{[FILA][남성] 17년 썸머 FILA 프리모션 Cool-Flex 팬츠 3종 SET{['스포츠/레저', '수영', '비치웨어']{12538011{http://image2.lotteimall.com/goods/11/80/53/12538011_H1.jpg{159,000원{http://www.lotteimall.com/goods/viewGoodsDetail.lotte?goods_no=12538011
2017/04/10 22:35:00{2017/04/10 23:50:00{lotte{{나무하나 MASTER TROLLEY 스니커즈{['패션잡화', '여성신발', '단화', '스니커즈']{12534166{http://image2.lotteimall.com/goods/66/41/53/12534166_H1.jpg{199,000원{http://www.lotteimall.com/goods/viewGoodsDetail.lotte?goods_no=12534166
2017/04/10 23:50:00{2017/04/10 01:00:00{lotte{{JOCKEY 쟈키 슈퍼볼륨 브라팬티{['패션의류', '여성언더웨어/잠옷', '브라팬티세트']{12539219{http://image2.lotteimall.com/goods/19/92/53/12539219_H1.jpg{169,000원{http://www.lotteimall.com/goods/viewGoodsDetail.lotte?goods_no=12539219
